time,RGLTMED,RRF,RADDLONG,RBF,RTA,RGM
0.000752,-0.0157167948782444,-0.03311207890510559,-0.01724269613623619,0.0157167911529541,-0.05661097168922424,0.013580527156591415
0.001752,-0.006866562180221081,-0.013580531813204288,-0.029144734144210815,0.0032043922692537308,-0.01174944918602705,-0.009308005683124065
0.002752,-0.023956667631864548,-0.02700847014784813,-0.027924012392759323,-0.005340659990906715,0.005645835772156715,0.02700846642255783
0.003752,-0.012359810061752796,-0.03616388514637947,-0.01480125356465578,-0.0007629534229636192,-0.009613186120986938,0.007171737961471081
0.004752,-0.01754787750542164,-0.02212558314204216,-0.0007629534229636192,-0.003204396925866604,0.02212557941675186,0.021820399910211563
0.005752,-0.016327155753970146,-0.00015259254723787308,0.014496068470180035,-0.0007629534229636192,0.013580527156591415,0.014496068470180035
0.006752,-0.02059968188405037,-0.0318913571536541,0.02731364592909813,-0.013580531813204288,0.0019836705178022385,0.013580527156591415
0.007752,-0.010223546996712685,-0.015106434002518654,0.02212557941675186,-0.008392464369535446,0.0080872792750597,0.013580527156591415
0.008752,-0.0157167948782444,-0.020904861390590668,-0.02029450237751007,0.017242692410945892,-0.0010681338608264923,0.01754787191748619
0.009752,-0.018158238381147385,-0.017853058874607086,-0.03646906465291977,-0.0028992164880037308,0.0080872792750597,0.0080872792750597
0.010752,-0.019684139639139175,-0.03952086716890335,0.0028992118313908577,-0.027618832886219025,0.005645835772156715,-0.006561381742358208
0.011751999999999999,-0.03006027638912201,-0.009002825245261192,0.0648508369922638,0.000152587890625,0.0007629487663507462,0.01113908365368843
0.012752,-0.01083390787243843,-0.038605328649282455,0.16525520384311676,0.008392459712922573,-0.011139088310301304,0.01785305328667164
0.013752,-0.012359810061752796,-0.024567026644945145,0.1884489208459854,0.014801248908042908,0.0010681292042136192,0.013275346718728542
0.014752,-0.0236514862626791,-0.012359810061752796,-0.14908064901828766,0.004730294458568096,-0.00869764480739832,0.010528722777962685
0.015752,-0.024872208014130592,-0.03311207890510559,-0.17166399955749512,0.005035474896430969,-0.0028992164880037308,0.040741585195064545
0.016752,-0.01754787750542164,-0.051422905176877975,0.021210037171840668,0.024872202426195145,-0.07431143522262573,0.006561377085745335
0.017752,-0.009613186120986938,-0.023956667631864548,0.06851300597190857,-0.02700847014784813,-0.012054629623889923,-0.01876859925687313
0.018752,-0.021515224128961563,-0.015106434002518654,0.02243075892329216,0.0080872792750597,-0.003509577363729477,-0.0077821034938097
0.019752,0.0022888509556651115,-0.01754787750542164,-0.10360875725746155,-0.0028992164880037308,0.000152587890625,0.012664985843002796
0.020752,-0.04135195165872574,-0.02975509501993656,-0.06698711216449738,-0.021210042759776115,0.005340655334293842,0.012664985843002796
0.021752,-0.027924012392759323,-0.0474555604159832,-0.04898146167397499,0.010528722777962685,-0.0059510208666324615,-0.010223546996712685
0.022751999999999998,0.10208285599946976,-0.1264972984790802,0.018158234655857086,-0.07156481593847275,-0.02059968188405037,-0.05416952818632126
0.023752,-0.03921568766236305,0.3147936165332794,-0.062714584171772,0.1579308807849884,0.004425114020705223,0.054779887199401855
0.024752,-0.012054629623889923,-0.09842069447040558,-0.1423666775226593,-0.02670329064130783,0.05416952446103096,0.16281376779079437
0.025752,-0.0160219743847847,-0.06485084444284439,0.04318302869796753,-0.020904861390590668,0.028229188174009323,0.01113908365368843
0.026752,-0.016327155753970146,-0.009002825245261192,0.07644769549369812,-0.046540018171072006,0.0019836705178022385,-0.030670635402202606
0.027752,-0.016937516629695892,-0.0007629534229636192,0.0639353021979332,0.010528722777962685,-0.00015259254723787308,-0.02059968188405037
0.028752,-0.02182040363550186,-0.024261847138404846,0.007782098837196827,0.0315861739218235,-0.01266499049961567,0.026398105546832085
0.029752,0.0059510162100195885,-0.03341726213693619,-0.08194094896316528,0.012359805405139923,-0.01083390787243843,0.07370107620954514
0.030751999999999998,-0.009002825245261192,-0.049591824412345886,-0.17868314683437347,0.0163271501660347,-0.0025940360501408577,0.018768593668937683
0.031752,-0.04074159264564514,-0.005340659990906715,-0.10482948273420334,-0.005035479553043842,-0.011444268748164177,-0.04928664118051529
0.032752,-0.02822919189929962,-0.029144734144210815,0.18692301213741302,0.0025940313935279846,0.04928663745522499,0.063019759953022
0.033752000000000004,0.024567022919654846,-0.02182040363550186,0.4939345419406891,0.02243075892329216,0.011749444529414177,0.00900282058864832
0.034752000000000005,-0.024872208014130592,-0.030975816771388054,0.4921034574508667,0.021515218541026115,-0.02182040363550186,-0.026092929765582085
0.035752000000000006,-0.022735945880413055,-0.015106434002518654,0.025177383795380592,-0.026398111134767532,-0.008392464369535446,-0.011444268748164177
0.03675200000000001,-0.016937516629695892,-0.012970170937478542,-0.33829250931739807,0.030975811183452606,0.01785305328667164,0.030670631676912308
0.037752,-0.017853058874607086,-0.029144734144210815,-0.47104600071907043,0.019989315420389175,-0.0028992164880037308,0.003814753144979477
0.038752,-0.025787748396396637,-0.04379339516162872,-0.32639047503471375,-0.003204396925866604,0.0080872792750597,0.05844205245375633
0.039752,-0.017853058874607086,-0.019378960132598877,-0.05111772567033768,-0.004425118677318096,-0.02853437326848507,-0.03982605040073395
0.040752000000000003,-0.019378960132598877,-0.030670635402202606,0.08560311049222946,0.006866557523608208,0.005035474896430969,-0.030365455895662308
0.041752000000000004,-0.0318913571536541,-0.02670329064130783,0.0788891389966011,-0.029449913650751114,0.003814753144979477,-0.006256201304495335
0.042752000000000005,-0.048371102660894394,-0.0236514862626791,0.050202179700136185,-0.010528727434575558,-0.012359810061752796,-0.008087283931672573
0.043752000000000006,-0.008087283931672573,-0.014496073126792908,0.03616388142108917,-0.004119938239455223,0.006561377085745335,-0.006866562180221081
0.044752,-0.01907378062605858,-0.03463798016309738,0.06912336498498917,-0.00869764480739832,-0.0025940360501408577,-0.014496073126792908
0.045752,-0.027313651517033577,-0.03433280065655708,0.058136872947216034,-0.04867628216743469,-0.013275351375341415,0.02578774467110634
0.046752,-0.024261847138404846,-0.03280689939856529,0.02883954904973507,0.0007629487663507462,0.0028992118313908577,-0.01174944918602705
0.047752,0.005645835772156715,-0.024872208014130592,-0.016632337123155594,0.00900282058864832,0.004425114020705223,0.039215683937072754
0.048752000000000004,-0.01876859925687313,-0.0160219743847847,0.000152587890625,-0.014496073126792908,0.007171737961471081,-0.00869764480739832
0.049752000000000005,-0.01174944918602705,-0.03006027638912201,0.024872202426195145,-0.009002825245261192,0.0004577683284878731,0.022735940292477608
0.050752000000000005,-0.01724269613623619,-0.0056458404287695885,0.04196230694651604,-0.003204396925866604,0.013580527156591415,0.01907377503812313
0.051752000000000006,-0.03768978640437126,-0.05203326791524887,0.021210037171840668,-0.016327155753970146,-0.0010681338608264923,-0.0007629534229636192
0.05275200000000001,-0.01754787750542164,-0.02548256888985634,-0.003204396925866604,0.007171737961471081,0.01297016628086567,0.018768593668937683
0.053752,-0.02517738938331604,-0.025787748396396637,-0.06515602767467499,0.01510642934590578,0.0007629487663507462,0.01205462496727705
0.054752,-0.019378960132598877,-0.03524834290146828,-0.22842755913734436,0.0013733096420764923,-0.0022888556122779846,0.02731364592909813
0.055752,-0.02853437326848507,-0.03311207890510559,-0.1588464230298996,-0.012054629623889923,0.021210037171840668,0.05722133070230484
0.056752000000000004,-0.006866562180221081,-0.020904861390590668,0.15060654282569885,-0.009308005683124065,-0.0019836751744151115,0.018463414162397385
0.057752000000000005,-0.01174944918602705,-0.009918366558849812,0.29678797721862793,0.007171737961471081,-0.01083390787243843,0.03006027080118656
0.058752000000000006,-0.02548256888985634,0.000152587890625,0.20279240608215332,-0.0059510208666324615,0.005645835772156715,0.0004577683284878731
0.059752000000000006,-0.005035479553043842,-0.008392464369535446,0.04318302869796753,-0.0013733142986893654,-0.012970170937478542,0.023041121661663055
0.060752,-0.021210042759776115,-0.03768978640437126,-0.0801098644733429,-0.003509577363729477,-0.01754787750542164,0.06942854821681976
0.061752,-0.016327155753970146,0.010528722777962685,-0.08712901920080185,-0.0022888556122779846,-0.018463417887687683,-0.01907378062605858
0.062752,-0.02182040363550186,-0.02853437326848507,-0.048371102660894394,0.01937895640730858,0.00411993358284235,0.018768593668937683
0.063752,-0.0160219743847847,-0.05508507043123245,-0.03280689939856529,-0.006561381742358208,0.0019836705178022385,-0.01083390787243843
0.064752,-0.0160219743847847,-0.0160219743847847,0.013275346718728542,-0.011139088310301304,-0.0007629534229636192,0.027924008667469025
0.065752,-0.02029450237751007,0.0022888509556651115,0.023346301168203354,-0.007476923055946827,0.0013733096420764923,-0.033722441643476486
0.066752,-0.0236514862626791,-0.017853058874607086,0.030975811183452606,-0.012054629623889923,-0.009613186120986938,0.005645835772156715
0.067752,-0.0157167948782444,-0.02822919189929962,-0.05325398966670036,-0.007171742618083954,0.0013733096420764923,-0.006866562180221081
0.06875200000000001,-0.010223546996712685,-0.03494316339492798,-0.1252765655517578,-0.005035479553043842,0.0010681292042136192,0.006866557523608208
0.06975200000000001,-0.015106434002518654,-0.01480125356465578,-0.13626307249069214,0.00411993358284235,-0.02182040363550186,0.0160219706594944
0.07075200000000001,-0.02975509501993656,-0.0318913571536541,-0.05691615492105484,0.0032043922692537308,-0.0056458404287695885,0.00411993358284235
0.07175200000000001,-0.020904861390590668,-0.021515224128961563,0.05294880270957947,-0.021515224128961563,-0.009918366558849812,0.000152587890625
0.07275200000000001,-0.013580531813204288,0.0028992118313908577,0.02883954904973507,0.0032043922692537308,0.013580527156591415,0.01205462496727705
0.073752,-0.0160219743847847,-0.021515224128961563,-0.07431143522262573,-0.0016784947365522385,-0.006256201304495335,0.016632331535220146
0.074752,-0.021515224128961563,-0.023346304893493652,-0.06912337243556976,0.024567022919654846,-0.013885712251067162,-0.0013733142986893654
0.075752,-0.02182040363550186,-0.012054629623889923,0.018768593668937683,-0.013275351375341415,0.00411993358284235,0.02731364592909813
0.076752,-0.01907378062605858,-0.07125963270664215,0.07522697746753693,-0.0059510208666324615,0.003509572707116604,-0.009918366558849812
0.077752,-0.0157167948782444,-0.09628443419933319,0.045319292694330215,-0.0077821034938097,-0.0077821034938097,0.010223542340099812
0.078752,-0.013580531813204288,0.0013733096420764923,0.03616388142108917,0.005340655334293842,-0.0010681338608264923,0.006561377085745335
0.079752,0.0007629487663507462,-0.0321965366601944,0.221713587641716,-0.004730299115180969,0.005645835772156715,-0.024872208014130592
0.080752,-0.023041125386953354,-0.022430764511227608,0.20279240608215332,0.0007629487663507462,-0.00381475780159235,0.024872202426195145
0.081752,-0.013580531813204288,0.0022888509556651115,-0.15457388758659363,-0.004730299115180969,0.0016784900799393654,0.016632331535220146
0.082752,-0.01876859925687313,0.023346301168203354,-0.3343251645565033,0.0022888509556651115,-0.009918366558849812,-0.004730299115180969
0.08375200000000001,-0.013580531813204288,-0.021210042759776115,-0.2830548584461212,-0.013275351375341415,0.05111772194504738,0.02853436768054962
0.08475200000000001,-0.0077821034938097,-0.006256201304495335,-0.14602884650230408,0.0059510162100195885,-0.0077821034938097,0.003509572707116604
0.08575200000000001,-0.03463798016309738,-0.024872208014130592,0.05874723196029663,-0.0022888556122779846,-0.03952086716890335,-0.009918366558849812
0.08675200000000001,-0.02182040363550186,0.0163271501660347,0.2067597508430481,0.006561377085745335,-0.04409857466816902,0.017242692410945892
0.08775200000000001,-0.012359810061752796,-0.03311207890510559,0.3184557855129242,-0.0013733142986893654,0.03768978267908096,0.007171737961471081
0.088752,-0.017853058874607086,-0.03311207890510559,0.37460899353027344,-0.02517738938331604,-0.01876859925687313,-0.0010681338608264923
0.089752,-0.021515224128961563,-0.0312809981405735,0.29526206851005554,-0.009918366558849812,-0.013580531813204288,0.01907377503812313
0.090752,-0.017853058874607086,-0.018158238381147385,0.07705806195735931,-0.0056458404287695885,-0.07461661845445633,0.02243075892329216
0.091752,-0.016327155753970146,-0.0477607399225235,-0.22751201689243317,-0.004730299115180969,0.11642633378505707,0.014496068470180035
0.092752,-0.013580531813204288,-0.0633249431848526,-0.3987182378768921,0.004425114020705223,0.04592965543270111,0.008392459712922573
0.093752,-0.01266499049961567,-0.016327155753970146,-0.3044174909591675,0.007476918399333954,0.061188675463199615,0.007476918399333954
0.094752,-0.023346304893493652,0.022735940292477608,-0.14084076881408691,0.015411609783768654,-0.024261847138404846,0.010528722777962685
0.095752,-0.02182040363550186,-0.06759747117757797,-0.08682383596897125,0.0059510162100195885,-0.01480125356465578,0.0032043922692537308
0.096752,-0.012054629623889923,-0.007171742618083954,-0.03982605040073395,0.006866557523608208,0.056305788457393646,0.006866557523608208
0.097752,-0.019378960132598877,-0.057831697165966034,0.037384599447250366,-0.02670329064130783,-0.22842755913734436,-0.191500723361969
0.098752,-0.016327155753970146,-0.006561381742358208,0.04654001444578171,-0.009002825245261192,0.0080872792750597,0.016632331535220146
0.09975200000000001,-0.004730299115180969,-0.02029450237751007,0.010528722777962685,-0.0010681338608264923,0.08346685022115707,0.007476918399333954
0.10075200000000001,-0.01480125356465578,-0.02548256888985634,-0.05081254616379738,-0.011139088310301304,-0.045014116913080215,0.029144730418920517
0.10175200000000001,-0.020904861390590668,-0.04470893740653992,-0.09903105348348618,0.05844205245375633,-0.06149385869503021,0.03006027080118656
0.10275200000000001,-0.02182040363550186,-0.02029450237751007,-0.09719996899366379,0.02059967815876007,-0.008392464369535446,0.026703286916017532
0.10375200000000001,-0.009918366558849812,-0.010223546996712685,0.0950637012720108,0.02548256516456604,0.022735940292477608,0.00411993358284235
0.10475200000000001,-0.009002825245261192,-0.011444268748164177,0.3947508931159973,-0.02853437326848507,0.01907377503812313,-0.01480125356465578
0.105752,-0.016937516629695892,-0.03341726213693619,0.35934996604919434,-0.007476923055946827,0.02578774467110634,0.013580527156591415
0.106752,-0.02212558314204216,-0.026092929765582085,0.16769665479660034,-0.01724269613623619,0.014801248908042908,0.0312809944152832
0.107752,-0.024567026644945145,-0.028839554637670517,0.2684061825275421,-0.009002825245261192,-0.021210042759776115,0.014496068470180035
0.108752,-0.016327155753970146,-0.040131229907274246,0.4460211992263794,-0.008087283931672573,0.0080872792750597,0.0312809944152832
0.109752,-0.015411614440381527,-0.034027621150016785,-0.16067750751972198,-0.003204396925866604,0.02243075892329216,0.05111772194504738
0.110752,-0.0160219743847847,0.0160219706594944,-0.4246585965156555,-0.003509577363729477,0.02090485766530037,0.040436405688524246
0.111752,-0.027924012392759323,-0.02517738938331604,-0.5363546013832092,0.007476918399333954,-0.0315861776471138,-0.006866562180221081
0.112752,-0.021210042759776115,-0.014496073126792908,-0.31235218048095703,-0.0016784947365522385,0.09689478576183319,0.03311207517981529
0.113752,-0.0236514862626791,-0.05081254616379738,0.24826428294181824,0.06179903447628021,-0.046540018171072006,0.005035474896430969
0.114752,-0.021210042759776115,-0.016632337123155594,0.4924086332321167,0.006866557523608208,-0.003509577363729477,0.01937895640730858
0.11575200000000001,-0.015106434002518654,-0.04165713116526604,0.4170290529727936,-0.0013733142986893654,-0.005340659990906715,0.063324935734272
0.11675200000000001,-0.023041125386953354,0.02212557941675186,-0.09964141249656677,-0.02822919189929962,0.014801248908042908,0.04318302869796753
0.11775200000000001,-0.026398111134767532,-0.04592965915799141,-0.5705348253250122,0.023346301168203354,-0.011139088310301304,-0.00015259254723787308
0.11875200000000001,-0.016632337123155594,-0.02182040363550186,-0.5342183709144592,-0.01907378062605858,0.003509572707116604,0.011749444529414177
0.11975200000000001,-0.03799496591091156,-0.03921568766236305,-0.17013809084892273,0.034332796931266785,0.0010681292042136192,-0.034027621150016785
0.120752,-0.046540018171072006,-0.014496073126792908,0.005645835772156715,0.12436102330684662,0.05447470396757126,0.08896009624004364
0.121752,-0.019989321008324623,-0.05264362692832947,-0.05355916917324066,-0.006256201304495335,-0.007171742618083954,0.014496068470180035
0.122752,-0.030975816771388054,-0.07339590042829514,0.1286335587501526,-0.00045777298510074615,0.04196230694651604,-0.03311207890510559
0.123752,-0.037079423666000366,-0.02517738938331604,0.12222476303577423,-0.0794995054602623,-0.01907378062605858,-0.038605328649282455
0.124752,-0.0019836751744151115,0.0022888509556651115,0.10849164426326752,-0.03646906465291977,-0.05874723568558693,-0.024567026644945145
0.125752,-0.01174944918602705,0.007476918399333954,0.07248035073280334,0.043488211929798126,-0.027313651517033577,0.039215683937072754
0.126752,-0.004119938239455223,-0.029144734144210815,-0.08499275147914886,0.03860532492399216,0.027924008667469025,0.05722133070230484
0.127752,-0.009918366558849812,-0.040436409413814545,-0.1115434542298317,-0.004730299115180969,0.01937895640730858,0.05722133070230484
0.128752,-0.0318913571536541,0.0019836705178022385,0.09140153974294662,-0.0016784947365522385,0.030975811183452606,0.05142290145158768
0.129752,-0.0056458404287695885,-0.038605328649282455,0.2058442085981369,0.014190888032317162,-0.004730299115180969,-0.09658960998058319
0.130752,-0.0059510208666324615,-0.030365455895662308,0.23361562192440033,0.026398105546832085,0.0013733096420764923,-0.07034409046173096
0.131752,-0.016937516629695892,-0.035553522408008575,0.18326085805892944,0.005645835772156715,-0.019378960132598877,-0.01266499049961567
0.132752,-0.02853437326848507,-0.01724269613623619,0.059662774205207825,0.06637674570083618,-0.012970170937478542,0.04165712743997574
0.133752,-0.022735945880413055,-0.011139088310301304,-0.10940718650817871,0.021820399910211563,-0.006561381742358208,0.13229571282863617
0.134752,-0.010528727434575558,-0.040131229907274246,-0.18387120962142944,-0.00015259254723787308,-0.0013733142986893654,0.0798046812415123
0.135752,-0.01907378062605858,-0.024567026644945145,-0.12252994626760483,0.005645835772156715,-0.0019836751744151115,0.024261843413114548
0.136752,-0.016937516629695892,-0.012359810061752796,-0.08224613219499588,-0.013275351375341415,0.0010681292042136192,-0.013885712251067162
0.137752,-0.008087283931672573,-0.018463417887687683,-0.03524834290146828,-0.0022888556122779846,0.01113908365368843,-0.014496073126792908
0.13875200000000001,-0.01876859925687313,-0.0157167948782444,0.03494315594434738,0.014190888032317162,-0.00045777298510074615,-0.03616388514637947
0.13975200000000002,-0.008392464369535446,-0.030975816771388054,0.11703669279813766,-0.021210042759776115,0.006561377085745335,-0.027618832886219025
0.14075200000000002,-0.010223546996712685,-0.018463417887687683,0.19485770165920258,-0.015411614440381527,0.0080872792750597,-0.021210042759776115
0.14175200000000002,-0.006561381742358208,-0.021210042759776115,0.0785839632153511,0.014190888032317162,-0.009308005683124065,0.014801248908042908
0.14275200000000002,-0.03524834290146828,-0.040131229907274246,-0.0474555604159832,0.007171737961471081,-0.016937516629695892,-0.007476923055946827
0.14375200000000002,-0.026398111134767532,-0.03280689939856529,-0.15335316956043243,-0.009613186120986938,0.01205462496727705,0.027924008667469025
0.14475200000000002,-0.019684139639139175,-0.028839554637670517,-0.1744106262922287,-0.01083390787243843,-0.009613186120986938,-0.009918366558849812
0.145752,-0.0056458404287695885,0.018158234655857086,-0.15060654282569885,0.02243075892329216,0.026398105546832085,0.07400625199079514
0.146752,-0.006256201304495335,-0.027618832886219025,-0.2696269154548645,0.01937895640730858,-0.0013733142986893654,0.03616388142108917
0.147752,-0.023041125386953354,-0.027924012392759323,0.04318302869796753,-0.01174944918602705,0.01937895640730858,0.009613181464374065
0.148752,-0.021515224128961563,-0.03311207890510559,0.34317541122436523,-0.0056458404287695885,0.0013733096420764923,0.014190888032317162
0.149752,-0.015106434002518654,-0.026398111134767532,0.3303578197956085,-0.0028992164880037308,-0.0157167948782444,-0.03616388514637947
0.150752,-0.018463417887687683,-0.027618832886219025,0.1255817413330078,0.0032043922692537308,-0.012359810061752796,-0.0028992164880037308
0.151752,-0.023346304893493652,-0.022735945880413055,0.0080872792750597,-0.0016784947365522385,0.0028992118313908577,0.016632331535220146
0.152752,-0.016937516629695892,-0.027313651517033577,-0.06729228794574738,-0.00381475780159235,-0.0025940360501408577,0.0157167911529541
0.153752,-0.018463417887687683,-0.018158238381147385,-0.02700847014784813,0.014496068470180035,-0.007476923055946827,0.023041121661663055
0.154752,-0.025787748396396637,-0.009002825245261192,-0.013275351375341415,0.011444264091551304,-0.006561381742358208,0.0004577683284878731
0.155752,-0.008392464369535446,-0.017853058874607086,-0.011444268748164177,-0.0019836751744151115,0.0025940313935279846,-0.030975816771388054
0.156752,-0.02517738938331604,-0.019989321008324623,0.023346301168203354,0.0016784900799393654,0.0019836705178022385,0.02090485766530037
0.157752,-0.007171742618083954,-0.018158238381147385,0.04470892995595932,-0.0013733142986893654,-0.010223546996712685,0.03311207517981529
0.158752,-0.00869764480739832,-0.048371102660894394,-0.004425118677318096,-0.011444268748164177,-0.012359810061752796,-0.006561381742358208
0.159752,-0.01266499049961567,-0.007476923055946827,-0.08957046270370483,-0.0019836751744151115,0.000152587890625,-0.008392464369535446
0.160752,-0.019989321008324623,0.006561377085745335,-0.12008850276470184,0.010833903215825558,-0.0022888556122779846,0.0160219706594944
0.161752,-0.013580531813204288,-0.03311207890510559,-0.16403448581695557,-0.0010681338608264923,0.005340655334293842,0.03372243791818619
0.162752,-0.008392464369535446,-0.029449913650751114,-0.06210422143340111,-0.007476923055946827,0.023346301168203354,0.04257266968488693
0.163752,-0.0059510208666324615,-0.013885712251067162,-0.11367971450090408,0.0013733096420764923,0.013580527156591415,0.003509572707116604
0.164752,-0.0016784947365522385,-0.014496073126792908,-0.30838483572006226,0.0163271501660347,-0.0028992164880037308,-0.021210042759776115
0.165752,-0.03311207890510559,-0.022430764511227608,-0.29678797721862793,0.010833903215825558,-0.0028992164880037308,0.026703286916017532
0.166752,-0.009002825245261192,-0.026092929765582085,-0.004425118677318096,-0.0315861776471138,-0.003509577363729477,-0.009308005683124065
0.167752,-0.027618832886219025,-0.01907378062605858,0.2555886209011078,0.011749444529414177,0.00900282058864832,0.004730294458568096
0.168752,-0.02212558314204216,-0.0160219743847847,0.2229343056678772,0.016632331535220146,0.004425114020705223,0.021210037171840668
0.16975200000000001,-0.0160219743847847,-0.041962310671806335,0.2851911187171936,-0.004730299115180969,-0.016327155753970146,-0.013580531813204288
0.17075200000000001,-0.0160219743847847,-0.008392464369535446,0.4637216627597809,0.0025940313935279846,0.0010681292042136192,0.02090485766530037
0.17175200000000002,-0.005035479553043842,-0.029449913650751114,0.21133744716644287,-0.004730299115180969,0.019989315420389175,0.0013733096420764923
0.17275200000000002,-0.022430764511227608,-0.01266499049961567,-0.2388036996126175,-0.005035479553043842,0.014801248908042908,-0.0007629534229636192
0.17375200000000002,-0.018158238381147385,-0.024567026644945145,-0.3794918656349182,-0.00015259254723787308,0.019684135913848877,0.03036545217037201
0.17475200000000002,-0.023956667631864548,-0.024872208014130592,-0.29129472374916077,0.008392459712922573,-0.06790264695882797,-0.013885712251067162
0.17575200000000002,-0.012054629623889923,-0.04257267341017723,-0.11764705926179886,-0.007476923055946827,-0.01876859925687313,0.022735940292477608
0.176752,-0.019684139639139175,-0.008392464369535446,0.1289387345314026,-0.0025940360501408577,-0.0025940360501408577,0.05264362320303917
0.177752,-0.019989321008324623,-0.03616388514637947,0.22995345294475555,0.010223542340099812,-0.0007629534229636192,0.06515602022409439
0.178752,-0.009613186120986938,-0.019684139639139175,0.27725642919540405,0.007171737961471081,0.08560311049222946,0.010528722777962685
0.179752,-0.019684139639139175,-0.05905241519212723,0.383154034614563,0.006561377085745335,0.043488211929798126,0.02700846642255783
0.180752,-0.006561381742358208,-0.030365455895662308,0.21988250315189362,0.004425114020705223,0.027924008667469025,0.00411993358284235
0.181752,-0.0157167948782444,0.007476918399333954,-0.038605328649282455,0.0160219706594944,-0.035553522408008575,0.006866557523608208
0.182752,-0.009613186120986938,0.003509572707116604,-0.30838483572006226,-0.008392464369535446,-0.004730299115180969,0.023041121661663055
0.183752,-0.020904861390590668,-0.08621347695589066,-0.4133669137954712,0.0025940313935279846,-0.062714584171772,0.009613181464374065
0.184752,-0.014496073126792908,-0.01480125356465578,-0.27542534470558167,-0.0025940360501408577,0.07675287872552872,0.00900282058864832
0.185752,-0.022430764511227608,0.01113908365368843,-0.13717861473560333,0.0010681292042136192,0.05233844369649887,0.0016784900799393654
0.186752,-0.013580531813204288,-0.027924012392759323,-0.10269322246313095,-0.009613186120986938,0.08896009624004364,0.016632331535220146
0.187752,-0.0160219743847847,0.0013733096420764923,-0.09079118072986603,-0.0022888556122779846,0.008392459712922573,0.0157167911529541
0.188752,-0.0010681338608264923,-0.014496073126792908,-0.03799496591091156,0.003509572707116604,-0.018158238381147385,0.017242692410945892
0.189752,-0.0236514862626791,-0.03738460689783096,-0.004425118677318096,0.011444264091551304,0.10421911627054214,0.06637674570083618
0.190752,-0.01876859925687313,0.008697640150785446,0.0645456612110138,0.034332796931266785,0.03524833917617798,-0.0007629534229636192
0.191752,-0.0157167948782444,-0.0791943222284317,0.007782098837196827,0.04196230694651604,0.02548256516456604,0.0312809944152832
0.192752,-0.01480125356465578,-0.03921568766236305,-0.013885712251067162,-0.023346304893493652,-0.011139088310301304,0.009613181464374065
0.193752,-0.019989321008324623,-0.025787748396396637,0.13046462833881378,0.0032043922692537308,0.01937895640730858,0.02090485766530037
0.194752,-0.022735945880413055,0.010833903215825558,0.4261844754219055,0.00411993358284235,0.009613181464374065,0.010528722777962685
0.195752,-0.02182040363550186,-0.030975816771388054,0.46738383173942566,-0.028839554637670517,-0.004425118677318096,0.012664985843002796
0.196752,-0.009918366558849812,-0.0059510208666324615,0.19974058866500854,-0.027618832886219025,-0.0077821034938097,0.009918361902236938
0.197752,-0.01754787750542164,-0.024261847138404846,0.04959181696176529,-0.008392464369535446,0.003509572707116604,-0.006256201304495335
0.198752,-0.0160219743847847,0.0025940313935279846,0.00411993358284235,0.01113908365368843,-0.020904861390590668,0.0157167911529541
0.199752,-0.016632337123155594,-0.019684139639139175,-0.10849164426326752,0.009308001026511192,-0.013885712251067162,0.0022888509556651115
0.200752,-0.007171742618083954,-0.040131229907274246,-0.2397192418575287,-0.00015259254723787308,-0.008087283931672573,0.01754787191748619
0.20175200000000001,-0.015106434002518654,-0.023346304893493652,-0.3004501461982727,0.0019836705178022385,-0.040131229907274246,0.0013733096420764923
0.20275200000000002,-0.009002825245261192,-0.026398111134767532,-0.2650492191314697,0.0022888509556651115,-0.02853437326848507,0.0007629487663507462
0.20375200000000002,-0.021210042759776115,-0.01480125356465578,-0.14847028255462646,0.025177383795380592,-0.0077821034938097,0.0004577683284878731
0.20475200000000002,-0.012359810061752796,0.0013733096420764923,0.11429007351398468,-0.003509577363729477,0.0019836705178022385,-0.009308005683124065
0.20575200000000002,-0.010528727434575558,-0.020904861390590668,0.26077666878700256,0.009613181464374065,-0.0016784947365522385,-0.023041125386953354
0.20675200000000002,0.0013733096420764923,-0.016327155753970146,0.24734874069690704,0.012664985843002796,-0.02059968188405037,0.028229188174009323
0.20775200000000002,-0.009613186120986938,-0.0312809981405735,0.022735940292477608,0.023346301168203354,0.028229188174009323,0.029449909925460815
0.20875200000000002,-0.003204396925866604,-0.027618832886219025,-0.1582360565662384,0.04135194793343544,-0.009308005683124065,-0.00381475780159235
0.209752,-0.0016784947365522385,-0.05539025366306305,-0.27817195653915405,-0.03799496591091156,0.01907377503812313,-0.062714584171772
0.210752,-0.038605328649282455,-0.1918059140443802,-0.3172350525856018,-0.04135195165872574,-0.021515224128961563,0.021515218541026115
0.211752,-0.016327155753970146,0.024261843413114548,-0.3334096372127533,0.043488211929798126,0.07095444947481155,0.08224612474441528
0.212752,-0.05813687667250633,-0.08499275147914886,-0.038910508155822754,-0.024872208014130592,0.043488211929798126,0.03830014169216156
0.213752,-0.019378960132598877,-0.030365455895662308,0.2552834451198578,0.004730294458568096,0.018463414162397385,-0.018463417887687683
0.214752,0.010223542340099812,-0.02182040363550186,0.2226291298866272,-0.023346304893493652,-0.03646906465291977,-0.004119938239455223
0.215752,-0.03799496591091156,-0.006561381742358208,0.0785839632153511,0.032806895673274994,-0.03463798016309738,0.007476918399333954
0.216752,0.019684135913848877,-0.0019836751744151115,-0.009918366558849812,0.02731364592909813,-0.04226749390363693,0.016632331535220146
0.217752,-0.009002825245261192,-0.026092929765582085,-0.15579462051391602,-0.08926527947187424,0.02212557941675186,0.13931486010551453
0.218752,-0.030975816771388054,0.011749444529414177,0.01297016628086567,0.023041121661663055,0.05569542944431305,0.10330357402563095
0.219752,-0.010528727434575558,-0.013580531813204288,0.11917296051979065,-0.03738460689783096,0.014801248908042908,-0.03341726213693619
0.220752,0.003509572707116604,-0.028839554637670517,0.18570229411125183,0.021515218541026115,-0.0022888556122779846,-0.18112459778785706
0.221752,-0.03311207890510559,-0.03463798016309738,0.13443198800086975,-0.01480125356465578,0.01297016628086567,-0.10055695474147797
0.222752,-0.013275351375341415,-0.024872208014130592,-0.0010681338608264923,-0.0059510208666324615,-0.007476923055946827,0.020294496789574623
0.223752,-0.02212558314204216,-0.0025940360501408577,-0.05691615492105484,-0.05050736665725708,0.004425114020705223,0.04013122618198395
0.224752,-0.0318913571536541,-0.026398111134767532,-0.05813687667250633,0.019684135913848877,0.02090485766530037,0.09170672297477722
0.225752,-0.004425118677318096,-0.04226749390363693,-0.0782787874341011,-0.004119938239455223,-0.007476923055946827,0.10879682004451752
0.226752,-0.0025940360501408577,-0.03280689939856529,-0.054474711418151855,0.004730294458568096,-0.013580531813204288,-0.08896009624004364
0.227752,-0.02975509501993656,-0.03006027638912201,0.013275346718728542,0.005645835772156715,0.01113908365368843,0.024872202426195145
0.228752,-0.035553522408008575,-0.0312809981405735,0.026092924177646637,0.028229188174009323,-0.0019836751744151115,0.0016784900799393654
0.229752,-0.023346304893493652,-0.0056458404287695885,0.02578774467110634,0.032806895673274994,0.02578774467110634,0.06179903447628021
0.230752,-0.00045777298510074615,-0.03524834290146828,0.010528722777962685,-0.003204396925866604,-0.027924012392759323,0.018463414162397385
0.231752,-0.009613186120986938,-0.017853058874607086,0.005035474896430969,-0.0025940360501408577,0.0022888509556651115,0.04165712743997574
0.23275200000000001,-0.021515224128961563,-0.03738460689783096,-0.0157167948782444,-0.0022888556122779846,0.000152587890625,0.01937895640730858
0.23375200000000002,-0.0315861776471138,0.03006027080118656,-0.019989321008324623,0.022735940292477608,-0.012970170937478542,0.021210037171840668
0.23475200000000002,-0.0016784947365522385,-0.029144734144210815,-0.03585870563983917,0.007171737961471081,-0.005035479553043842,0.02090485766530037
0.23575200000000002,-0.01754787750542164,-0.0312809981405735,-0.07492180168628693,-0.0016784947365522385,0.0321965329349041,0.021210037171840668
0.23675200000000002,-0.02182040363550186,-0.015106434002518654,-0.1109330952167511,0.009308001026511192,0.03768978267908096,-0.00045777298510074615
0.23775200000000002,-0.030365455895662308,-0.011139088310301304,-0.30899518728256226,0.003509572707116604,-0.0019836751744151115,0.030975811183452606
0.23875200000000002,-0.005035479553043842,-0.0321965366601944,0.029144730418920517,-0.0013733142986893654,0.006561377085745335,-0.013580531813204288
0.23975200000000002,-0.01724269613623619,-0.027618832886219025,0.442664235830307,-0.007171742618083954,-0.005340659990906715,0.018768593668937683
0.240752,-0.029144734144210815,-0.030670635402202606,0.41916534304618835,-0.0016784947365522385,0.013580527156591415,0.01785305328667164
0.241752,-0.0236514862626791,-0.025787748396396637,0.1750209778547287,0.0080872792750597,-0.01266499049961567,0.003814753144979477
0.242752,-0.024261847138404846,-0.040131229907274246,-0.0007629534229636192,-0.0022888556122779846,-0.0007629534229636192,0.003814753144979477
0.243752,-0.022430764511227608,-0.05081254616379738,-0.07431143522262573,-0.007171742618083954,-0.027313651517033577,-0.049591824412345886
0.244752,-0.019378960132598877,-0.013580531813204288,-0.0642404854297638,0.003814753144979477,0.0022888509556651115,-0.012359810061752796
0.245752,-0.01266499049961567,-0.04379339516162872,-0.07583734393119812,-0.010223546996712685,-0.009613186120986938,-0.0007629534229636192
0.246752,-0.024567026644945145,-0.07217517495155334,-0.06210422143340111,-0.010223546996712685,-0.017853058874607086,0.011749444529414177
0.247752,-0.017853058874607086,-0.03921568766236305,-0.01174944918602705,0.029449909925460815,-0.0019836751744151115,-0.016632337123155594
0.248752,-0.021210042759776115,-0.012359810061752796,-0.05691615492105484,0.025177383795380592,0.006866557523608208,-0.010528727434575558
0.249752,-0.010528727434575558,-0.01907378062605858,-0.09933623671531677,0.0016784900799393654,-0.019684139639139175,0.00900282058864832
0.250752,-0.019989321008324623,-0.0157167948782444,-0.11398489773273468,0.03341725468635559,0.003814753144979477,0.019989315420389175
0.251752,-0.013885712251067162,-0.0642404854297638,-0.08560311794281006,-0.0236514862626791,-0.007476923055946827,0.0028992118313908577
0.252752,-0.006866562180221081,-0.01266499049961567,-0.13046464323997498,-0.0059510208666324615,0.005035474896430969,0.024872202426195145
0.253752,-0.029144734144210815,-0.009308005683124065,-0.15518425405025482,0.005035474896430969,0.005340655334293842,0.022735940292477608
0.254752,-0.027618832886219025,0.021515218541026115,-0.09994659572839737,0.030975811183452606,-0.006561381742358208,-0.03494316339492798
0.255752,-0.02029450237751007,-0.003509577363729477,-0.08072023093700409,0.006866557523608208,-0.010223546996712685,0.026398105546832085
0.256752,-0.02059968188405037,-0.026092929765582085,0.04287784919142723,-0.0028992164880037308,-0.00869764480739832,0.0157167911529541
0.257752,-0.010223546996712685,-0.02670329064130783,0.21805141866207123,-0.03280689939856529,0.007171737961471081,0.0163271501660347
0.258752,-0.0160219743847847,-0.00869764480739832,0.16678111255168915,-0.0056458404287695885,0.0059510162100195885,0.04409857094287872
0.259752,-0.0157167948782444,0.03952086344361305,0.08133058249950409,-0.009613186120986938,0.0059510162100195885,-0.0157167948782444
0.260752,-0.015106434002518654,0.030670631676912308,0.2085908204317093,0.01754787191748619,-0.004425118677318096,-0.010223546996712685
0.261752,-0.013885712251067162,-0.019989321008324623,0.07217517495155334,0.0019836705178022385,-0.0321965366601944,-0.040436409413814545
0.262752,-0.027313651517033577,-0.026092929765582085,-0.18722820281982422,0.012359805405139923,0.003509572707116604,0.012664985843002796
0.263752,-0.024261847138404846,-0.010223546996712685,-0.19272145628929138,0.007476918399333954,0.08712901175022125,0.01937895640730858
0.264752,-0.024261847138404846,0.0312809944152832,-0.16372931003570557,0.007782098837196827,0.027924008667469025,0.026092924177646637
0.265752,-0.014496073126792908,-0.06790264695882797,-0.10605020821094513,0.019989315420389175,-0.06973373144865036,0.02731364592909813
0.266752,-0.012970170937478542,-0.03433280065655708,0.04928663745522499,0.021515218541026115,-0.005035479553043842,-0.009002825245261192
0.267752,-0.01480125356465578,-0.010223546996712685,0.22018767893314362,-0.023346304893493652,0.04104676842689514,-0.010528727434575558
0.268752,-0.01754787750542164,-0.02670329064130783,0.38803693652153015,-0.01174944918602705,0.0032043922692537308,0.0157167911529541
0.269752,-0.00869764480739832,-0.08773937821388245,0.3492790162563324,0.006866557523608208,0.045319292694330215,0.010223542340099812
0.270752,-0.0160219743847847,-0.02548256888985634,0.11245898902416229,0.005340655334293842,0.10482947528362274,0.0163271501660347
0.271752,-0.0312809981405735,-0.023041125386953354,-0.006561381742358208,0.0025940313935279846,-0.05508507043123245,0.018768593668937683
0.272752,-0.016937516629695892,0.011749444529414177,-0.09903105348348618,0.0025940313935279846,0.1252765655517578,0.013275346718728542
0.273752,-0.011444268748164177,-0.0016784947365522385,-0.4286259412765503,0.0059510162100195885,-0.01754787750542164,0.026398105546832085
0.274752,-0.030670635402202606,-0.006866562180221081,-0.32394903898239136,0.009918361902236938,-0.05355916917324066,-0.0007629534229636192
0.275752,-0.01754787750542164,-0.024261847138404846,-0.18722820281982422,-0.00869764480739832,-0.009308005683124065,0.0019836705178022385
0.276752,-0.018463417887687683,0.004730294458568096,-0.010223546996712685,-0.003509577363729477,-0.062409400939941406,-0.03952086716890335
0.277752,-0.020904861390590668,-0.030670635402202606,0.14541848003864288,-0.004119938239455223,-0.006561381742358208,0.021820399910211563
0.278752,-0.013885712251067162,-0.00015259254723787308,0.21774624288082123,0.02883954904973507,-0.038605328649282455,-0.00015259254723787308
0.279752,-0.018158238381147385,-0.015411614440381527,0.11551079154014587,0.06240939721465111,0.03982604295015335,0.027924008667469025
0.280752,-0.02182040363550186,-0.02853437326848507,-0.025787748396396637,0.0080872792750597,0.005035474896430969,0.026092924177646637
0.281752,-0.02059968188405037,-0.10238803923130035,-0.011444268748164177,-0.024872208014130592,0.0315861739218235,0.0157167911529541
0.282752,-0.01724269613623619,-0.0007629534229636192,0.16159303486347198,-0.021515224128961563,0.0025940313935279846,0.007171737961471081
0.283752,-0.019989321008324623,-0.02822919189929962,0.2394140511751175,0.013885707594454288,0.009613181464374065,-0.0016784947365522385
0.284752,-0.022430764511227608,-0.006866562180221081,0.5091935396194458,-0.021210042759776115,0.013885707594454288,0.009918361902236938
0.285752,-0.01266499049961567,-0.025787748396396637,0.6901655793190002,0.0062561966478824615,-0.0016784947365522385,0.020294496789574623
0.286752,-0.021515224128961563,-0.008087283931672573,-0.01876859925687313,-0.009002825245261192,0.0059510162100195885,-0.030365455895662308
0.287752,-0.0236514862626791,-0.028839554637670517,-0.8085755705833435,0.01907377503812313,0.000152587890625,0.013275346718728542
0.288752,0.009613181464374065,-0.030670635402202606,-0.763714075088501,-0.011444268748164177,-0.006866562180221081,-0.007171742618083954
0.28975199999999995,-0.02059968188405037,-0.00869764480739832,-0.03433280065655708,0.016937512904405594,-0.0010681338608264923,0.0007629487663507462
0.29075199999999995,-0.015411614440381527,-0.04104677215218544,0.34195467829704285,-0.045014116913080215,-0.02822919189929962,0.0059510162100195885
0.29175199999999996,-0.021210042759776115,-0.008392464369535446,0.5217059850692749,0.006866557523608208,0.08896009624004364,0.030975811183452606
0.29275199999999996,-0.008087283931672573,-0.012054629623889923,0.13809414207935333,-0.0028992164880037308,0.00900282058864832,0.037384599447250366
0.29375199999999996,-0.020904861390590668,-0.029449913650751114,-0.08133058995008469,-0.023956667631864548,-0.016327155753970146,0.045319292694330215
0.29475199999999996,-0.009308005683124065,-0.04257267341017723,-0.22751201689243317,-0.020904861390590668,0.00900282058864832,0.050202179700136185
0.29575199999999996,-0.02548256888985634,-0.010223546996712685,-0.2232394963502884,0.024872202426195145,0.058136872947216034,0.056305788457393646
0.29675199999999996,-0.022430764511227608,0.014496068470180035,0.13168536126613617,-0.003509577363729477,-0.01174944918602705,-0.006561381742358208
0.29775199999999996,-0.009002825245261192,-0.0642404854297638,0.6257724761962891,-0.016632337123155594,0.0007629487663507462,0.02548256516456604
0.29875199999999996,-0.04409857466816902,-0.05813687667250633,-0.6071564555168152,-0.06515602767467499,0.026703286916017532,0.0160219706594944
0.29975199999999996,-0.02182040363550186,-0.13748379051685333,-1.090257167816162,0.024567022919654846,0.013275346718728542,-0.012359810061752796
0.30075199999999996,-0.012054629623889923,0.04470892995595932,-0.5976958870887756,0.039215683937072754,0.026092924177646637,0.10757610201835632
0.30175199999999996,-0.02700847014784813,-0.09109636396169662,0.06576637923717499,-0.06027314066886902,0.06912336498498917,0.03677424043416977
0.30275199999999997,0.00411993358284235,-0.023346304893493652,0.4621957838535309,-0.027924012392759323,-0.0236514862626791,-0.05081254616379738
0.30375199999999997,-0.004119938239455223,-0.022735945880413055,0.23147936165332794,0.003814753144979477,-0.06851301342248917,0.04135194793343544
0.30475199999999997,-0.011139088310301304,-0.00381475780159235,0.18753337860107422,0.0315861739218235,-0.02822919189929962,0.015411609783768654
0.30575199999999997,-0.01754787750542164,-0.012359810061752796,0.1921110898256302,0.014801248908042908,0.04196230694651604,0.14755474030971527
0.30675199999999997,-0.01174944918602705,-0.08529793471097946,0.1438925713300705,-0.0321965366601944,-0.00045777298510074615,-0.010528727434575558
0.30775199999999997,-0.03311207890510559,-0.018158238381147385,0.1280231922864914,-0.043183036148548126,0.0160219706594944,-0.09323262423276901
0.30875199999999997,-0.01876859925687313,-0.021515224128961563,0.10635538399219513,-0.004730299115180969,0.009613181464374065,-0.012054629623889923
0.30975199999999997,-0.02822919189929962,-0.011444268748164177,0.07827877998352051,-0.0056458404287695885,0.035858698189258575,0.025177383795380592
0.310752,0.0032043922692537308,-0.004730299115180969,0.11276417225599289,0.007171737961471081,-0.03585870563983917,0.03311207517981529
0.311752,-0.02700847014784813,-0.026398111134767532,0.026398105546832085,-0.00045777298510074615,-0.0315861776471138,0.035858698189258575
0.312752,-0.003204396925866604,-0.033722441643476486,-0.10605020821094513,-0.0633249431848526,-0.0056458404287695885,0.010223542340099812
0.313752,-0.019684139639139175,0.0028992118313908577,-0.14938582479953766,0.0059510162100195885,-0.01174944918602705,0.020294496789574623
0.314752,-0.038910508155822754,-0.034027621150016785,-0.049897003918886185,0.030670631676912308,-0.00381475780159235,0.01907377503812313
0.315752,-0.01876859925687313,-0.01266499049961567,-0.0007629534229636192,0.007171737961471081,-0.004730299115180969,-0.0013733142986893654
0.316752,0.008392459712922573,-0.04104677215218544,0.029144730418920517,-0.00869764480739832,0.015411609783768654,-0.0022888556122779846
0.317752,-0.01876859925687313,-0.033722441643476486,0.006561377085745335,0.01205462496727705,-0.01266499049961567,0.037384599447250366
0.318752,-0.01266499049961567,-0.01907378062605858,-0.024567026644945145,-0.024261847138404846,-0.01083390787243843,0.02212557941675186
0.319752,-0.009308005683124065,-0.015106434002518654,-0.041962310671806335,-0.0028992164880037308,-0.011139088310301304,0.008392459712922573
0.320752,-0.013885712251067162,-0.023956667631864548,-0.06210422143340111,0.012359805405139923,-0.018158238381147385,0.01785305328667164
0.321752,0.005340655334293842,-0.03494316339492798,-0.08712901920080185,0.003509572707116604,-0.02517738938331604,0.03372243791818619
0.322752,-0.0022888556122779846,-0.016632337123155594,-0.10208285599946976,-0.00869764480739832,0.008392459712922573,0.005645835772156715
0.323752,-0.019684139639139175,-0.028839554637670517,-0.03494316339492798,-0.005035479553043842,-0.0010681338608264923,0.0321965329349041
0.324752,-0.02670329064130783,-0.0056458404287695885,0.038910504430532455,0.007782098837196827,-0.007171742618083954,0.02853436768054962
0.325752,-0.010223546996712685,-0.006866562180221081,0.13870450854301453,0.0016784900799393654,0.013885707594454288,0.03616388142108917
0.326752,-0.02212558314204216,-0.03768978640437126,-0.1271076500415802,-0.00015259254723787308,0.011444264091551304,0.01113908365368843
0.327752,-0.019378960132598877,-0.029449913650751114,-0.24063478410243988,0.0004577683284878731,-0.003204396925866604,0.003509572707116604
0.328752,-0.007476923055946827,0.0019836705178022385,0.1582360565662384,0.007782098837196827,0.03341725468635559,0.035858698189258575
0.329752,-0.020904861390590668,-0.02212558314204216,0.4478522837162018,0.0032043922692537308,-0.015411614440381527,0.012664985843002796
0.330752,-0.029449913650751114,-0.005035479553043842,0.32761120796203613,-0.004119938239455223,0.0013733096420764923,0.01297016628086567
0.331752,-0.005035479553043842,-0.018158238381147385,0.1112382709980011,0.02700846642255783,-0.00381475780159235,0.020294496789574623
0.332752,-0.02029450237751007,-0.0318913571536541,-0.05996795743703842,-0.0010681338608264923,-0.0013733142986893654,0.038910504430532455
0.333752,-0.02700847014784813,-0.0318913571536541,-0.10635538399219513,0.01205462496727705,0.018158234655857086,-0.0016784947365522385
0.334752,-0.019684139639139175,-0.029449913650751114,-0.15182727575302124,-0.032501719892024994,-0.012359810061752796,-0.026092929765582085
0.335752,-0.010223546996712685,-0.024261847138404846,-0.11398489773273468,-0.04867628216743469,-0.0056458404287695885,-0.0016784947365522385
0.336752,-0.010528727434575558,-0.024261847138404846,-0.08712901920080185,-0.007171742618083954,-0.0010681338608264923,0.005340655334293842
0.337752,-0.012054629623889923,0.006866557523608208,-0.10452429950237274,0.009308001026511192,0.01754787191748619,0.0013733096420764923
0.338752,-0.01907378062605858,-0.027313651517033577,-0.13168536126613617,-0.003509577363729477,0.012664985843002796,0.007782098837196827
0.339752,-0.015106434002518654,-0.07705806195735931,-0.0636301264166832,-0.01266499049961567,0.0016784900799393654,0.042267486453056335
0.340752,-0.013275351375341415,0.003509572707116604,0.063324935734272,-0.022430764511227608,-0.016632337123155594,-0.012970170937478542
0.341752,-0.013275351375341415,-0.01754787750542164,0.014190888032317162,-0.0022888556122779846,0.011749444529414177,0.006561377085745335
0.342752,-0.017853058874607086,-0.029449913650751114,-0.13168536126613617,-0.009002825245261192,-0.02059968188405037,0.026398105546832085
0.343752,-0.019684139639139175,0.0025940313935279846,-0.14084076881408691,-0.00869764480739832,-0.0022888556122779846,0.026398105546832085
0.344752,-0.011139088310301304,0.014190888032317162,-0.07003891468048096,0.01205462496727705,0.005340655334293842,0.013885707594454288
0.345752,-0.02670329064130783,-0.027924012392759323,0.013885707594454288,0.0160219706594944,0.0028992118313908577,0.01754787191748619
0.346752,-0.02029450237751007,0.0016784900799393654,0.07095444947481155,0.0007629487663507462,-0.01876859925687313,-0.03311207890510559
0.347752,-0.021515224128961563,-0.009002825245261192,0.02548256516456604,-0.011444268748164177,-0.0010681338608264923,0.01205462496727705
0.348752,-0.01266499049961567,-0.03952086716890335,0.26321813464164734,-0.0019836751744151115,0.012359805405139923,-0.007171742618083954
0.349752,-0.017853058874607086,-0.015106434002518654,0.4475471079349518,-0.005340659990906715,0.00411993358284235,-0.005035479553043842
0.350752,-0.010528727434575558,-0.024872208014130592,0.18051423132419586,-0.03463798016309738,-0.022430764511227608,0.014801248908042908
0.351752,-0.0028992164880037308,-0.009308005683124065,-0.2656595706939697,0.009613181464374065,-0.09231708198785782,0.03311207517981529
0.35275199999999995,-0.009918366558849812,-0.025787748396396637,-0.42038604617118835,0.02090485766530037,0.07583733648061752,0.028229188174009323
0.35375199999999996,-0.016937516629695892,-0.016327155753970146,-0.3447013199329376,-0.016937516629695892,0.012359805405139923,0.017242692410945892
0.35475199999999996,-0.022735945880413055,0.01510642934590578,-0.04104677215218544,-0.011139088310301304,-0.0016784947365522385,0.04013122618198395
0.35575199999999996,-0.008087283931672573,-0.0013733142986893654,0.1420614868402481,-0.027313651517033577,0.0321965329349041,0.015411609783768654
0.35675199999999996,-0.0077821034938097,-0.0157167948782444,0.34470129013061523,0.003509572707116604,0.06790264695882797,0.010223542340099812
0.35775199999999996,-0.023346304893493652,-0.013580531813204288,0.4264896512031555,-0.018463417887687683,0.051728080958127975,-0.0028992164880037308
0.35875199999999996,-0.02517738938331604,0.0163271501660347,0.2711528241634369,0.003814753144979477,-0.051422905176877975,-0.006561381742358208
0.35975199999999996,-0.004119938239455223,0.0157167911529541,0.008697640150785446,0.00900282058864832,-0.00015259254723787308,-0.007171742618083954
0.36075199999999996,-0.012359810061752796,0.01205462496727705,-0.30899518728256226,0.00411993358284235,0.1283283680677414,0.01785305328667164
0.36175199999999996,-0.024872208014130592,0.01510642934590578,-0.38773176074028015,-0.0013733142986893654,-0.01174944918602705,0.013275346718728542
0.36275199999999996,-0.013580531813204288,-0.0056458404287695885,-0.29678797721862793,0.0007629487663507462,-0.05752651393413544,0.018158234655857086
0.36375199999999996,0.003509572707116604,-0.02700847014784813,-0.1112382709980011,-0.012054629623889923,0.0160219706594944,0.021210037171840668
0.36475199999999997,-0.01876859925687313,-0.011139088310301304,-0.04928664118051529,-0.025787748396396637,0.00411993358284235,0.01510642934590578
0.36575199999999997,-0.02029450237751007,0.0080872792750597,0.024567022919654846,0.0013733096420764923,-0.02700847014784813,-0.024872208014130592
0.36675199999999997,-0.022430764511227608,-0.03921568766236305,0.08651865273714066,-0.012359810061752796,-0.024872208014130592,0.027924008667469025
0.36775199999999997,-0.01480125356465578,-0.004119938239455223,0.10421911627054214,0.010528722777962685,-0.019378960132598877,0.03372243791818619
0.36875199999999997,-0.00869764480739832,-0.03768978640437126,0.023346301168203354,0.063324935734272,0.027618827298283577,0.005035474896430969
0.36975199999999997,-0.027924012392759323,-0.00045777298510074615,-0.125886932015419,0.020294496789574623,0.03768978267908096,0.023346301168203354
0.37075199999999997,-0.024872208014130592,-0.03616388514637947,-0.251621276140213,0.02548256516456604,0.023346301168203354,0.02731364592909813
0.37175199999999997,-0.015411614440381527,0.0004577683284878731,-0.07522697746753693,-0.023346304893493652,0.013580527156591415,0.0160219706594944
0.372752,-0.028839554637670517,-0.02822919189929962,0.28061342239379883,-0.013580531813204288,0.019684135913848877,0.009918361902236938
0.373752,-0.0016784947365522385,-0.029144734144210815,0.34073394536972046,-0.02029450237751007,0.005340655334293842,-0.027618832886219025
0.374752,-0.019378960132598877,-0.030975816771388054,0.6221103072166443,-0.03006027638912201,-0.006561381742358208,0.01907377503812313
0.375752,-0.020904861390590668,0.0022888509556651115,0.7429617643356323,-0.03311207890510559,-0.0028992164880037308,-0.0010681338608264923
0.376752,-0.010223546996712685,-0.045014116913080215,-0.3504997491836548,0.00411993358284235,-0.011444268748164177,0.02212557941675186
0.377752,-0.022735945880413055,-0.01907378062605858,-0.7151903510093689,0.0080872792750597,-0.003509577363729477,0.027618827298283577
0.378752,-0.006561381742358208,-0.045014116913080215,-0.21469444036483765,-0.013580531813204288,-0.0312809981405735,0.00900282058864832
0.379752,-0.01876859925687313,-0.009613186120986938,0.12985427677631378,0.004730294458568096,0.07339589297771454,0.02548256516456604
0.380752,-0.018463417887687683,-0.027618832886219025,0.2082856446504593,-0.016327155753970146,0.03341725468635559,0.00411993358284235
0.381752,-0.015106434002518654,-0.04470893740653992,-0.00381475780159235,0.0016784900799393654,-0.0010681338608264923,0.0019836705178022385
0.382752,-0.023956667631864548,0.0025940313935279846,-0.11764705926179886,0.003509572707116604,0.0007629487663507462,0.0798046812415123
0.383752,-0.0160219743847847,-0.026092929765582085,-0.1100175529718399,-0.01083390787243843,-0.024872208014130592,0.0239566620439291
0.384752,-0.011444268748164177,-0.02029450237751007,-0.10147249698638916,0.012359805405139923,0.009918361902236938,-0.016632337123155594
0.385752,-0.02182040363550186,-0.023346304893493652,-0.0959792509675026,-0.011444268748164177,0.018768593668937683,0.02578774467110634
0.386752,-0.02670329064130783,-0.045014116913080215,0.06881818920373917,-0.01083390787243843,-0.05752651393413544,0.03555351868271828
0.387752,-0.02059968188405037,0.010223542340099812,0.9263752102851868,0.007476918399333954,0.009613181464374065,0.0157167911529541
0.388752,0.027618827298283577,-0.08865492045879364,-0.03646906465291977,0.025177383795380592,-0.01083390787243843,-0.12039368599653244
0.389752,-0.037079423666000366,-0.15396353602409363,-1.4744793176651,0.021515218541026115,0.0642404779791832,0.2549782395362854
0.390752,-0.009308005683124065,0.0019836705178022385,-1.150377631187439,0.0062561966478824615,0.009613181464374065,0.126192107796669
0.391752,-0.03463798016309738,-0.07003891468048096,-0.009918366558849812,-0.046540018171072006,0.04959181696176529,0.017242692410945892
0.392752,0.0157167911529541,-0.017853058874607086,0.5830472111701965,-0.0642404854297638,-0.0318913571536541,-0.05905241519212723
0.393752,0.02700846642255783,-0.026398111134767532,0.4322880804538727,0.005340655334293842,-0.07064927369356155,-0.006256201304495335
0.394752,0.0022888509556651115,0.01785305328667164,0.23361562192440033,0.05996795371174812,-0.017853058874607086,0.03494315594434738
0.395752,0.004730294458568096,-0.02059968188405037,0.10482947528362274,0.007782098837196827,0.03494315594434738,0.06515602022409439
0.396752,-0.019378960132598877,-0.038605328649282455,0.021515218541026115,-0.037079423666000366,0.021515218541026115,0.06576637923717499
0.397752,0.011749444529414177,0.0025940313935279846,0.08865491300821304,0.030975811183452606,0.021820399910211563,-0.06179904192686081
0.398752,-0.009308005683124065,-0.040131229907274246,0.1762416958808899,0.012664985843002796,0.02059967815876007,-0.057831697165966034
0.399752,0.005035474896430969,-0.03952086716890335,0.1280231922864914,0.0080872792750597,-0.02700847014784813,-0.02212558314204216
0.400752,-0.0059510208666324615,-0.030975816771388054,0.0788891389966011,0.012359805405139923,-0.0019836751744151115,-0.0022888556122779846
0.401752,-0.010528727434575558,-0.02029450237751007,0.1765468865633011,0.013885707594454288,-0.024261847138404846,-0.016327155753970146
0.402752,-0.009613186120986938,-0.030975816771388054,-0.021210042759776115,-0.024872208014130592,0.014190888032317162,0.05600060895085335
0.403752,-0.026398111134767532,-0.009002825245261192,-0.251926451921463,0.029755089432001114,0.014496068470180035,0.061188675463199615
0.404752,-0.012054629623889923,-0.03768978640437126,-0.05661097168922424,-0.004730299115180969,0.01113908365368843,0.07248035073280334
0.405752,0.004730294458568096,-0.021515224128961563,0.14694437384605408,0.021515218541026115,-0.0007629534229636192,-0.011139088310301304
0.406752,-0.0157167948782444,-0.041962310671806335,0.14023040235042572,0.005340655334293842,0.02853436768054962,-0.0019836751744151115
0.407752,-0.0022888556122779846,-0.014496073126792908,0.20157167315483093,-0.023346304893493652,-0.0059510208666324615,-0.024567026644945145
0.408752,-0.01754787750542164,-0.03921568766236305,0.4921034574508667,0.004730294458568096,-0.016937516629695892,-0.02853437326848507
0.409752,-0.007476923055946827,-0.00381475780159235,0.3624017536640167,0.015411609783768654,-0.016327155753970146,0.043488211929798126
0.410752,-0.01724269613623619,-0.03799496591091156,-0.9062333106994629,-0.008087283931672573,-0.005035479553043842,0.07186999171972275
0.411752,0.0062561966478824615,-0.025787748396396637,-1.1284046173095703,-0.0007629534229636192,0.0013733096420764923,0.026398105546832085
0.412752,-0.01724269613623619,-0.005340659990906715,-0.5073624849319458,0.01907377503812313,0.01754787191748619,0.03311207517981529
0.413752,-0.027313651517033577,-0.032501719892024994,0.0016784900799393654,0.010223542340099812,0.0013733096420764923,0.012359805405139923
0.414752,-0.005035479553043842,-0.03433280065655708,0.23483633995056152,-0.02059968188405037,0.02059967815876007,0.05416952446103096
0.415752,-0.018463417887687683,-0.03280689939856529,0.13321125507354736,-0.02212558314204216,-0.006561381742358208,0.005035474896430969
0.416752,-0.024872208014130592,-0.03585870563983917,-0.08102540671825409,0.0013733096420764923,0.008697640150785446,0.03036545217037201
0.41775199999999996,-0.018158238381147385,-0.024872208014130592,0.21683070063591003,-0.01083390787243843,-0.012970170937478542,-0.005035479553043842
0.41875199999999996,-0.030365455895662308,0.005035474896430969,0.574196994304657,-0.0016784947365522385,-0.009002825245261192,-0.03585870563983917
0.41975199999999996,-0.02548256888985634,-0.02700847014784813,0.46982526779174805,0.0157167911529541,-0.010223546996712685,0.021210037171840668
0.42075199999999996,-0.00045777298510074615,-0.015411614440381527,0.22964827716350555,-0.010528727434575558,0.003509572707116604,0.021820399910211563
