time,RGLTMED,RRF,RADDLONG,RST,RTA,RGM
0.0027879999999999997,-0.36240171175450087,-0.27084758039563894,-0.2861066022887826,-0.3776607336476445,-0.11062785051763058,-0.0877393176779151
0.0037879999999999997,-0.33188366796821356,-0.21744100376963615,-0.27084758039563894,-0.33188366796821356,-0.07248029578477144,-0.11062785051763058
0.004788,-0.33188366796821356,-0.27084758039563894,-0.3395131789147854,-0.36240171175450087,-0.10299833957105875,-0.18692295998334885
0.005788,-0.27084758039563894,-0.2555885585024953,-0.27847709134221077,-0.3776607336476445,-0.011444208212196827,-0.12588687241077423
0.006788,-0.2632180694490671,-0.17929344903677702,-0.2937361132353544,-0.33188366796821356,-0.02670323010534048,-0.1487754052504897
0.007788,-0.32425415702164173,-0.27847709134221077,-0.36240171175450087,-0.39291977882385254,-0.12588687241077423,-0.08010980673134327
0.008788,-0.30136562418192625,-0.22507051471620798,-0.32425415702164173,-0.3166246460750699,-0.02670323010534048,-0.14114589430391788
0.009788,-0.24032953660935163,-0.33188366796821356,-0.3089951351284981,-0.3776607336476445,-0.0877393176779151,-0.0877393176779151
0.010787999999999999,-0.33188366796821356,-0.22507051471620798,-0.2327000256627798,-0.3700312227010727,-0.08010980673134327,-0.1716639380902052
0.011788,-0.30136562418192625,-0.24032953660935163,-0.21744100376963615,-0.2861066022887826,-0.04959176294505596,-0.12588687241077423
0.012788,-0.35477220080792904,-0.22507051471620798,-0.2632180694490671,-0.33188366796821356,-0.03433274105191231,-0.1487754052504897
0.013787999999999998,-0.2861066022887826,-0.2021819818764925,-0.2861066022887826,-0.40817875415086746,-0.1182573614642024,-0.16403442714363337
0.014787999999999999,-0.24795904755592346,-0.24795904755592346,-0.27847709134221077,-0.3395131789147854,-0.09536882862448692,-0.09536882862448692
0.015788,-0.2937361132353544,-0.3089951351284981,-0.2937361132353544,-0.36240171175450087,-0.0877393176779151,-0.15640491619706154
0.016788,-0.2632180694490671,-0.2021819818764925,-0.39291977882385254,-0.32425415702164173,-0.12588687241077423,-0.11062785051763058
0.017787999999999998,-0.30136562418192625,-0.22507051471620798,-0.30136562418192625,-0.27084758039563894,-0.05722127389162779,-0.10299833957105875
0.018788,-0.35477220080792904,-0.24795904755592346,-0.3166246460750699,-0.33188366796821356,-0.09536882862448692,-0.18692295998334885
0.019788,-0.27084758039563894,-0.17929344903677702,-0.2861066022887826,-0.2861066022887826,-0.06485078483819962,-0.14114589430391788
0.020788,-0.42343782261013985,-0.2555885585024953,-0.2937361132353544,-0.3471426898613572,-0.1182573614642024,-0.1487754052504897
0.021788,-0.33188366796821356,-0.2021819818764925,-0.24795904755592346,-0.3089951351284981,-0.05722127389162779,-0.1487754052504897
0.022788,-0.33188366796821356,-0.2632180694490671,-0.3776607336476445,-0.3700312227010727,-0.02670323010534048,-0.1487754052504897
0.023788,-0.3089951351284981,-0.22507051471620798,-0.27847709134221077,-0.3471426898613572,-0.1487754052504897,-0.09536882862448692
0.024787999999999998,-0.3089951351284981,-0.27084758039563894,-0.35477220080792904,-0.35477220080792904,-0.011444208212196827,-0.15640491619706154
0.025788,-0.35477220080792904,-0.1716639380902052,-0.3395131789147854,-0.3395131789147854,-0.11062785051763058,-0.14114589430391788
0.026788,-0.3089951351284981,-0.12588687241077423,-0.27084758039563894,-0.3395131789147854,-0.08010980673134327,-0.1716639380902052
0.027788,-0.2632180694490671,-0.24032953660935163,-0.2937361132353544,-0.33188366796821356,-0.06485078483819962,-0.15640491619706154
0.028788,-0.27847709134221077,-0.24795904755592346,-0.2861066022887826,-0.3395131789147854,-0.03433274105191231,-0.20981149282306433
0.029788,-0.3700312227010727,-0.24795904755592346,-0.2937361132353544,-0.38529024459421635,-0.12588687241077423,-0.08010980673134327
0.030788,-0.27847709134221077,-0.24795904755592346,-0.2937361132353544,-0.36240171175450087,-0.03433274105191231,-0.12588687241077423
0.031788000000000004,-0.2555885585024953,-0.2861066022887826,-0.30136562418192625,-0.35477220080792904,-0.06485078483819962,-0.08010980673134327
0.032788,-0.2555885585024953,-0.20981149282306433,-0.2632180694490671,-0.3700312227010727,-0.07248029578477144,-0.17929344903677702
0.033788,-0.36240171175450087,-0.2937361132353544,-0.2937361132353544,-0.33188366796821356,-0.06485078483819962,-0.11062785051763058
0.034788,-0.27847709134221077,-0.2555885585024953,-0.2555885585024953,-0.3089951351284981,-0.06485078483819962,-0.12588687241077423
0.035788,-0.27847709134221077,-0.27084758039563894,-0.27847709134221077,-0.40054926648736,-0.10299833957105875,-0.10299833957105875
0.036788,-0.33188366796821356,-0.24795904755592346,-0.2632180694490671,-0.3395131789147854,-0.13351638335734606,-0.09536882862448692
0.037788,-0.3166246460750699,-0.19455247092992067,-0.33188366796821356,-0.36240171175450087,-0.08010980673134327,-0.1182573614642024
0.038788,-0.30136562418192625,-0.32425415702164173,-0.40054926648736,-0.40054926648736,-0.02670323010534048,-0.2021819818764925
0.039788,-0.3395131789147854,-0.14114589430391788,-0.2937361132353544,-0.36240171175450087,-0.16403442714363337,-0.04959176294505596
0.040788,-0.33188366796821356,-0.2327000256627798,-0.2937361132353544,-0.32425415702164173,-0.14114589430391788,-0.11062785051763058
0.041788,-0.27084758039563894,-0.24795904755592346,-0.27084758039563894,-0.2555885585024953,-0.13351638335734606,-0.05722127389162779
0.042788,-0.19455247092992067,-0.32425415702164173,-0.3395131789147854,-0.4615853540599346,-0.09536882862448692,-0.15640491619706154
0.043788,-0.38529024459421635,-0.27084758039563894,-0.3471426898613572,-0.3471426898613572,-0.1182573614642024,-0.10299833957105875
0.044788,-0.17929344903677702,-0.3089951351284981,-0.3089951351284981,-0.3700312227010727,-0.0877393176779151,-0.06485078483819962
0.045788,-0.27847709134221077,-0.24795904755592346,-0.2632180694490671,-0.40817875415086746,-0.1182573614642024,0.04959187936037779
0.046787999999999996,-0.32425415702164173,-0.21744100376963615,-0.2937361132353544,-0.3395131789147854,-0.041962251998484135,-0.07248029578477144
0.047788,-0.24032953660935163,-0.33188366796821356,-0.36240171175450087,-0.40054926648736,-0.14114589430391788,-0.011444208212196827
0.048788,-0.33188366796821356,-0.30136562418192625,-0.2555885585024953,-0.3471426898613572,-0.07248029578477144,-0.019073719158768654
0.049788,-0.2632180694490671,-0.3471426898613572,-0.24795904755592346,-0.36240171175450087,-0.041962251998484135,-0.06485078483819962
0.050788,-0.2861066022887826,-0.2632180694490671,-0.2555885585024953,-0.40054926648736,-0.04959176294505596,-0.03433274105191231
0.051788,-0.36240171175450087,-0.2555885585024953,-0.32425415702164173,-0.3089951351284981,-0.10299833957105875,0.003814813680946827
0.052788,-0.2555885585024953,-0.21744100376963615,-0.36240171175450087,-0.32425415702164173,-0.11062785051763058,0.01907383557409048
0.053788,-0.3471426898613572,-0.27847709134221077,-0.3395131789147854,-0.3166246460750699,-0.1182573614642024,-0.05722127389162779
0.054788,-0.2861066022887826,-0.2327000256627798,-0.3166246460750699,-0.36240171175450087,-0.1182573614642024,-0.04959176294505596
0.055788,-0.22507051471620798,-0.2021819818764925,-0.36240171175450087,-0.2937361132353544,-0.04959176294505596,-0.03433274105191231
0.056788,-0.2861066022887826,-0.2632180694490671,-0.27847709134221077,-0.36240171175450087,-0.1182573614642024,-0.011444208212196827
0.057788,-0.30136562418192625,-0.27847709134221077,-0.2327000256627798,-0.3700312227010727,-0.041962251998484135,0.01907383557409048
0.058788,-0.2937361132353544,-0.27847709134221077,-0.2937361132353544,-0.41580828838050365,-0.08010980673134327,-0.03433274105191231
0.059788,-0.3395131789147854,-0.30136562418192625,-0.3089951351284981,-0.3776607336476445,-0.09536882862448692,-0.13351638335734606
0.060788,-0.2327000256627798,-0.2632180694490671,-0.27084758039563894,-0.40817875415086746,-0.12588687241077423,-0.1182573614642024
0.061788,-0.40054926648736,-0.21744100376963615,-0.3395131789147854,-0.32425415702164173,-0.07248029578477144,-0.05722127389162779
0.062788,-0.32425415702164173,-0.3089951351284981,-0.3089951351284981,-0.3089951351284981,-0.06485078483819962,-0.06485078483819962
0.063788,-0.3700312227010727,-0.22507051471620798,-0.2555885585024953,-0.40054926648736,-0.05722127389162779,-0.07248029578477144
0.064788,-0.3089951351284981,-0.13351638335734606,-0.36240171175450087,-0.45395586639642715,-0.02670323010534048,0.003814813680946827
0.065788,-0.2555885585024953,-0.22507051471620798,-0.39291977882385254,-0.3776607336476445,-0.15640491619706154,-0.019073719158768654
0.066788,-0.22507051471620798,-0.27847709134221077,-0.2937361132353544,-0.36240171175450087,-0.10299833957105875,-0.15640491619706154
0.067788,-0.27084758039563894,-0.22507051471620798,-0.32425415702164173,-0.3471426898613572,-0.05722127389162779,-0.06485078483819962
0.068788,-0.2021819818764925,-0.22507051471620798,-0.2632180694490671,-0.36240171175450087,-0.0877393176779151,-0.0877393176779151
0.069788,-0.33188366796821356,-0.20981149282306433,-0.36240171175450087,-0.36240171175450087,-0.041962251998484135,-0.03433274105191231
0.070788,-0.17929344903677702,-0.27084758039563894,-0.3089951351284981,-0.3471426898613572,-0.07248029578477144,-0.09536882862448692
0.071788,-0.24795904755592346,-0.24032953660935163,-0.30136562418192625,-0.3395131789147854,-0.09536882862448692,-0.04959176294505596
0.072788,-0.27847709134221077,-0.27084758039563894,-0.2555885585024953,-0.35477220080792904,-0.10299833957105875,-0.09536882862448692
0.073788,-0.2632180694490671,-0.22507051471620798,-0.3089951351284981,-0.3700312227010727,-0.06485078483819962,-0.0877393176779151
0.07478800000000001,-0.27084758039563894,-0.2632180694490671,-0.30136562418192625,-0.33188366796821356,-0.10299833957105875,-0.2021819818764925
0.075788,-0.3166246460750699,-0.30136562418192625,-0.3089951351284981,-0.3471426898613572,-0.13351638335734606,-0.07248029578477144
0.076788,-0.2937361132353544,-0.27084758039563894,-0.32425415702164173,-0.35477220080792904,-0.08010980673134327,-0.10299833957105875
0.077788,-0.3089951351284981,-0.24032953660935163,-0.30136562418192625,-0.3166246460750699,-0.11062785051763058,-0.05722127389162779
0.078788,-0.33188366796821356,-0.2555885585024953,-0.32425415702164173,-0.35477220080792904,-0.06485078483819962,-0.06485078483819962
0.079788,-0.3166246460750699,-0.22507051471620798,-0.27847709134221077,-0.3089951351284981,-0.1182573614642024,-0.10299833957105875
0.080788,-0.32425415702164173,-0.2327000256627798,-0.3395131789147854,-0.30136562418192625,-0.03433274105191231,-0.10299833957105875
0.081788,-0.2555885585024953,-0.20981149282306433,-0.27847709134221077,-0.30136562418192625,-0.0877393176779151,-0.10299833957105875
0.082788,-0.27847709134221077,-0.24795904755592346,-0.27847709134221077,-0.30136562418192625,-0.07248029578477144,-0.09536882862448692
0.083788,-0.3700312227010727,-0.22507051471620798,-0.2861066022887826,-0.40817875415086746,-0.10299833957105875,-0.03433274105191231
0.084788,-0.21744100376963615,-0.21744100376963615,-0.27847709134221077,-0.3700312227010727,-0.05722127389162779,-0.05722127389162779
0.085788,-0.3089951351284981,-0.20981149282306433,-0.3166246460750699,-0.30136562418192625,-0.1182573614642024,-0.05722127389162779
0.086788,-0.3776607336476445,-0.21744100376963615,-0.32425415702164173,-0.32425415702164173,-0.15640491619706154,-0.0877393176779151
0.087788,-0.3089951351284981,-0.2327000256627798,-0.30136562418192625,-0.32425415702164173,-0.14114589430391788,-0.003814697265625
0.088788,-0.24795904755592346,-0.2937361132353544,-0.32425415702164173,-0.3471426898613572,-0.05722127389162779,-0.04959176294505596
0.089788,-0.2937361132353544,-0.21744100376963615,-0.3471426898613572,-0.3471426898613572,-0.08010980673134327,-0.09536882862448692
0.090788,-0.2021819818764925,1.2474250979721546,-1.1329823173582554,-0.7896543480455875,0.8354315534234047,0.5683986470103264
0.091788,1.8425269052386284,6.290531903505325,-3.6964979022741318,-1.8806744366884232,3.6125734448432922,2.7504388242959976
0.092788,6.992446631193161,11.478599160909653,-8.915083110332489,-4.123750701546669,9.533073753118515,3.4447241574525833
0.093788,0.6141756661236286,1.6441596671938896,-11.91348135471344,-6.824597716331482,14.660105109214783,-0.7362477481365204
0.094788,-1.049057673662901,-5.9548333287239075,-14.91950899362564,-9.464408457279205,19.062332808971405,-4.139009490609169
0.095788,0.3318837843835354,-13.51567804813385,-19.74898874759674,-13.103684782981873,25.547417998313904,-10.723277926445007
0.096788,12.905317544937134,-7.541771233081818,-26.997023820877075,-17.322804033756256,33.57366323471069,-13.141833245754242
0.097788,18.894484639167786,1.8501564860343933,-29.40032184123993,-17.696650326251984,35.48104166984558,-10.540169477462769
0.098788,16.018158197402954,10.074768960475922,-30.399787425994873,-17.147326469421387,37.03746199607849,-4.169527813792229
0.099788,9.136339277029037,11.303120851516724,-32.68100917339325,-18.07812601327896,41.09635949134827,-0.8049133233726025
0.100788,5.58861680328846,10.669871419668198,-35.49630045890808,-19.63454633951187,45.46807110309601,-0.19455247092992067
0.101788,8.365758508443832,9.998474270105362,-37.968260049819946,-20.756083726882935,48.3138769865036,-2.4834057316184044
0.102788,13.759823143482208,8.518349379301071,-40.28763175010681,-22.198061645030975,50.747692584991455,-6.427863240242004
0.103788,17.528802156448364,5.5428396910429,-42.66803860664368,-23.609521985054016,53.4180223941803,-10.822461545467377
0.104788,17.795833945274353,3.818570449948311,-44.392308592796326,-24.43350851535797,55.69161772727966,-12.615396082401276
0.10578800000000001,17.643244564533234,3.8567177951335907,-45.12474238872528,-24.47165697813034,56.61478638648987,-13.012130558490753
0.10678800000000001,18.2459756731987,3.3836882561445236,-45.58251202106476,-24.56320971250534,56.950485706329346,-13.927672803401947
0.107788,19.64980512857437,1.9874876365065575,-45.956358313560486,-24.46402609348297,57.186996936798096,-16.186007857322693
0.108788,20.244906842708588,1.0185398161411285,-46.086061000823975,-24.280919134616852,57.019150257110596,-17.101548612117767
0.109788,20.15335261821747,0.789654441177845,-45.59777081012726,-23.640039563179016,56.11124038696289,-17.856870591640472
0.110788,20.09231746196747,0.4234379157423973,-44.92637515068054,-23.02204966545105,55.08888363838196,-17.833982408046722
0.111788,20.00076323747635,-0.2861066022887826,-44.453346729278564,-22.335393726825714,54.27252650260925,-18.841077387332916
0.112788,19.95498538017273,-1.3008315116167068,-44.15579438209534,-21.931029856204987,53.68505120277405,-19.245441257953644
0.113788,20.565347373485565,-2.674143575131893,-44.08712983131409,-21.69451415538788,53.34935784339905,-20.824749767780304
0.114788,20.710307359695435,-3.5820554941892624,-44.08712983131409,-21.48851752281189,53.27305793762207,-21.50377631187439
0.115788,20.946823060512543,-4.589150846004486,-44.21682953834534,-21.32066786289215,53.14335823059082,-22.419318556785583
0.116788,21.40459269285202,-5.413138121366501,-44.16342377662659,-21.000228822231293,52.97551155090332,-23.12123328447342
0.117788,21.755550801753998,-6.046387553215027,-44.16342377662659,-20.740824937820435,52.70847678184509,-23.525597155094147
0.118788,21.984435617923737,-6.191347911953926,-44.0337210893631,-20.397497713565826,52.380406856536865,-23.754481971263885
0.119788,22.098878026008606,-6.488899141550064,-43.8658744096756,-20.00076323747635,51.90737843513489,-23.754481971263885
0.120788,22.068360447883606,-6.649118661880493,-43.68276596069336,-19.512474536895752,51.50301456451416,-23.685815930366516
0.12178800000000001,21.64873778820038,-6.542305648326874,-43.40810179710388,-19.001297652721405,51.00709795951843,-23.14412146806717
0.122788,21.14519029855728,-6.244754791259766,-43.011367321014404,-18.47486048936844,50.57983994483948,-22.480353713035583
0.123788,20.717936754226685,-6.092164292931557,-42.835888266563416,-18.09338480234146,50.32806992530823,-21.816585958003998
0.124788,20.771344006061554,-6.0997940599918365,-42.751964926719666,-17.658503353595734,50.0457763671875,-21.51903510093689
0.125788,20.786602795124054,-6.191347911953926,-42.65277981758118,-17.322804033756256,49.81689155101776,-21.000228822231293
0.126788,20.954452455043793,-6.191347911953926,-42.62989163398743,-16.956588625907898,49.69481825828552,-20.778973400592804
0.127788,21.000228822231293,-6.237125024199486,-42.62226223945618,-16.58274233341217,49.450674653053284,-20.14572322368622
0.128788,20.984970033168793,-6.336309015750885,-42.48493313789368,-16.216525435447693,49.351492524147034,-19.581139087677002
0.12978800000000001,21.076524257659912,-5.9624627232551575,-42.50782132148743,-15.789273381233215,49.160754680633545,-18.871594965457916
0.13078800000000002,21.015487611293793,-5.7946134358644485,-42.43915379047394,-15.331502258777618,49.038681387901306,-18.13916265964508
0.13178800000000002,21.14519029855728,-5.458914861083031,-42.43915379047394,-14.881360530853271,48.80979657173157,-17.246510088443756
0.13278800000000002,21.076524257659912,-5.191881954669952,-42.33997166156769,-14.469367265701294,48.63431751728058,-16.4835587143898
0.13378800000000002,21.038375794887543,-4.978255927562714,-42.33234226703644,-14.049744606018066,48.52750301361084,-15.568016469478607
0.13478800000000002,21.084153652191162,-4.657816514372826,-42.33997166156769,-13.637751340866089,48.65720570087433,-14.94239717721939
0.13578800000000002,21.14519029855728,-4.451819509267807,-42.48493313789368,-13.40123564004898,48.77164959907532,-14.026856422424316
0.13678800000000002,21.076524257659912,-4.222934320569038,-42.698559165000916,-13.012130558490753,49.046310782432556,-13.34020048379898
0.13778800000000002,20.817120373249054,-3.94827201962471,-42.851147055625916,-12.737467885017395,49.214160442352295,-12.561990320682526
0.13878800000000002,20.389868319034576,-3.6812391132116318,-42.942702770233154,-12.325474619865417,49.412527680397034,-11.661707609891891
0.13978800000000002,20.0541689991951,-3.192950412631035,-42.858776450157166,-11.89822256565094,49.56511855125427,-10.723277926445007
0.14078800000000002,19.68795359134674,-2.6054779067635536,-42.919814586639404,-11.455710977315903,49.59563612937927,-9.769588708877563
0.14178800000000003,19.375142455101013,-2.1629663184285164,-42.996108531951904,-11.043716967105865,49.66430068016052,-9.067673981189728
0.14278800000000003,19.039444625377655,-1.8501562997698784,-42.919814586639404,-10.563057661056519,49.66430068016052,-8.388647437095642
0.14378800000000003,18.642710149288177,-1.6899365931749344,-42.820629477500916,-10.2273590862751,49.65667128562927,-7.831692695617676
0.14478800000000003,18.47486048936844,-1.5831233933568,-42.67566800117493,-9.822995215654373,49.69481825828552,-7.3662929236888885
0.14578800000000003,18.38330626487732,-1.57549399882555,-42.56885647773743,-9.349965304136276,49.61852431297302,-6.961928308010101
0.14678800000000003,18.42908412218094,-1.6823071986436844,-42.46204197406769,-9.014267474412918,49.62615370750427,-6.916151940822601
0.147788,18.37567687034607,-2.1705958992242813,-42.18738079071045,-8.65567997097969,49.450674653053284,-6.839856505393982
0.148788,18.2917520403862,-2.2926680743694305,-41.82879328727722,-8.182650804519653,49.046310782432556,-6.778820604085922
0.149788,18.520638346672058,-2.4452582001686096,-40.99717736244202,-7.694362103939056,48.11550974845886,-6.488899141550064
0.150788,18.29938143491745,-2.39948108792305,-40.10452330112457,-6.923781335353851,46.97108566761017,-6.244754791259766
0.151788,18.23834627866745,-2.4299992248415947,-38.83802592754364,-6.343938410282135,45.54436504840851,-6.008239835500717
0.152788,18.22308748960495,-2.849622257053852,-37.31975257396698,-5.825131386518478,43.85824501514435,-5.748836323618889
0.153788,17.772945761680603,-3.5591669380664825,-35.69466769695282,-5.3139545023441315,41.82879328727722,-5.725947767496109
0.154788,19.306477904319763,2.712291106581688,-34.49683487415314,-4.940108209848404,39.799344539642334,-2.39948108792305
0.155788,16.117341816425323,-7.640954852104187,-30.697336792945862,-4.741740971803665,35.73281466960907,-8.57938528060913
0.156788,14.187075197696686,-8.556496351957321,-27.416646480560303,-4.482337459921837,32.02487230300903,-7.3662929236888885
0.157788,14.194704592227936,-2.7809567749500275,-24.76920783519745,-3.6125734448432922,28.660258650779724,-5.092698335647583
0.158788,11.547265201807022,-1.1787593364715576,-21.64873778820038,-3.0937666073441505,24.990463256835938,-2.544441819190979
0.159788,9.784847497940063,0.2479591639712453,-18.2459756731987,-2.521553263068199,21.15281969308853,-1.895933412015438
0.16078800000000001,7.8622110188007355,1.8501564860343933,-15.491722524166107,-1.895933412015438,17.833982408046722,-0.2021819818764925
0.16178800000000002,6.961929053068161,4.245822876691818,-13.004501163959503,-1.4915693551301956,14.812695980072021,1.2855726294219494
0.16278800000000002,6.183718517422676,5.909056216478348,-10.753795504570007,-1.1558708734810352,12.249179929494858,2.513923868536949
0.16378800000000002,4.772259294986725,6.305790692567825,-9.037155658006668,-0.9346149861812592,10.112916678190231,3.2234683632850647
0.16478800000000002,4.077973589301109,6.343938410282135,-7.480735331773758,-0.7286182604730129,8.312352001667023,3.162432461977005
0.16578800000000002,3.5286489874124527,6.252384185791016,-6.260013580322266,-0.5455099977552891,6.816968321800232,3.5515375435352325
0.16678800000000002,2.6131074875593185,6.1074234545230865,-5.222400277853012,-0.40054926648736,5.6420233100652695,3.3760584890842438
0.16778800000000002,1.2474250979721546,6.397344917058945,-4.428930953145027,-0.30136562418192625,4.741740971803665,3.803311288356781
0.16878800000000002,-0.19455247092992067,6.282902508974075,-3.467612713575363,-0.24795904755592346,3.7041276693344116,3.8490884006023407
0.16978800000000002,-1.3237200677394867,5.977721884846687,-2.5825893506407738,-0.08010980673134327,2.5902189314365387,3.6202028393745422
0.17078800000000002,-1.8883038312196732,7.442587614059448,-2.208743430674076,0.1106279669329524,2.193484455347061,4.856183752417564
0.17178800000000002,-0.2021819818764925,2.033264748752117,-1.102464273571968,0.1106279669329524,0.8278019726276398,0.27084769681096077
0.17278800000000002,-0.7286182604730129,1.2855726294219494,-1.0414281859993935,-0.27847709134221077,1.041428279131651,0.9803921915590763
0.17378800000000003,-0.39291977882385254,1.9569696858525276,-1.3694971799850464,-0.16403442714363337,1.2703136540949345,1.6136415302753448
0.17478800000000003,-0.43869679793715477,1.9188221544027328,-1.285572536289692,-0.08010980673134327,1.18638901039958,1.110093854367733
0.17578800000000003,-0.44632633216679096,1.3542382046580315,-1.0872052982449532,-0.2632180694490671,0.7667658850550652,1.4534219168126583
0.17678800000000003,0.10299845598638058,0.44632647186517715,-0.6065460853278637,-0.1716639380902052,0.32425427343696356,0.034332857467234135
0.17778800000000003,-0.43869679793715477,0.06485090125352144,-0.39291977882385254,-0.39291977882385254,0.1411460107192397,0.34714280627667904
0.178788,-0.1487754052504897,-0.19455247092992067,-0.2555885585024953,-0.3166246460750699,-0.13351638335734606,-0.2937361132353544
0.179788,-0.27084758039563894,-0.09536882862448692,-0.2861066022887826,-0.40817875415086746,-0.12588687241077423,-0.019073719158768654
0.180788,-0.38529024459421635,-0.2632180694490671,-0.32425415702164173,-0.3700312227010727,-0.1182573614642024,-0.27847709134221077
0.181788,-0.19455247092992067,-0.27847709134221077,-0.27847709134221077,-0.4692148417234421,-0.02670323010534048,-0.07248029578477144
0.182788,-0.38529024459421635,-0.27847709134221077,-0.24032953660935163,-0.39291977882385254,-0.03433274105191231,-0.21744100376963615
0.183788,-0.24032953660935163,-0.22507051471620798,-0.30136562418192625,-0.3776607336476445,-0.07248029578477144,-0.1182573614642024
0.184788,-0.3395131789147854,-0.2555885585024953,-0.3471426898613572,-0.3166246460750699,-0.10299833957105875,-0.18692295998334885
0.185788,-0.3395131789147854,-0.2632180694490671,-0.27084758039563894,-0.2937361132353544,-0.09536882862448692,-0.14114589430391788
0.186788,-0.2632180694490671,-0.1182573614642024,-0.3395131789147854,-0.41580828838050365,-0.03433274105191231,-0.041962251998484135
0.187788,-0.33188366796821356,-0.18692295998334885,-0.2861066022887826,-0.38529024459421635,-0.10299833957105875,-0.17929344903677702
0.188788,-0.2021819818764925,-0.2021819818764925,-0.3089951351284981,-0.39291977882385254,-0.0877393176779151,-0.09536882862448692
0.189788,-0.33188366796821356,-0.24032953660935163,-0.3471426898613572,-0.42343782261013985,-0.04959176294505596,-0.24795904755592346
0.190788,-0.2937361132353544,-0.2555885585024953,-0.2861066022887826,-0.40817875415086746,-0.0877393176779151,-0.18692295998334885
0.19178800000000001,-0.2021819818764925,-0.18692295998334885,-0.24032953660935163,-0.3471426898613572,-0.011444208212196827,-0.1182573614642024
0.19278800000000001,-0.30136562418192625,-0.36240171175450087,-0.2632180694490671,-0.43869679793715477,-0.10299833957105875,-0.14114589430391788
0.19378800000000002,-0.3166246460750699,-0.3166246460750699,-0.2937361132353544,-0.5073624197393656,-0.13351638335734606,-0.20981149282306433
0.19478800000000002,-0.22507051471620798,-0.22507051471620798,-0.3089951351284981,-0.3776607336476445,-0.0877393176779151,-0.1716639380902052
0.19578800000000002,-0.2861066022887826,-0.2327000256627798,-0.3089951351284981,-0.3700312227010727,-0.08010980673134327,-0.17929344903677702
0.19678800000000002,-0.24795904755592346,-0.3089951351284981,-0.30136562418192625,-0.3776607336476445,-0.10299833957105875,-0.1716639380902052
0.19778800000000002,-0.22507051471620798,-0.27084758039563894,-0.30136562418192625,-0.33188366796821356,-0.10299833957105875,-0.2021819818764925
0.19878800000000002,-0.22507051471620798,0.32425427343696356,-0.5989165510982275,0.2479591639712453,0.20218209829181433,0.12588698882609606
0.19978800000000002,1.4839399605989456,4.077973589301109,-2.1095596253871918,3.5362783819437027,1.2169070541858673,3.4065768122673035
0.20078800000000002,5.1461052149534225,8.907453715801239,-4.8256658017635345,9.220264106988907,2.986953593790531,9.914549440145493
0.20178800000000002,11.348897218704224,13.51567804813385,-8.86167660355568,18.07812601327896,6.557564437389374,18.688486516475677
0.20278800000000002,-0.5683985073119402,2.5902189314365387,-10.26550680398941,20.595864951610565,9.632257372140884,0.17929356545209885
0.20378800000000002,-5.3215838968753815,-5.107957497239113,-12.180513888597488,23.846036195755005,12.523841857910156,-8.388647437095642
0.20478800000000003,-3.8643471896648407,-13.218127191066742,-15.903715789318085,30.231937766075134,16.269932687282562,-14.91950899362564
0.20578800000000003,11.738002300262451,-13.813228905200958,-23.807889223098755,45.918211340904236,22.77027517557144,3.7499047815799713
0.20678800000000003,24.48691576719284,-6.687266379594803,-26.928359270095825,52.54063010215759,23.846036195755005,21.854734420776367
0.20778800000000003,23.990997672080994,3.2539863139390945,-27.64553427696228,55.523765087127686,24.135957658290863,25.844967365264893
0.20878800000000003,18.902114033699036,9.090562164783478,-30.170899629592896,60.91783046722412,27.233538031578064,22.686350345611572
0.20978800000000003,14.415961503982544,12.043183296918869,-33.176928758621216,67.89120435714722,31.13984763622284,18.734264373779297
0.21078800000000003,13.210497796535492,10.936903953552246,-35.97695827484131,73.5370397567749,34.35187339782715,16.216525435447693
0.211788,16.132600605487823,7.503624260425568,-38.80750834941864,79.16762232780457,37.12901473045349,16.70481413602829
0.212788,20.199130475521088,2.1248187869787216,-41.82116389274597,84.93552803993225,39.99771177768707,17.124436795711517
0.213788,21.2367445230484,-2.254520356655121,-44.560158252716064,90.39825797080994,43.018996715545654,14.97291475534439
0.214788,20.778973400592804,-2.4376286193728447,-46.39124274253845,94.15960907936096,44.94163393974304,13.782711327075958
0.215788,20.374609529972076,-1.6517890617251396,-47.29915261268616,96.31876349449158,45.849546790122986,13.317310810089111
0.216788,21.68688476085663,-2.6207368820905685,-48.13839793205261,98.32532405853271,46.4141309261322,13.912412524223328
0.217788,23.0296790599823,-4.314488545060158,-48.64194691181183,99.38582181930542,46.4751660823822,14.255741238594055
0.218788,23.472189903259277,-4.5204851776361465,-48.24521243572235,99.20271635055542,45.735102891922,14.858472347259521
0.219788,23.08308482170105,-3.9101243019104004,-47.383078932762146,97.92858958244324,44.491493701934814,15.01106321811676
0.220788,23.0144202709198,-3.7270158529281616,-46.5819776058197,96.57816290855408,43.30891966819763,15.331502258777618
0.221788,23.868924379348755,-5.306324735283852,-46.177613735198975,95.92965841293335,42.30182468891144,16.170749068260193
0.222788,24.319066107273102,-6.237125024199486,-45.59777081012726,94.98359560966492,41.371023654937744,16.247043013572693
0.22378800000000001,24.52506273984909,-7.694362103939056,-45.23155689239502,94.53345537185669,40.67673683166504,16.239413619041443
0.22478800000000002,24.50217455625534,-8.525978773832321,-44.79667246341705,93.79339218139648,40.03585875034332,16.041046380996704
0.22578800000000002,24.81498420238495,-9.311818331480026,-44.605934619903564,93.59502792358398,39.387351274490356,16.094453632831573
0.22678800000000002,25.471121072769165,-10.29602512717247,-44.247350096702576,93.2593286037445,38.98298740386963,16.81925654411316
0.22778800000000002,25.516900420188904,-10.43335646390915,-43.96505653858185,92.96177625656128,38.38025629520416,16.5293350815773
0.22878800000000002,24.71580058336258,-10.608834773302078,-43.42336058616638,91.98519587516785,37.63256371021271,16.63614809513092
0.22978800000000002,25.043869018554688,-10.753795504570007,-42.828258872032166,91.16120934486389,36.709392070770264,16.90318137407303
0.23078800000000002,24.76920783519745,-10.975051671266556,-42.31708347797394,90.28381705284119,36.1066609621048,17.032882571220398
0.23178800000000002,24.204623699188232,-10.669870674610138,-41.82116389274597,89.54375386238098,35.36659777164459,17.048142850399017
0.23278800000000002,24.074922502040863,-10.4562446475029,-41.371023654937744,89.1165018081665,34.908828139305115,17.109178006649017
0.23378800000000002,23.388266563415527,-9.708552807569504,-41.149768233299255,88.9333963394165,34.48920547962189,17.254139482975006
0.23478800000000002,23.23567569255829,-9.304188191890717,-40.99717736244202,88.82657885551453,34.18402373790741,17.498283088207245
0.23578800000000003,23.08308482170105,-9.426260739564896,-40.89799225330353,89.10887241363525,33.98565649986267,17.711909115314484
0.23678800000000003,22.93812483549118,-9.464408457279205,-40.95140099525452,89.52849507331848,33.87121260166168,17.917907238006592
0.23778800000000003,22.98390120267868,-9.632257372140884,-41.08110070228577,90.00152349472046,33.84069502353668,18.03997904062271
0.23878800000000003,22.93812483549118,-9.929808229207993,-41.302356123924255,90.96284508705139,33.91699194908142,18.520638346672058
0.23978800000000003,23.296712338924408,-9.906920045614243,-41.485464572906494,91.59609079360962,33.91699194908142,19.298848509788513
0.24078800000000003,22.87708818912506,-9.922178834676743,-41.72961115837097,92.48111844062805,33.93225073814392,19.199664890766144
0.24178800000000003,22.693979740142822,-9.456779062747955,-41.68383181095123,92.99229383468628,33.93988013267517,19.93209719657898
0.242788,22.92286604642868,-9.616998583078384,-41.64568483829498,93.5034692287445,33.84069502353668,20.740824937820435
0.243788,22.94575423002243,-9.136339277029037,-41.81353449821472,93.94598603248596,33.68810415267944,21.34355753660202
0.244788,23.19752871990204,-9.189745783805847,-41.98901355266571,94.75471377372742,33.75677168369293,22.060731053352356
0.245788,23.23567569255829,-9.189745783805847,-42.2560453414917,95.64736485481262,33.86358320713043,22.640573978424072
0.246788,23.441672325134277,-9.578850865364075,-42.49256253242493,96.49423956871033,33.97802710533142,23.27382266521454
0.247788,23.632410168647766,-9.731440991163254,-42.61463284492493,97.03593254089355,33.93988013267517,23.785001039505005
0.248788,23.556114733219147,-9.731440991163254,-42.63752102851868,97.43266701698303,33.96276831626892,24.46402758359909
0.249788,23.746852576732635,-9.266041219234467,-42.57648587226868,97.74547815322876,33.81780683994293,25.349050760269165
0.250788,23.998627066612244,-8.85404720902443,-42.47730076313019,97.89807200431824,33.67284536361694,26.31036937236786
0.251788,23.716334998607635,-8.457312732934952,-42.2713041305542,97.92858958244324,33.50499868392944,26.806285977363586
0.252788,23.571373522281647,-8.121614158153534,-42.05004870891571,97.67681360244751,33.123522996902466,27.157244086265564
0.253788,23.16700965166092,-7.816433906555176,-41.70672297477722,97.34111428260803,32.87174701690674,27.141985297203064
0.254788,22.74738699197769,-7.602807879447937,-41.203173995018005,96.71549797058105,32.54368007183075,27.355611324310303
0.255788,22.73975759744644,-7.2060734033584595,-40.85984528064728,96.0593581199646,31.948578357696533,27.56160795688629
0.256788,22.79316335916519,-6.900892406702042,-40.21896719932556,95.05226016044617,31.544214487075806,28.355076909065247
0.257788,22.73975759744644,-7.297626882791519,-39.448386430740356,93.83153915405273,30.8346688747406,28.728923201560974
0.258788,23.0907142162323,-7.2518497705459595,-38.69306445121765,91.9775664806366,29.995423555374146,29.31639552116394
0.259788,22.82368242740631,-7.480735331773758,-37.31212317943573,89.03257846832275,28.759440779685974,29.56053912639618
0.260788,21.854734420776367,-7.427328824996948,-35.45815348625183,85.21019220352173,27.264058589935303,28.805220127105713
0.261788,23.998627066612244,-5.809872597455978,-33.96276831626892,81.3115119934082,25.509271025657654,32.00198411941528
0.262788,21.22148424386978,-8.266574889421463,-31.11695945262909,74.49836134910583,23.27382266521454,27.46242582798004
0.263788,19.184404611587524,-7.3662929236888885,-28.301671147346497,67.47921109199524,21.25963270664215,24.78446662425995
0.264788,15.781643986701965,-7.831692695617676,-25.173571705818176,60.337984561920166,18.955519795417786,20.06179839372635
0.265788,13.294422626495361,-6.191347911953926,-22.289615869522095,53.59349846839905,16.81162714958191,18.39856505393982
0.266788,11.135271191596985,-4.940108209848404,-19.291219115257263,46.29968702793121,14.446479082107544,15.232318639755249
0.267788,8.78538191318512,-3.2387271523475647,-16.41489267349243,39.379721879959106,12.256809324026108,13.050279021263123
0.268788,6.5957121551036835,-2.8191043063998222,-13.58434408903122,32.612344622612,10.20447090268135,11.020828783512115
0.26978800000000003,5.184252560138702,-0.7591363042593002,-11.036087572574615,26.485848426818848,8.045319467782974,9.243152290582657
0.27078800000000003,3.97878997027874,0.6599527783691883,-9.021896868944168,21.61821871995926,6.343938410282135,8.693827688694
0.27178800000000003,3.2463569194078445,1.9188221544027328,-7.1602962911129,17.315174639225006,4.9935150891542435,8.556496351957321
0.27278800000000003,2.36896313726902,2.4528877809643745,-5.58861680328846,13.39360624551773,3.7499047815799713,6.961929053068161
0.27378800000000003,0.9956512600183487,2.7504388242959976,-4.345006495714188,10.28839573264122,2.712291106581688,5.48180378973484
0.27478800000000003,0.07248041220009327,2.9411764815449715,-3.353169932961464,7.907988131046295,2.1248187869787216,4.3755244463682175
0.27578800000000003,-0.751506770029664,3.521019220352173,-2.6131074875593185,6.046387553215027,1.415274292230606,3.4294653683900833
0.27678800000000003,-1.0795757174491882,3.7041276693344116,-2.0103760063648224,4.5052263885736465,0.9422446601092815,2.994583174586296
0.27778800000000003,-0.4997328855097294,2.2850386798381805,-1.3466086238622665,2.9259175062179565,0.37766085006296635,3.3989470452070236
0.27878800000000004,-0.06485078483819962,1.1558709666132927,-0.9269854985177517,1.7204547300934792,-0.12588687241077423,3.3531703054904938
0.27978800000000004,-0.12588687241077423,-0.24032953660935163,-0.4310673102736473,0.1640345435589552,-0.5760280415415764,2.4986648932099342
0.28078800000000004,0.39291987195611,-0.39291977882385254,-0.2632180694490671,0.20218209829181433,-0.5531394854187965,3.665979951620102
0.28178800000000004,-0.02670323010534048,0.09536894503980875,-0.30136562418192625,-0.19455247092992067,-0.7133591920137405,2.704661712050438
0.28278800000000004,0.06485090125352144,-0.4310673102736473,-0.1716639380902052,-0.10299833957105875,-0.6523231044411659,3.1166553497314453
0.28378800000000004,0.3013657405972481,-0.3395131789147854,-0.2021819818764925,-0.14114589430391788,-0.5683985073119402,2.8877699747681618
0.28478800000000004,-0.05722127389162779,-0.44632633216679096,-0.1487754052504897,-0.22507051471620798,-0.6752116605639458,2.9640650376677513
0.28578800000000004,0.08773943409323692,-0.47684437595307827,-0.20981149282306433,-0.21744100376963615,-0.6599526386708021,2.9640650376677513
0.28678800000000004,0.26321818586438894,-0.40817875415086746,-0.11062785051763058,-0.2632180694490671,-0.6523231044411659,2.849622443318367
0.28778800000000004,-0.019073719158768654,-0.43869679793715477,-0.19455247092992067,-0.2555885585024953,-0.6294345948845148,2.994583174586296
0.28878800000000004,0.08773943409323692,-0.4997328855097294,-0.18692295998334885,-0.24032953660935163,-0.560768973082304,2.9106585308909416
0.28978800000000005,0.09536894503980875,-0.3471426898613572,-0.16403442714363337,-0.24032953660935163,-0.6294345948845148,2.9793240129947662
0.29078800000000005,0.04196236841380596,-0.4921033978462219,-0.2632180694490671,-0.2861066022887826,-0.6294345948845148,2.7885863557457924
0.291788,0.17929356545209885,-0.44632633216679096,-0.19455247092992067,-0.2555885585024953,-0.6446936167776585,3.017471730709076
0.292788,0.1106279669329524,-0.3471426898613572,-0.27847709134221077,-0.1487754052504897,-0.6065460853278637,2.8114749118685722
0.293788,0.12588698882609606,-0.4615853540599346,-0.17929344903677702,-0.2021819818764925,-0.6981002166867256,2.9488060623407364
0.294788,0.057221390306949615,-0.42343782261013985,-0.21744100376963615,-0.20981149282306433,-0.5989165510982275,2.834363281726837
0.295788,0.057221390306949615,-0.4310673102736473,-0.19455247092992067,-0.24032953660935163,-0.6294345948845148,2.9335470870137215
0.296788,0.13351649977266788,-0.44632633216679096,-0.19455247092992067,-0.21744100376963615,-0.637064129114151,2.9411764815449715
0.297788,0.07248041220009327,-0.4310673102736473,-0.15640491619706154,-0.1716639380902052,-0.637064129114151,2.9030289500951767
0.298788,0.09536894503980875,-0.35477220080792904,-0.1716639380902052,-0.24795904755592346,-0.5683985073119402,2.9411764815449715
0.299788,0.07248041220009327,-0.33188366796821356,-0.15640491619706154,-0.22507051471620798,-0.637064129114151,2.9106585308909416
0.300788,0.057221390306949615,-0.3471426898613572,-0.18692295998334885,-0.2021819818764925,-0.6828411482274532,2.9335470870137215
0.301788,0.06485090125352144,-0.39291977882385254,-0.22507051471620798,-0.22507051471620798,-0.5836575292050838,2.9030289500951767
0.302788,0.09536894503980875,-0.36240171175450087,-0.13351638335734606,-0.22507051471620798,-0.6294345948845148,2.9335470870137215
0.303788,0.06485090125352144,-0.44632633216679096,-0.2555885585024953,-0.24032953660935163,-0.7057297043502331,2.8038453310728073
0.304788,,,,,,
0.305788,,,,,,
0.306788,,,,,,
0.307788,,,,,,
0.308788,,,,,,
0.309788,,,,,,
0.310788,,,,,,
0.311788,,,,,,
0.312788,,,,,,
0.313788,,,,,,
0.314788,,,,,,
0.315788,,,,,,
0.316788,,,,,,
0.317788,,,,,,
0.318788,,,,,,
0.319788,,,,,,
0.320788,,,,,,
0.321788,,,,,,
0.322788,,,,,,
0.323788,,,,,,
0.324788,,,,,,
0.325788,,,,,,
0.326788,,,,,,
0.327788,,,,,,
0.328788,,,,,,
0.329788,,,,,,
0.330788,,,,,,
0.331788,,,,,,
0.33278800000000003,,,,,,
0.33378800000000003,,,,,,
0.33478800000000003,,,,,,
0.33578800000000003,,,,,,
0.33678800000000003,,,,,,
0.33778800000000003,,,,,,
0.33878800000000003,,,,,,
0.33978800000000003,,,,,,
0.34078800000000004,,,,,,
0.34178800000000004,,,,,,
0.34278800000000004,,,,,,
0.34378800000000004,,,,,,
0.34478800000000004,,,,,,
0.34578800000000004,,,,,,
0.34678800000000004,,,,,,
0.34778800000000004,,,,,,
0.34878800000000004,,,,,,
0.34978800000000004,,,,,,
0.35078800000000004,,,,,,
0.35178800000000005,,,,,,
0.35278800000000005,,,,,,
0.35378800000000005,,,,,,
0.354788,,,,,,
0.355788,,,,,,
0.356788,,,,,,
0.357788,,,,,,
0.358788,,,,,,
0.359788,,,,,,
0.360788,,,,,,
0.361788,,,,,,
0.362788,,,,,,
0.363788,,,,,,
0.364788,,,,,,
0.365788,,,,,,
0.366788,,,,,,
0.367788,,,,,,
0.368788,,,,,,
0.369788,,,,,,
0.370788,,,,,,
0.371788,,,,,,
0.372788,,,,,,
0.373788,,,,,,
0.374788,,,,,,
0.375788,,,,,,
0.376788,,,,,,
0.377788,,,,,,
0.378788,,,,,,
0.379788,,,,,,
0.380788,,,,,,
0.381788,,,,,,
0.382788,,,,,,
0.383788,,,,,,
0.384788,,,,,,
0.385788,,,,,,
0.386788,,,,,,
0.387788,,,,,,
0.388788,,,,,,
0.389788,,,,,,
0.390788,,,,,,
0.391788,,,,,,
0.392788,,,,,,
0.393788,,,,,,
0.39478800000000003,,,,,,
0.39578800000000003,,,,,,
0.39678800000000003,,,,,,
0.39778800000000003,,,,,,
0.39878800000000003,,,,,,
0.39978800000000003,,,,,,
0.40078800000000003,,,,,,
0.40178800000000003,,,,,,
0.40278800000000003,,,,,,
0.40378800000000004,,,,,,
0.40478800000000004,,,,,,
0.40578800000000004,,,,,,
0.40678800000000004,,,,,,
0.40778800000000004,,,,,,
0.40878800000000004,,,,,,
0.40978800000000004,,,,,,
0.41078800000000004,,,,,,
0.41178800000000004,,,,,,
0.41278800000000004,,,,,,
0.41378800000000004,,,,,,
0.41478800000000005,,,,,,
0.41578800000000005,,,,,,
0.41678800000000005,,,,,,
0.41778800000000005,,,,,,
0.41878800000000005,,,,,,
0.419788,,,,,,
0.420788,,,,,,
0.421788,,,,,,
0.422788,,,,,,
0.423788,,,,,,
0.424788,,,,,,
0.425788,,,,,,
0.426788,,,,,,
0.427788,,,,,,
0.428788,,,,,,
0.429788,,,,,,
0.430788,,,,,,
0.431788,,,,,,
0.432788,,,,,,
0.433788,,,,,,
0.434788,,,,,,
0.435788,,,,,,
0.436788,,,,,,
0.437788,,,,,,
0.438788,,,,,,
0.439788,,,,,,
0.440788,,,,,,
0.441788,,,,,,
0.442788,,,,,,
0.443788,,,,,,
0.444788,,,,,,
0.445788,,,,,,
0.446788,,,,,,
0.447788,,,,,,
0.448788,,,,,,
0.449788,,,,,,
0.450788,,,,,,
0.451788,,,,,,
0.452788,,,,,,
0.453788,,,,,,
0.454788,,,,,,
0.455788,,,,,,
0.456788,,,,,,
0.45778800000000003,,,,,,
0.45878800000000003,,,,,,
0.45978800000000003,,,,,,
0.46078800000000003,,,,,,
0.46178800000000003,,,,,,
0.46278800000000003,,,,,,
0.46378800000000003,,,,,,
0.46478800000000003,,,,,,
0.46578800000000004,,,,,,
0.46678800000000004,,,,,,
0.46778800000000004,,,,,,
0.46878800000000004,,,,,,
0.46978800000000004,,,,,,
0.47078800000000004,,,,,,
0.47178800000000004,,,,,,
0.47278800000000004,,,,,,
0.47378800000000004,,,,,,
0.47478800000000004,,,,,,
0.47578800000000004,,,,,,
0.47678800000000005,,,,,,
0.47778800000000005,,,,,,
0.47878800000000005,,,,,,
0.47978800000000005,,,,,,
0.48078800000000005,,,,,,
0.48178800000000005,,,,,,
0.482788,,,,,,
0.483788,,,,,,
0.484788,,,,,,
0.485788,,,,,,
0.486788,,,,,,
0.487788,,,,,,
0.488788,,,,,,
0.489788,,,,,,
0.490788,,,,,,
0.491788,,,,,,
0.492788,,,,,,
0.493788,,,,,,
0.494788,,,,,,
0.495788,,,,,,
0.496788,,,,,,
0.497788,,,,,,
0.498788,,,,,,
0.499788,,,,,,
0.500788,,,,,,
0.501788,,,,,,
0.502788,,,,,,
0.503788,,,,,,
0.504788,,,,,,
0.505788,,,,,,
0.506788,,,,,,
0.507788,,,,,,
0.508788,,,,,,
0.509788,,,,,,
0.510788,,,,,,
0.511788,,,,,,
0.512788,,,,,,
0.513788,,,,,,
0.514788,,,,,,
0.515788,,,,,,
0.516788,,,,,,
0.517788,,,,,,
0.518788,,,,,,
0.519788,,,,,,
0.520788,,,,,,
0.521788,,,,,,
0.522788,,,,,,
0.523788,,,,,,
0.524788,,,,,,
0.525788,,,,,,
0.526788,,,,,,
0.527788,,,,,,
0.528788,,,,,,
0.529788,,,,,,
0.530788,,,,,,
0.531788,,,,,,
0.532788,,,,,,
0.533788,,,,,,
0.534788,,,,,,
0.535788,,,,,,
0.536788,,,,,,
0.537788,,,,,,
0.538788,,,,,,
0.539788,,,,,,
0.540788,,,,,,
0.541788,,,,,,
0.542788,,,,,,
0.543788,,,,,,
0.544788,,,,,,
0.545788,,,,,,
0.546788,,,,,,
0.547788,,,,,,
0.548788,,,,,,
0.549788,,,,,,
0.550788,,,,,,
0.5517880000000001,,,,,,
0.5527880000000001,,,,,,
0.5537880000000001,,,,,,
0.5547880000000001,,,,,,
0.5557880000000001,,,,,,
0.5567880000000001,,,,,,
0.5577880000000001,,,,,,
0.5587880000000001,,,,,,
0.5597880000000001,,,,,,
0.5607880000000001,,,,,,
0.5617880000000001,,,,,,
0.5627880000000001,,,,,,
0.5637880000000001,,,,,,
0.5647880000000001,,,,,,
0.5657880000000001,,,,,,
0.5667880000000001,,,,,,
0.5677880000000001,,,,,,
0.5687880000000001,,,,,,
0.5697880000000001,,,,,,
0.5707880000000001,,,,,,
0.5717880000000001,,,,,,
0.5727880000000001,,,,,,
0.5737880000000001,,,,,,
0.5747880000000001,,,,,,
0.5757880000000001,,,,,,
0.5767880000000001,,,,,,
0.5777880000000001,,,,,,
0.5787880000000001,,,,,,
0.579788,,,,,,
0.580788,,,,,,
0.581788,,,,,,
0.582788,,,,,,
0.583788,,,,,,
0.584788,,,,,,
0.585788,,,,,,
0.586788,,,,,,
0.587788,,,,,,
0.588788,,,,,,
0.589788,,,,,,
0.590788,,,,,,
0.591788,,,,,,
0.592788,,,,,,
0.593788,,,,,,
0.594788,,,,,,
0.595788,,,,,,
0.596788,,,,,,
0.597788,,,,,,
0.598788,,,,,,
0.599788,,,,,,
0.600788,,,,,,
0.601788,,,,,,
0.602788,,,,,,
0.603788,,,,,,
0.604788,,,,,,
0.605788,,,,,,
0.606788,,,,,,
0.607788,,,,,,
0.608788,,,,,,
0.609788,,,,,,
0.610788,,,,,,
0.611788,,,,,,
0.612788,,,,,,
0.613788,,,,,,
0.614788,,,,,,
0.615788,,,,,,
0.616788,,,,,,
0.617788,,,,,,
0.618788,,,,,,
0.619788,,,,,,
0.620788,,,,,,
0.621788,,,,,,
0.622788,,,,,,
0.623788,,,,,,
0.624788,,,,,,
0.625788,,,,,,
0.626788,,,,,,
0.627788,,,,,,
0.628788,,,,,,
0.629788,,,,,,
0.630788,,,,,,
0.631788,,,,,,
0.632788,,,,,,
0.633788,,,,,,
0.634788,,,,,,
0.635788,,,,,,
0.636788,,,,,,
0.637788,,,,,,
0.638788,,,,,,
0.639788,,,,,,
0.640788,,,,,,
0.641788,,,,,,
0.642788,,,,,,
0.643788,,,,,,
0.644788,,,,,,
0.645788,,,,,,
0.646788,,,,,,
0.647788,,,,,,
0.648788,,,,,,
0.649788,,,,,,
0.650788,,,,,,
0.651788,,,,,,
0.652788,,,,,,
0.653788,,,,,,
0.654788,,,,,,
0.655788,,,,,,
0.656788,,,,,,
0.657788,,,,,,
0.658788,,,,,,
0.659788,,,,,,
0.660788,,,,,,
0.661788,,,,,,
0.662788,,,,,,
0.663788,,,,,,
0.664788,,,,,,
0.665788,,,,,,
0.666788,,,,,,
0.667788,,,,,,
0.668788,,,,,,
0.669788,,,,,,
0.670788,,,,,,
0.671788,,,,,,
0.672788,,,,,,
0.673788,,,,,,
0.674788,,,,,,
0.675788,,,,,,
0.6767880000000001,,,,,,
0.6777880000000001,,,,,,
0.6787880000000001,,,,,,
0.6797880000000001,,,,,,
0.6807880000000001,,,,,,
0.6817880000000001,,,,,,
0.6827880000000001,,,,,,
0.6837880000000001,,,,,,
0.6847880000000001,,,,,,
0.6857880000000001,,,,,,
0.6867880000000001,,,,,,
0.6877880000000001,,,,,,
0.6887880000000001,,,,,,
0.6897880000000001,,,,,,
0.6907880000000001,,,,,,
0.6917880000000001,,,,,,
0.6927880000000001,,,,,,
0.6937880000000001,,,,,,
0.6947880000000001,,,,,,
0.6957880000000001,,,,,,
0.6967880000000001,,,,,,
0.6977880000000001,,,,,,
0.6987880000000001,,,,,,
0.6997880000000001,,,,,,
0.7007880000000001,,,,,,
0.7017880000000001,,,,,,
0.7027880000000001,,,,,,
0.7037880000000001,,,,,,
0.7047880000000001,,,,,,
0.7057880000000001,,,,,,
0.706788,,,,,,
0.707788,,,,,,
0.708788,,,,,,
0.709788,,,,,,
0.710788,,,,,,
0.711788,,,,,,
0.712788,,,,,,
0.713788,,,,,,
0.714788,,,,,,
0.715788,,,,,,
0.716788,,,,,,
0.717788,,,,,,
0.718788,,,,,,
0.719788,,,,,,
0.720788,,,,,,
0.721788,,,,,,
0.722788,,,,,,
0.723788,,,,,,
0.724788,,,,,,
0.725788,,,,,,
0.726788,,,,,,
0.727788,,,,,,
0.728788,,,,,,
0.729788,,,,,,
0.730788,,,,,,
0.731788,,,,,,
0.732788,,,,,,
0.733788,,,,,,
0.734788,,,,,,
0.735788,,,,,,
0.736788,,,,,,
0.737788,,,,,,
0.738788,,,,,,
0.739788,,,,,,
0.740788,,,,,,
0.741788,,,,,,
0.742788,,,,,,
0.743788,,,,,,
0.744788,,,,,,
0.745788,,,,,,
0.746788,,,,,,
0.747788,,,,,,
0.748788,,,,,,
0.749788,,,,,,
0.750788,,,,,,
0.751788,,,,,,
0.752788,,,,,,
0.753788,,,,,,
0.754788,,,,,,
0.755788,,,,,,
0.756788,,,,,,
0.757788,,,,,,
0.758788,,,,,,
0.759788,,,,,,
0.760788,,,,,,
0.761788,,,,,,
0.762788,,,,,,
0.763788,,,,,,
0.764788,,,,,,
0.765788,,,,,,
0.766788,,,,,,
0.767788,,,,,,
0.768788,,,,,,
0.769788,,,,,,
0.770788,,,,,,
0.771788,,,,,,
0.772788,,,,,,
0.773788,,,,,,
0.774788,,,,,,
0.775788,,,,,,
0.776788,,,,,,
0.777788,,,,,,
0.778788,,,,,,
0.779788,,,,,,
0.780788,,,,,,
0.781788,,,,,,
0.782788,,,,,,
0.783788,,,,,,
0.784788,,,,,,
0.785788,,,,,,
0.786788,,,,,,
0.787788,,,,,,
0.788788,,,,,,
0.789788,,,,,,
0.790788,,,,,,
0.791788,,,,,,
0.792788,,,,,,
0.793788,,,,,,
0.794788,,,,,,
0.795788,,,,,,
0.796788,,,,,,
0.797788,,,,,,
0.798788,,,,,,
0.799788,,,,,,
0.800788,,,,,,
0.8017880000000001,,,,,,
0.8027880000000001,,,,,,
0.8037880000000001,,,,,,
0.8047880000000001,,,,,,
0.8057880000000001,,,,,,
0.8067880000000001,,,,,,
0.8077880000000001,,,,,,
0.8087880000000001,,,,,,
0.8097880000000001,,,,,,
0.8107880000000001,,,,,,
0.8117880000000001,,,,,,
0.8127880000000001,,,,,,
0.8137880000000001,,,,,,
0.8147880000000001,,,,,,
0.8157880000000001,,,,,,
0.8167880000000001,,,,,,
0.8177880000000001,,,,,,
0.8187880000000001,,,,,,
0.8197880000000001,,,,,,
0.8207880000000001,,,,,,
0.8217880000000001,,,,,,
0.8227880000000001,,,,,,
0.8237880000000001,,,,,,
0.8247880000000001,,,,,,
0.8257880000000001,,,,,,
0.8267880000000001,,,,,,
0.8277880000000001,,,,,,
0.8287880000000001,,,,,,
0.8297880000000001,,,,,,
0.8307880000000001,,,,,,
0.8317880000000001,,,,,,
0.8327880000000001,,,,,,
0.8337880000000001,,,,,,
0.8347880000000001,,,,,,
0.835788,,,,,,
0.836788,,,,,,
0.837788,,,,,,
0.838788,,,,,,
0.839788,,,,,,
0.840788,,,,,,
0.841788,,,,,,
0.842788,,,,,,
0.843788,,,,,,
0.844788,,,,,,
0.845788,,,,,,
0.846788,,,,,,
0.847788,,,,,,
0.848788,,,,,,
0.849788,,,,,,
0.850788,,,,,,
0.851788,,,,,,
0.852788,,,,,,
0.853788,,,,,,
0.854788,,,,,,
0.855788,,,,,,
0.856788,,,,,,
0.857788,,,,,,
0.858788,,,,,,
0.859788,,,,,,
0.860788,,,,,,
0.861788,,,,,,
0.862788,,,,,,
0.863788,,,,,,
0.864788,,,,,,
0.865788,,,,,,
0.866788,,,,,,
0.867788,,,,,,
0.868788,,,,,,
0.869788,,,,,,
0.870788,,,,,,
0.871788,,,,,,
0.872788,,,,,,
0.873788,,,,,,
0.874788,,,,,,
0.875788,,,,,,
0.876788,,,,,,
0.877788,,,,,,
0.878788,,,,,,
0.879788,,,,,,
0.880788,,,,,,
0.881788,,,,,,
0.882788,,,,,,
0.883788,,,,,,
0.884788,,,,,,
0.885788,,,,,,
0.886788,,,,,,
0.887788,,,,,,
0.888788,,,,,,
0.889788,,,,,,
0.890788,,,,,,
0.891788,,,,,,
0.892788,,,,,,
0.893788,,,,,,
0.894788,,,,,,
0.895788,,,,,,
0.896788,,,,,,
0.897788,,,,,,
0.898788,,,,,,
0.899788,,,,,,
0.900788,,,,,,
0.901788,,,,,,
0.902788,,,,,,
0.903788,,,,,,
0.904788,,,,,,
0.905788,,,,,,
0.906788,,,,,,
0.907788,,,,,,
0.908788,,,,,,
0.909788,,,,,,
0.910788,,,,,,
0.911788,,,,,,
0.912788,,,,,,
0.913788,,,,,,
0.914788,,,,,,
0.915788,,,,,,
0.916788,,,,,,
0.917788,,,,,,
0.918788,,,,,,
0.919788,,,,,,
0.920788,,,,,,
0.921788,,,,,,
0.922788,,,,,,
0.923788,,,,,,
0.924788,,,,,,
0.925788,,,,,,
0.9267880000000001,,,,,,
0.9277880000000001,,,,,,
0.9287880000000001,,,,,,
0.9297880000000001,,,,,,
0.9307880000000001,,,,,,
0.9317880000000001,,,,,,
0.9327880000000001,,,,,,
0.9337880000000001,,,,,,
0.9347880000000001,,,,,,
0.9357880000000001,,,,,,
0.9367880000000001,,,,,,
0.9377880000000001,,,,,,
0.9387880000000001,,,,,,
0.9397880000000001,,,,,,
0.9407880000000001,,,,,,
0.9417880000000001,,,,,,
0.9427880000000001,,,,,,
0.9437880000000001,,,,,,
0.9447880000000001,,,,,,
0.9457880000000001,,,,,,
0.9467880000000001,,,,,,
0.9477880000000001,,,,,,
0.9487880000000001,,,,,,
0.9497880000000001,,,,,,
0.9507880000000001,,,,,,
0.9517880000000001,,,,,,
0.9527880000000001,,,,,,
0.9537880000000001,,,,,,
0.9547880000000001,,,,,,
0.9557880000000001,,,,,,
0.9567880000000001,,,,,,
0.9577880000000001,,,,,,
0.9587880000000001,,,,,,
0.9597880000000001,,,,,,
0.9607880000000001,,,,,,
0.9617880000000001,,,,,,
0.962788,,,,,,
0.963788,,,,,,
0.964788,,,,,,
0.965788,,,,,,
0.966788,,,,,,
0.967788,,,,,,
0.968788,,,,,,
0.969788,,,,,,
0.970788,,,,,,
0.971788,,,,,,
0.972788,,,,,,
0.973788,,,,,,
0.974788,,,,,,
0.975788,,,,,,
0.976788,,,,,,
0.977788,,,,,,
0.978788,,,,,,
0.979788,,,,,,
0.980788,,,,,,
0.981788,,,,,,
0.982788,,,,,,
0.983788,,,,,,
0.984788,,,,,,
0.985788,,,,,,
0.986788,,,,,,
0.987788,,,,,,
0.988788,,,,,,
0.989788,,,,,,
0.990788,,,,,,
0.991788,,,,,,
0.992788,,,,,,
0.993788,,,,,,
0.994788,,,,,,
0.995788,,,,,,
0.996788,,,,,,
0.997788,,,,,,
0.998788,,,,,,
0.999788,,,,,,
1.000788,,,,,,
1.001788,,,,,,
1.002788,,,,,,
1.0037880000000001,,,,,,
1.004788,,,,,,
1.0057880000000001,,,,,,
1.006788,,,,,,
1.0077880000000001,,,,,,
1.008788,,,,,,
1.0097880000000001,,,,,,
1.010788,,,,,,
1.0117880000000001,,,,,,
1.012788,,,,,,
1.0137880000000001,,,,,,
1.014788,,,,,,
1.0157880000000001,,,,,,
1.016788,,,,,,
1.0177880000000001,,,,,,
1.018788,,,,,,
1.0197880000000001,,,,,,
1.020788,,,,,,
1.0217880000000001,,,,,,
1.022788,,,,,,
1.0237880000000001,,,,,,
1.024788,,,,,,
1.0257880000000001,,,,,,
1.026788,,,,,,
1.027788,,,,,,
1.028788,,,,,,
1.029788,,,,,,
1.030788,,,,,,
1.031788,,,,,,
1.032788,,,,,,
1.033788,,,,,,
1.034788,,,,,,
1.035788,,,,,,
1.036788,,,,,,
1.037788,,,,,,
1.038788,,,,,,
1.039788,,,,,,
1.040788,,,,,,
1.041788,,,,,,
1.042788,,,,,,
1.043788,,,,,,
1.044788,,,,,,
1.045788,,,,,,
1.046788,,,,,,
1.047788,,,,,,
1.048788,,,,,,
1.049788,,,,,,
1.050788,,,,,,
1.051788,,,,,,
1.052788,,,,,,
1.053788,,,,,,
1.054788,,,,,,
1.055788,,,,,,
1.056788,,,,,,
1.057788,,,,,,
1.058788,,,,,,
1.059788,,,,,,
1.060788,,,,,,
1.061788,,,,,,
1.062788,,,,,,
1.063788,,,,,,
1.064788,,,,,,
1.065788,,,,,,
1.066788,,,,,,
1.067788,,,,,,
1.068788,,,,,,
1.069788,,,,,,
1.070788,,,,,,
1.071788,,,,,,
1.072788,,,,,,
1.073788,,,,,,
1.074788,,,,,,
1.075788,,,,,,
1.076788,,,,,,
1.077788,,,,,,
1.078788,,,,,,
1.079788,,,,,,
1.080788,,,,,,
1.081788,,,,,,
1.082788,,,,,,
1.083788,,,,,,
1.084788,,,,,,
1.085788,,,,,,
1.086788,,,,,,
1.087788,,,,,,
1.088788,,,,,,
1.089788,,,,,,
1.090788,,,,,,
1.091788,,,,,,
1.092788,,,,,,
1.093788,,,,,,
1.094788,,,,,,
1.095788,,,,,,
1.096788,,,,,,
1.097788,,,,,,
1.098788,,,,,,
1.099788,,,,,,
1.100788,,,,,,
1.101788,,,,,,
1.102788,,,,,,
1.103788,,,,,,
1.104788,,,,,,
1.105788,,,,,,
1.106788,,,,,,
1.107788,,,,,,
1.108788,,,,,,
1.109788,,,,,,
1.110788,,,,,,
1.111788,,,,,,
1.112788,,,,,,
1.113788,,,,,,
1.1147880000000001,,,,,,
1.115788,,,,,,
1.1167880000000001,,,,,,
1.117788,,,,,,
1.1187880000000001,,,,,,
1.119788,,,,,,
1.1207880000000001,,,,,,
1.121788,,,,,,
1.1227880000000001,,,,,,
1.123788,,,,,,
1.1247880000000001,,,,,,
1.125788,,,,,,
1.1267880000000001,,,,,,
1.127788,,,,,,
1.1287880000000001,,,,,,
1.129788,,,,,,
1.1307880000000001,,,,,,
1.131788,,,,,,
1.1327880000000001,,,,,,
1.133788,,,,,,
1.1347880000000001,,,,,,
1.135788,,,,,,
1.1367880000000001,,,,,,
1.137788,,,,,,
1.1387880000000001,,,,,,
1.139788,,,,,,
1.1407880000000001,,,,,,
1.141788,,,,,,
1.1427880000000001,,,,,,
1.143788,,,,,,
1.1447880000000001,,,,,,
1.145788,,,,,,
1.1467880000000001,,,,,,
1.147788,,,,,,
1.1487880000000001,,,,,,
1.149788,,,,,,
1.1507880000000001,,,,,,
1.151788,,,,,,
1.1527880000000001,,,,,,
1.153788,,,,,,
1.1547880000000001,,,,,,
1.155788,,,,,,
1.156788,,,,,,
1.157788,,,,,,
1.158788,,,,,,
1.159788,,,,,,
1.160788,,,,,,
1.161788,,,,,,
1.162788,,,,,,
1.163788,,,,,,
1.164788,,,,,,
1.165788,,,,,,
1.166788,,,,,,
1.167788,,,,,,
1.168788,,,,,,
1.169788,,,,,,
1.170788,,,,,,
1.171788,,,,,,
1.172788,,,,,,
1.173788,,,,,,
1.174788,,,,,,
1.175788,,,,,,
1.176788,,,,,,
1.177788,,,,,,
1.178788,,,,,,
1.179788,,,,,,
1.180788,,,,,,
1.181788,,,,,,
1.182788,,,,,,
1.183788,,,,,,
1.184788,,,,,,
1.185788,,,,,,
1.186788,,,,,,
1.187788,,,,,,
1.188788,,,,,,
1.189788,,,,,,
1.190788,,,,,,
1.191788,,,,,,
1.192788,,,,,,
1.193788,,,,,,
1.194788,,,,,,
1.195788,,,,,,
1.196788,,,,,,
1.197788,,,,,,
1.198788,,,,,,
1.199788,,,,,,
1.200788,,,,,,
1.201788,,,,,,
1.202788,,,,,,
1.203788,,,,,,
1.204788,,,,,,
1.205788,,,,,,
1.206788,,,,,,
1.207788,,,,,,
1.208788,,,,,,
1.209788,,,,,,
1.210788,,,,,,
1.211788,,,,,,
1.212788,,,,,,
1.213788,,,,,,
1.214788,,,,,,
1.215788,,,,,,
1.216788,,,,,,
1.217788,,,,,,
1.218788,,,,,,
1.219788,,,,,,
1.220788,,,,,,
1.221788,,,,,,
1.222788,,,,,,
1.223788,,,,,,
1.224788,,,,,,
1.225788,,,,,,
1.226788,,,,,,
1.227788,,,,,,
1.228788,,,,,,
1.229788,,,,,,
1.230788,,,,,,
1.231788,,,,,,
1.232788,,,,,,
1.233788,,,,,,
1.234788,,,,,,
1.235788,,,,,,
1.236788,,,,,,
1.237788,,,,,,
1.238788,,,,,,
1.2397880000000001,,,,,,
1.240788,,,,,,
1.2417880000000001,,,,,,
1.242788,,,,,,
1.2437880000000001,,,,,,
1.244788,,,,,,
1.2457880000000001,,,,,,
1.246788,,,,,,
1.2477880000000001,,,,,,
1.248788,,,,,,
1.2497880000000001,,,,,,
1.250788,,,,,,
1.2517880000000001,,,,,,
1.252788,,,,,,
1.2537880000000001,,,,,,
1.254788,,,,,,
1.2557880000000001,,,,,,
1.256788,,,,,,
1.2577880000000001,,,,,,
1.258788,,,,,,
1.2597880000000001,,,,,,
1.260788,,,,,,
1.2617880000000001,,,,,,
1.262788,,,,,,
1.2637880000000001,,,,,,
1.264788,,,,,,
1.2657880000000001,,,,,,
1.266788,,,,,,
1.2677880000000001,,,,,,
1.268788,,,,,,
1.2697880000000001,,,,,,
1.270788,,,,,,
1.2717880000000001,,,,,,
1.272788,,,,,,
1.2737880000000001,,,,,,
1.274788,,,,,,
1.2757880000000001,,,,,,
1.276788,,,,,,
1.2777880000000001,,,,,,
1.278788,,,,,,
1.2797880000000001,,,,,,
1.280788,,,,,,
1.2817880000000001,,,,,,
1.282788,,,,,,
1.283788,,,,,,
1.284788,,,,,,
1.285788,,,,,,
1.286788,,,,,,
1.287788,,,,,,
1.288788,,,,,,
1.289788,,,,,,
1.290788,,,,,,
1.291788,,,,,,
1.292788,,,,,,
1.293788,,,,,,
1.294788,,,,,,
1.295788,,,,,,
1.296788,,,,,,
1.297788,,,,,,
1.298788,,,,,,
1.299788,,,,,,
1.300788,,,,,,
1.301788,,,,,,
1.302788,,,,,,
1.303788,,,,,,
1.304788,,,,,,
1.305788,,,,,,
1.306788,,,,,,
1.307788,,,,,,
1.308788,,,,,,
1.309788,,,,,,
1.310788,,,,,,
1.311788,,,,,,
1.312788,,,,,,
1.313788,,,,,,
1.314788,,,,,,
1.315788,,,,,,
1.316788,,,,,,
1.317788,,,,,,
1.318788,,,,,,
1.319788,,,,,,
1.320788,,,,,,
1.321788,,,,,,
1.322788,,,,,,
1.323788,,,,,,
1.324788,,,,,,
1.325788,,,,,,
1.326788,,,,,,
1.327788,,,,,,
1.328788,,,,,,
1.329788,,,,,,
1.330788,,,,,,
1.331788,,,,,,
1.332788,,,,,,
1.333788,,,,,,
1.334788,,,,,,
1.335788,,,,,,
1.336788,,,,,,
1.337788,,,,,,
1.338788,,,,,,
1.339788,,,,,,
1.340788,,,,,,
1.341788,,,,,,
1.342788,,,,,,
1.343788,,,,,,
1.344788,,,,,,
1.345788,,,,,,
1.346788,,,,,,
1.347788,,,,,,
1.348788,,,,,,
1.349788,,,,,,
1.350788,,,,,,
1.351788,,,,,,
1.352788,,,,,,
1.353788,,,,,,
1.354788,,,,,,
1.355788,,,,,,
1.356788,,,,,,
1.357788,,,,,,
1.358788,,,,,,
1.359788,,,,,,
1.360788,,,,,,
1.361788,,,,,,
1.362788,,,,,,
1.363788,,,,,,
1.3647880000000001,,,,,,
1.365788,,,,,,
1.3667880000000001,,,,,,
1.367788,,,,,,
1.3687880000000001,,,,,,
1.369788,,,,,,
1.3707880000000001,,,,,,
1.371788,,,,,,
1.3727880000000001,,,,,,
1.373788,,,,,,
1.3747880000000001,,,,,,
1.375788,,,,,,
1.3767880000000001,,,,,,
1.377788,,,,,,
1.3787880000000001,,,,,,
1.379788,,,,,,
1.3807880000000001,,,,,,
1.381788,,,,,,
1.3827880000000001,,,,,,
1.383788,,,,,,
1.3847880000000001,,,,,,
1.385788,,,,,,
1.3867880000000001,,,,,,
1.387788,,,,,,
1.3887880000000001,,,,,,
1.389788,,,,,,
1.3907880000000001,,,,,,
1.391788,,,,,,
1.3927880000000001,,,,,,
1.393788,,,,,,
1.3947880000000001,,,,,,
1.395788,,,,,,
1.3967880000000001,,,,,,
1.397788,,,,,,
1.3987880000000001,,,,,,
1.399788,,,,,,
1.4007880000000001,,,,,,
1.401788,,,,,,
1.4027880000000001,,,,,,
1.403788,,,,,,
1.4047880000000001,,,,,,
1.405788,,,,,,
1.4067880000000001,,,,,,
1.407788,,,,,,
1.4087880000000002,,,,,,
1.409788,,,,,,
1.410788,,,,,,
1.411788,,,,,,
1.412788,,,,,,
1.413788,,,,,,
1.414788,,,,,,
1.415788,,,,,,
1.416788,,,,,,
1.417788,,,,,,
1.418788,,,,,,
1.419788,,,,,,
1.420788,,,,,,
1.421788,,,,,,
1.422788,,,,,,
1.423788,,,,,,
1.424788,,,,,,
1.425788,,,,,,
1.426788,,,,,,
1.427788,,,,,,
1.428788,,,,,,
1.429788,,,,,,
1.430788,,,,,,
1.431788,,,,,,
1.432788,,,,,,
1.433788,,,,,,
1.434788,,,,,,
1.435788,,,,,,
1.436788,,,,,,
1.437788,,,,,,
1.438788,,,,,,
1.439788,,,,,,
1.440788,,,,,,
1.441788,,,,,,
1.442788,,,,,,
1.443788,,,,,,
1.444788,,,,,,
1.445788,,,,,,
1.446788,,,,,,
1.447788,,,,,,
1.448788,,,,,,
1.449788,,,,,,
1.450788,,,,,,
1.451788,,,,,,
1.452788,,,,,,
1.453788,,,,,,
1.454788,,,,,,
1.455788,,,,,,
1.456788,,,,,,
1.457788,,,,,,
1.458788,,,,,,
1.459788,,,,,,
1.460788,,,,,,
1.461788,,,,,,
1.462788,,,,,,
1.463788,,,,,,
1.464788,,,,,,
1.465788,,,,,,
1.466788,,,,,,
1.467788,,,,,,
1.468788,,,,,,
1.469788,,,,,,
1.470788,,,,,,
1.471788,,,,,,
1.472788,,,,,,
1.473788,,,,,,
1.474788,,,,,,
1.475788,,,,,,
1.476788,,,,,,
1.477788,,,,,,
1.478788,,,,,,
1.479788,,,,,,
1.480788,,,,,,
1.481788,,,,,,
1.482788,,,,,,
1.483788,,,,,,
1.484788,,,,,,
1.485788,,,,,,
1.486788,,,,,,
1.487788,,,,,,
1.488788,,,,,,
1.4897880000000001,,,,,,
1.490788,,,,,,
1.4917880000000001,,,,,,
1.492788,,,,,,
1.4937880000000001,,,,,,
1.494788,,,,,,
1.4957880000000001,,,,,,
1.496788,,,,,,
1.4977880000000001,,,,,,
1.498788,,,,,,
1.4997880000000001,,,,,,
1.500788,,,,,,
1.5017880000000001,,,,,,
1.502788,,,,,,
1.5037880000000001,,,,,,
1.504788,,,,,,
1.5057880000000001,,,,,,
1.506788,,,,,,
1.5077880000000001,,,,,,
1.508788,,,,,,
1.5097880000000001,,,,,,
1.510788,,,,,,
1.5117880000000001,,,,,,
1.512788,,,,,,
1.5137880000000001,,,,,,
1.514788,,,,,,
1.5157880000000001,,,,,,
1.516788,,,,,,
1.5177880000000001,,,,,,
1.518788,,,,,,
1.5197880000000001,,,,,,
1.520788,,,,,,
1.5217880000000001,,,,,,
1.522788,,,,,,
1.5237880000000001,,,,,,
1.524788,,,,,,
1.5257880000000001,,,,,,
1.526788,,,,,,
1.5277880000000001,,,,,,
1.528788,,,,,,
1.5297880000000001,,,,,,
1.530788,,,,,,
1.5317880000000001,,,,,,
1.532788,,,,,,
1.5337880000000002,,,,,,
1.534788,,,,,,
1.5357880000000002,,,,,,
1.536788,,,,,,
1.5377880000000002,,,,,,
1.538788,,,,,,
1.539788,,,,,,
1.540788,,,,,,
1.541788,,,,,,
1.542788,,,,,,
1.543788,,,,,,
1.544788,,,,,,
1.545788,,,,,,
1.546788,,,,,,
1.547788,,,,,,
1.548788,,,,,,
1.549788,,,,,,
1.550788,,,,,,
1.551788,,,,,,
1.552788,,,,,,
1.553788,,,,,,
1.554788,,,,,,
1.555788,,,,,,
1.556788,,,,,,
1.557788,,,,,,
1.558788,,,,,,
1.559788,,,,,,
1.560788,,,,,,
1.561788,,,,,,
1.562788,,,,,,
1.563788,,,,,,
1.564788,,,,,,
1.565788,,,,,,
1.566788,,,,,,
1.567788,,,,,,
1.568788,,,,,,
1.569788,,,,,,
1.570788,,,,,,
1.571788,,,,,,
1.572788,,,,,,
1.573788,,,,,,
1.574788,,,,,,
1.575788,,,,,,
1.576788,,,,,,
1.577788,,,,,,
1.578788,,,,,,
1.579788,,,,,,
1.580788,,,,,,
1.581788,,,,,,
1.582788,,,,,,
1.583788,,,,,,
1.584788,,,,,,
1.585788,,,,,,
1.586788,,,,,,
1.587788,,,,,,
1.588788,,,,,,
1.589788,,,,,,
1.590788,,,,,,
1.591788,,,,,,
1.592788,,,,,,
1.593788,,,,,,
1.594788,,,,,,
1.595788,,,,,,
1.596788,,,,,,
1.597788,,,,,,
1.598788,,,,,,
1.599788,,,,,,
1.600788,,,,,,
1.601788,,,,,,
1.602788,,,,,,
1.603788,,,,,,
1.604788,,,,,,
1.605788,,,,,,
1.606788,,,,,,
1.607788,,,,,,
1.608788,,,,,,
1.609788,,,,,,
1.610788,,,,,,
1.611788,,,,,,
1.612788,,,,,,
1.613788,,,,,,
1.6147880000000001,,,,,,
1.615788,,,,,,
1.6167880000000001,,,,,,
1.617788,,,,,,
1.6187880000000001,,,,,,
1.619788,,,,,,
1.6207880000000001,,,,,,
1.621788,,,,,,
1.6227880000000001,,,,,,
1.623788,,,,,,
1.6247880000000001,,,,,,
1.625788,,,,,,
1.6267880000000001,,,,,,
1.627788,,,,,,
1.6287880000000001,,,,,,
1.629788,,,,,,
1.6307880000000001,,,,,,
1.631788,,,,,,
1.6327880000000001,,,,,,
1.633788,,,,,,
1.6347880000000001,,,,,,
1.635788,,,,,,
1.6367880000000001,,,,,,
1.637788,,,,,,
1.6387880000000001,,,,,,
1.639788,,,,,,
1.6407880000000001,,,,,,
1.641788,,,,,,
1.6427880000000001,,,,,,
1.643788,,,,,,
1.6447880000000001,,,,,,
1.645788,,,,,,
1.6467880000000001,,,,,,
1.647788,,,,,,
1.6487880000000001,,,,,,
1.649788,,,,,,
1.6507880000000001,,,,,,
1.651788,,,,,,
1.6527880000000001,,,,,,
1.653788,,,,,,
1.6547880000000001,,,,,,
1.655788,,,,,,
1.6567880000000001,,,,,,
1.657788,,,,,,
1.6587880000000002,,,,,,
1.659788,,,,,,
1.6607880000000002,,,,,,
1.661788,,,,,,
1.6627880000000002,,,,,,
1.663788,,,,,,
1.6647880000000002,,,,,,
1.665788,,,,,,
1.6667880000000002,,,,,,
1.667788,,,,,,
1.668788,,,,,,
1.669788,,,,,,
1.670788,,,,,,
1.671788,,,,,,
1.672788,,,,,,
1.673788,,,,,,
1.674788,,,,,,
1.675788,,,,,,
1.676788,,,,,,
1.677788,,,,,,
1.678788,,,,,,
1.679788,,,,,,
1.680788,,,,,,
1.681788,,,,,,
1.682788,,,,,,
1.683788,,,,,,
1.684788,,,,,,
1.685788,,,,,,
1.686788,,,,,,
1.687788,,,,,,
1.688788,,,,,,
1.689788,,,,,,
1.690788,,,,,,
1.691788,,,,,,
1.692788,,,,,,
1.693788,,,,,,
1.694788,,,,,,
1.695788,,,,,,
1.696788,,,,,,
1.697788,,,,,,
1.698788,,,,,,
1.699788,,,,,,
1.700788,,,,,,
1.701788,,,,,,
1.702788,,,,,,
1.703788,,,,,,
1.704788,,,,,,
1.705788,,,,,,
1.706788,,,,,,
1.707788,,,,,,
1.708788,,,,,,
1.709788,,,,,,
1.710788,,,,,,
1.711788,,,,,,
1.712788,,,,,,
1.713788,,,,,,
1.714788,,,,,,
1.715788,,,,,,
1.716788,,,,,,
1.717788,,,,,,
1.718788,,,,,,
1.719788,,,,,,
1.720788,,,,,,
1.721788,,,,,,
1.722788,,,,,,
1.723788,,,,,,
1.724788,,,,,,
1.725788,,,,,,
1.726788,,,,,,
1.727788,,,,,,
1.728788,,,,,,
1.729788,,,,,,
1.730788,,,,,,
1.731788,,,,,,
1.732788,,,,,,
1.733788,,,,,,
1.734788,,,,,,
1.735788,,,,,,
1.736788,,,,,,
1.737788,,,,,,
1.738788,,,,,,
1.7397880000000001,,,,,,
1.740788,,,,,,
1.7417880000000001,,,,,,
1.742788,,,,,,
1.7437880000000001,,,,,,
1.744788,,,,,,
1.7457880000000001,,,,,,
1.746788,,,,,,
1.7477880000000001,,,,,,
1.748788,,,,,,
1.7497880000000001,,,,,,
1.750788,,,,,,
1.7517880000000001,,,,,,
1.752788,,,,,,
1.7537880000000001,,,,,,
1.754788,,,,,,
1.7557880000000001,,,,,,
1.756788,,,,,,
1.7577880000000001,,,,,,
1.758788,,,,,,
1.7597880000000001,,,,,,
1.760788,,,,,,
1.7617880000000001,,,,,,
1.762788,,,,,,
1.7637880000000001,,,,,,
1.764788,,,,,,
1.7657880000000001,,,,,,
1.766788,,,,,,
1.7677880000000001,,,,,,
1.768788,,,,,,
1.7697880000000001,,,,,,
1.770788,,,,,,
1.7717880000000001,,,,,,
1.772788,,,,,,
1.7737880000000001,,,,,,
1.774788,,,,,,
1.7757880000000001,,,,,,
1.776788,,,,,,
1.7777880000000001,,,,,,
1.778788,,,,,,
1.7797880000000001,,,,,,
1.780788,,,,,,
1.7817880000000001,,,,,,
1.782788,,,,,,
1.7837880000000002,,,,,,
1.784788,,,,,,
1.7857880000000002,,,,,,
1.786788,,,,,,
1.7877880000000002,,,,,,
1.788788,,,,,,
1.7897880000000002,,,,,,
1.790788,,,,,,
1.7917880000000002,,,,,,
1.792788,,,,,,
1.7937880000000002,,,,,,
1.794788,,,,,,
1.795788,,,,,,
1.796788,,,,,,
1.797788,,,,,,
1.798788,,,,,,
1.799788,,,,,,
1.800788,,,,,,
1.801788,,,,,,
1.802788,,,,,,
1.803788,,,,,,
1.804788,,,,,,
1.805788,,,,,,
1.806788,,,,,,
1.807788,,,,,,
1.808788,,,,,,
1.809788,,,,,,
1.810788,,,,,,
1.811788,,,,,,
1.812788,,,,,,
1.813788,,,,,,
1.814788,,,,,,
1.815788,,,,,,
1.816788,,,,,,
1.817788,,,,,,
1.818788,,,,,,
1.819788,,,,,,
1.820788,,,,,,
1.821788,,,,,,
1.822788,,,,,,
1.823788,,,,,,
1.824788,,,,,,
1.825788,,,,,,
1.826788,,,,,,
1.827788,,,,,,
1.828788,,,,,,
1.829788,,,,,,
1.830788,,,,,,
1.831788,,,,,,
1.832788,,,,,,
1.833788,,,,,,
1.834788,,,,,,
1.835788,,,,,,
1.836788,,,,,,
1.837788,,,,,,
1.838788,,,,,,
1.839788,,,,,,
1.840788,,,,,,
1.841788,,,,,,
1.842788,,,,,,
1.843788,,,,,,
1.844788,,,,,,
1.845788,,,,,,
1.846788,,,,,,
1.847788,,,,,,
1.848788,,,,,,
1.849788,,,,,,
1.850788,,,,,,
1.851788,,,,,,
1.852788,,,,,,
1.853788,,,,,,
1.854788,,,,,,
1.855788,,,,,,
1.856788,,,,,,
1.857788,,,,,,
1.858788,,,,,,
1.859788,,,,,,
1.860788,,,,,,
1.861788,,,,,,
1.862788,,,,,,
1.863788,,,,,,
1.8647880000000001,,,,,,
1.865788,,,,,,
1.8667880000000001,,,,,,
1.867788,,,,,,
1.8687880000000001,,,,,,
1.869788,,,,,,
1.8707880000000001,,,,,,
1.871788,,,,,,
1.8727880000000001,,,,,,
1.873788,,,,,,
1.8747880000000001,,,,,,
1.875788,,,,,,
1.8767880000000001,,,,,,
1.877788,,,,,,
1.8787880000000001,,,,,,
1.879788,,,,,,
1.8807880000000001,,,,,,
1.881788,,,,,,
1.8827880000000001,,,,,,
1.883788,,,,,,
1.8847880000000001,,,,,,
1.885788,,,,,,
1.8867880000000001,,,,,,
1.887788,,,,,,
1.8887880000000001,,,,,,
1.889788,,,,,,
1.8907880000000001,,,,,,
1.891788,,,,,,
1.8927880000000001,,,,,,
1.893788,,,,,,
1.8947880000000001,,,,,,
1.895788,,,,,,
1.8967880000000001,,,,,,
1.897788,,,,,,
1.8987880000000001,,,,,,
1.899788,,,,,,
1.9007880000000001,,,,,,
1.901788,,,,,,
1.9027880000000001,,,,,,
1.903788,,,,,,
1.9047880000000001,,,,,,
1.905788,,,,,,
1.9067880000000001,,,,,,
1.907788,,,,,,
1.9087880000000002,,,,,,
1.909788,,,,,,
1.9107880000000002,,,,,,
1.911788,,,,,,
1.9127880000000002,,,,,,
1.913788,,,,,,
1.9147880000000002,,,,,,
1.915788,,,,,,
1.9167880000000002,,,,,,
1.917788,,,,,,
1.9187880000000002,,,,,,
1.919788,,,,,,
1.9207880000000002,,,,,,
1.921788,,,,,,
1.922788,,,,,,
1.923788,,,,,,
1.924788,,,,,,
1.925788,,,,,,
1.926788,,,,,,
1.927788,,,,,,
1.928788,,,,,,
1.929788,,,,,,
1.930788,,,,,,
1.931788,,,,,,
1.932788,,,,,,
1.933788,,,,,,
1.934788,,,,,,
1.935788,,,,,,
1.936788,,,,,,
1.937788,,,,,,
1.938788,,,,,,
1.939788,,,,,,
1.940788,,,,,,
1.941788,,,,,,
1.942788,,,,,,
1.943788,,,,,,
1.944788,,,,,,
1.945788,,,,,,
1.946788,,,,,,
1.947788,,,,,,
1.948788,,,,,,
1.949788,,,,,,
1.950788,,,,,,
1.951788,,,,,,
1.952788,,,,,,
1.953788,,,,,,
1.954788,,,,,,
1.955788,,,,,,
1.956788,,,,,,
1.957788,,,,,,
1.958788,,,,,,
1.959788,,,,,,
1.960788,,,,,,
1.961788,,,,,,
1.962788,,,,,,
1.963788,,,,,,
1.964788,,,,,,
1.965788,,,,,,
1.966788,,,,,,
1.967788,,,,,,
1.968788,,,,,,
1.969788,,,,,,
1.970788,,,,,,
1.971788,,,,,,
1.972788,,,,,,
1.973788,,,,,,
1.974788,,,,,,
1.975788,,,,,,
1.976788,,,,,,
1.977788,,,,,,
1.978788,,,,,,
1.979788,,,,,,
1.980788,,,,,,
1.981788,,,,,,
1.982788,,,,,,
1.983788,,,,,,
1.984788,,,,,,
1.985788,,,,,,
1.986788,,,,,,
1.987788,,,,,,
1.988788,,,,,,
1.9897880000000001,,,,,,
1.990788,,,,,,
1.9917880000000001,,,,,,
1.992788,,,,,,
1.9937880000000001,,,,,,
1.994788,,,,,,
1.9957880000000001,,,,,,
1.996788,,,,,,
1.9977880000000001,,,,,,
1.998788,,,,,,
1.9997880000000001,,,,,,
2.000788,,,,,,
2.001788,,,,,,
2.002788,,,,,,
2.0037879999999997,,,,,,
2.004788,,,,,,
2.005788,,,,,,
2.006788,,,,,,
2.0077879999999997,,,,,,
2.008788,,,,,,
2.009788,,,,,,
2.010788,,,,,,
2.0117879999999997,,,,,,
2.012788,,,,,,
2.013788,,,,,,
2.014788,,,,,,
2.0157879999999997,,,,,,
2.016788,,,,,,
2.017788,,,,,,
2.018788,,,,,,
2.0197879999999997,,,,,,
2.020788,,,,,,
2.021788,,,,,,
2.022788,,,,,,
2.0237879999999997,,,,,,
2.024788,,,,,,
2.025788,,,,,,
2.026788,,,,,,
2.0277879999999997,,,,,,
2.028788,,,,,,
2.029788,,,,,,
2.030788,,,,,,
2.0317879999999997,,,,,,
2.032788,,,,,,
2.033788,,,,,,
2.034788,,,,,,
2.0357879999999997,,,,,,
2.036788,,,,,,
2.037788,,,,,,
2.038788,,,,,,
2.0397879999999997,,,,,,
2.040788,,,,,,
2.041788,,,,,,
2.042788,,,,,,
2.0437879999999997,,,,,,
2.044788,,,,,,
2.045788,,,,,,
2.046788,,,,,,
2.0477879999999997,,,,,,
2.048788,,,,,,
2.049788,,,,,,
2.050788,,,,,,
2.0517879999999997,,,,,,
2.0527879999999996,,,,,,
2.053788,,,,,,
2.054788,,,,,,
2.0557879999999997,,,,,,
2.0567879999999996,,,,,,
2.057788,,,,,,
2.058788,,,,,,
2.0597879999999997,,,,,,
2.0607879999999996,,,,,,
2.061788,,,,,,
2.062788,,,,,,
2.0637879999999997,,,,,,
2.0647879999999996,,,,,,
2.065788,,,,,,
2.066788,,,,,,
2.0677879999999997,,,,,,
2.0687879999999996,,,,,,
2.069788,,,,,,
2.070788,,,,,,
2.0717879999999997,,,,,,
2.0727879999999996,,,,,,
2.073788,,,,,,
2.074788,,,,,,
2.0757879999999997,,,,,,
2.0767879999999996,,,,,,
2.077788,,,,,,
2.078788,,,,,,
2.0797879999999997,,,,,,
2.0807879999999996,,,,,,
2.081788,,,,,,
2.082788,,,,,,
2.0837879999999998,,,,,,
2.0847879999999996,,,,,,
2.085788,,,,,,
2.086788,,,,,,
2.0877879999999998,,,,,,
2.0887879999999996,,,,,,
2.089788,,,,,,
2.090788,,,,,,
2.0917879999999998,,,,,,
2.0927879999999996,,,,,,
2.093788,,,,,,
2.094788,,,,,,
2.0957879999999998,,,,,,
2.0967879999999997,,,,,,
2.097788,,,,,,
2.098788,,,,,,
2.0997879999999998,,,,,,
2.1007879999999997,,,,,,
2.101788,,,,,,
2.102788,,,,,,
2.1037879999999998,,,,,,
2.1047879999999997,,,,,,
2.105788,,,,,,
2.106788,,,,,,
2.1077879999999998,,,,,,
2.1087879999999997,,,,,,
2.109788,,,,,,
2.110788,,,,,,
2.1117879999999998,,,,,,
2.1127879999999997,,,,,,
2.113788,,,,,,
2.114788,,,,,,
2.115788,,,,,,
2.1167879999999997,,,,,,
2.117788,,,,,,
2.118788,,,,,,
2.119788,,,,,,
2.1207879999999997,,,,,,
2.121788,,,,,,
2.122788,,,,,,
2.123788,,,,,,
2.1247879999999997,,,,,,
2.125788,,,,,,
2.126788,,,,,,
2.127788,,,,,,
2.1287879999999997,,,,,,
2.129788,,,,,,
2.130788,,,,,,
2.131788,,,,,,
2.1327879999999997,,,,,,
2.133788,,,,,,
2.134788,,,,,,
2.135788,,,,,,
2.1367879999999997,,,,,,
2.137788,,,,,,
2.138788,,,,,,
2.139788,,,,,,
2.1407879999999997,,,,,,
2.141788,,,,,,
2.142788,,,,,,
2.143788,,,,,,
2.1447879999999997,,,,,,
2.145788,,,,,,
2.146788,,,,,,
2.147788,,,,,,
2.1487879999999997,,,,,,
2.149788,,,,,,
2.150788,,,,,,
2.151788,,,,,,
2.1527879999999997,,,,,,
2.153788,,,,,,
2.154788,,,,,,
2.155788,,,,,,
2.1567879999999997,,,,,,
2.157788,,,,,,
2.158788,,,,,,
2.159788,,,,,,
2.1607879999999997,,,,,,
2.161788,,,,,,
2.162788,,,,,,
2.163788,,,,,,
2.1647879999999997,,,,,,
2.165788,,,,,,
2.166788,,,,,,
2.167788,,,,,,
2.1687879999999997,,,,,,
2.169788,,,,,,
2.170788,,,,,,
2.171788,,,,,,
2.1727879999999997,,,,,,
2.173788,,,,,,
2.174788,,,,,,
2.175788,,,,,,
2.1767879999999997,,,,,,
2.177788,,,,,,
2.178788,,,,,,
2.179788,,,,,,
2.1807879999999997,,,,,,
2.1817879999999996,,,,,,
2.182788,,,,,,
2.183788,,,,,,
2.1847879999999997,,,,,,
2.1857879999999996,,,,,,
2.186788,,,,,,
2.187788,,,,,,
2.1887879999999997,,,,,,
2.1897879999999996,,,,,,
2.190788,,,,,,
2.191788,,,,,,
2.1927879999999997,,,,,,
2.1937879999999996,,,,,,
2.194788,,,,,,
2.195788,,,,,,
2.1967879999999997,,,,,,
2.1977879999999996,,,,,,
2.198788,,,,,,
2.199788,,,,,,
2.2007879999999997,,,,,,
2.2017879999999996,,,,,,
2.202788,,,,,,
2.203788,,,,,,
2.2047879999999997,,,,,,
2.2057879999999996,,,,,,
2.206788,,,,,,
2.207788,,,,,,
2.2087879999999998,,,,,,
2.2097879999999996,,,,,,
2.210788,,,,,,
2.211788,,,,,,
2.2127879999999998,,,,,,
2.2137879999999996,,,,,,
2.214788,,,,,,
2.215788,,,,,,
2.2167879999999998,,,,,,
2.2177879999999996,,,,,,
2.218788,,,,,,
2.219788,,,,,,
2.2207879999999998,,,,,,
2.2217879999999997,,,,,,
2.222788,,,,,,
2.223788,,,,,,
2.2247879999999998,,,,,,
2.2257879999999997,,,,,,
2.226788,,,,,,
2.227788,,,,,,
2.2287879999999998,,,,,,
2.2297879999999997,,,,,,
2.230788,,,,,,
2.231788,,,,,,
2.2327879999999998,,,,,,
2.2337879999999997,,,,,,
2.234788,,,,,,
2.235788,,,,,,
2.2367879999999998,,,,,,
2.2377879999999997,,,,,,
2.238788,,,,,,
2.239788,,,,,,
2.240788,,,,,,
2.2417879999999997,,,,,,
2.242788,,,,,,
2.243788,,,,,,
2.244788,,,,,,
2.2457879999999997,,,,,,
2.246788,,,,,,
2.247788,,,,,,
2.248788,,,,,,
2.2497879999999997,,,,,,
2.250788,,,,,,
2.251788,,,,,,
2.252788,,,,,,
2.2537879999999997,,,,,,
2.254788,,,,,,
2.255788,,,,,,
2.256788,,,,,,
2.2577879999999997,,,,,,
2.258788,,,,,,
2.259788,,,,,,
2.260788,,,,,,
2.2617879999999997,,,,,,
2.262788,,,,,,
2.263788,,,,,,
2.264788,,,,,,
2.2657879999999997,,,,,,
2.266788,,,,,,
2.267788,,,,,,
2.268788,,,,,,
2.2697879999999997,,,,,,
2.270788,,,,,,
2.271788,,,,,,
2.272788,,,,,,
2.2737879999999997,,,,,,
2.274788,,,,,,
2.275788,,,,,,
2.276788,,,,,,
2.2777879999999997,,,,,,
2.278788,,,,,,
2.279788,,,,,,
2.280788,,,,,,
2.2817879999999997,,,,,,
2.282788,,,,,,
2.283788,,,,,,
2.284788,,,,,,
2.2857879999999997,,,,,,
2.286788,,,,,,
2.287788,,,,,,
2.288788,,,,,,
2.2897879999999997,,,,,,
2.290788,,,,,,
2.291788,,,,,,
2.292788,,,,,,
2.2937879999999997,,,,,,
2.294788,,,,,,
2.295788,,,,,,
2.296788,,,,,,
2.2977879999999997,,,,,,
2.298788,,,,,,
2.299788,,,,,,
2.300788,,,,,,
2.3017879999999997,,,,,,
2.302788,,,,,,
2.303788,,,,,,
2.304788,,,,,,
2.3057879999999997,,,,,,
2.306788,,,,,,
2.307788,,,,,,
2.308788,,,,,,
2.3097879999999997,,,,,,
2.3107879999999996,,,,,,
2.311788,,,,,,
2.312788,,,,,,
2.3137879999999997,,,,,,
2.3147879999999996,,,,,,
2.315788,,,,,,
2.316788,,,,,,
2.3177879999999997,,,,,,
2.3187879999999996,,,,,,
2.319788,,,,,,
2.320788,,,,,,
2.3217879999999997,,,,,,
2.3227879999999996,,,,,,
2.323788,,,,,,
2.324788,,,,,,
2.3257879999999997,,,,,,
2.3267879999999996,,,,,,
2.327788,,,,,,
2.328788,,,,,,
2.3297879999999997,,,,,,
2.3307879999999996,,,,,,
2.331788,,,,,,
2.332788,,,,,,
2.3337879999999998,,,,,,
2.3347879999999996,,,,,,
2.335788,,,,,,
2.336788,,,,,,
2.3377879999999998,,,,,,
2.3387879999999996,,,,,,
2.339788,,,,,,
2.340788,,,,,,
2.3417879999999998,,,,,,
2.3427879999999996,,,,,,
2.343788,,,,,,
2.344788,,,,,,
2.3457879999999998,,,,,,
2.3467879999999997,,,,,,
2.347788,,,,,,
2.348788,,,,,,
2.3497879999999998,,,,,,
2.3507879999999997,,,,,,
2.351788,,,,,,
2.352788,,,,,,
2.3537879999999998,,,,,,
2.3547879999999997,,,,,,
2.355788,,,,,,
2.356788,,,,,,
2.3577879999999998,,,,,,
2.3587879999999997,,,,,,
2.359788,,,,,,
2.360788,,,,,,
2.3617879999999998,,,,,,
2.3627879999999997,,,,,,
2.363788,,,,,,
2.364788,,,,,,
2.365788,,,,,,
2.3667879999999997,,,,,,
2.367788,,,,,,
2.368788,,,,,,
2.369788,,,,,,
2.3707879999999997,,,,,,
2.371788,,,,,,
2.372788,,,,,,
2.373788,,,,,,
2.3747879999999997,,,,,,
2.375788,,,,,,
2.376788,,,,,,
2.377788,,,,,,
2.3787879999999997,,,,,,
2.379788,,,,,,
2.380788,,,,,,
2.381788,,,,,,
2.3827879999999997,,,,,,
2.383788,,,,,,
2.384788,,,,,,
2.385788,,,,,,
2.3867879999999997,,,,,,
2.387788,,,,,,
2.388788,,,,,,
2.389788,,,,,,
2.3907879999999997,,,,,,
2.391788,,,,,,
2.392788,,,,,,
2.393788,,,,,,
2.3947879999999997,,,,,,
2.395788,,,,,,
2.396788,,,,,,
2.397788,,,,,,
2.3987879999999997,,,,,,
2.399788,,,,,,
2.400788,,,,,,
2.401788,,,,,,
2.4027879999999997,,,,,,
2.403788,,,,,,
2.404788,,,,,,
2.405788,,,,,,
2.4067879999999997,,,,,,
2.407788,,,,,,
2.408788,,,,,,
2.409788,,,,,,
2.4107879999999997,,,,,,
2.411788,,,,,,
2.412788,,,,,,
2.413788,,,,,,
2.4147879999999997,,,,,,
2.415788,,,,,,
2.416788,,,,,,
2.417788,,,,,,
2.4187879999999997,,,,,,
2.419788,,,,,,
2.420788,,,,,,
2.421788,,,,,,
2.4227879999999997,,,,,,
2.423788,,,,,,
2.424788,,,,,,
2.425788,,,,,,
2.4267879999999997,,,,,,
2.427788,,,,,,
2.428788,,,,,,
2.429788,,,,,,
2.4307879999999997,,,,,,
2.431788,,,,,,
2.432788,,,,,,
2.433788,,,,,,
2.4347879999999997,,,,,,
2.4357879999999996,,,,,,
2.436788,,,,,,
2.437788,,,,,,
2.4387879999999997,,,,,,
2.4397879999999996,,,,,,
2.440788,,,,,,
2.441788,,,,,,
2.4427879999999997,,,,,,
2.4437879999999996,,,,,,
2.444788,,,,,,
2.445788,,,,,,
2.4467879999999997,,,,,,
2.4477879999999996,,,,,,
2.448788,,,,,,
2.449788,,,,,,
2.4507879999999997,,,,,,
2.4517879999999996,,,,,,
2.452788,,,,,,
2.453788,,,,,,
2.4547879999999997,,,,,,
2.4557879999999996,,,,,,
2.456788,,,,,,
2.457788,,,,,,
2.4587879999999998,,,,,,
2.4597879999999996,,,,,,
2.460788,,,,,,
2.461788,,,,,,
2.4627879999999998,,,,,,
2.4637879999999996,,,,,,
2.464788,,,,,,
2.465788,,,,,,
2.4667879999999998,,,,,,
2.4677879999999996,,,,,,
2.468788,,,,,,
2.469788,,,,,,
2.4707879999999998,,,,,,
2.4717879999999997,,,,,,
2.472788,,,,,,
2.473788,,,,,,
2.4747879999999998,,,,,,
2.4757879999999997,,,,,,
2.476788,,,,,,
2.477788,,,,,,
2.4787879999999998,,,,,,
2.4797879999999997,,,,,,
2.480788,,,,,,
2.481788,,,,,,
2.4827879999999998,,,,,,
2.4837879999999997,,,,,,
2.484788,,,,,,
2.485788,,,,,,
2.4867879999999998,,,,,,
2.4877879999999997,,,,,,
2.488788,,,,,,
2.489788,,,,,,
2.490788,,,,,,
2.4917879999999997,,,,,,
2.492788,,,,,,
2.493788,,,,,,
2.494788,,,,,,
2.4957879999999997,,,,,,
2.496788,,,,,,
2.497788,,,,,,
2.498788,,,,,,
2.4997879999999997,,,,,,
2.500788,,,,,,
2.501788,,,,,,
2.502788,,,,,,
2.5037879999999997,,,,,,
2.504788,,,,,,
2.505788,,,,,,
2.506788,,,,,,
2.5077879999999997,,,,,,
2.508788,,,,,,
2.509788,,,,,,
2.510788,,,,,,
2.5117879999999997,,,,,,
2.512788,,,,,,
2.513788,,,,,,
2.514788,,,,,,
2.5157879999999997,,,,,,
2.516788,,,,,,
2.517788,,,,,,
2.518788,,,,,,
2.5197879999999997,,,,,,
2.520788,,,,,,
2.521788,,,,,,
2.522788,,,,,,
2.5237879999999997,,,,,,
2.524788,,,,,,
2.525788,,,,,,
2.526788,,,,,,
2.5277879999999997,,,,,,
2.528788,,,,,,
2.529788,,,,,,
2.530788,,,,,,
2.5317879999999997,,,,,,
2.532788,,,,,,
2.533788,,,,,,
2.534788,,,,,,
2.5357879999999997,,,,,,
2.536788,,,,,,
2.537788,,,,,,
2.538788,,,,,,
2.5397879999999997,,,,,,
2.540788,,,,,,
2.541788,,,,,,
2.542788,,,,,,
2.5437879999999997,,,,,,
2.544788,,,,,,
2.545788,,,,,,
2.546788,,,,,,
2.5477879999999997,,,,,,
2.548788,,,,,,
2.549788,,,,,,
2.550788,,,,,,
2.5517879999999997,,,,,,
2.552788,,,,,,
2.553788,,,,,,
2.554788,,,,,,
2.5557879999999997,,,,,,
2.556788,,,,,,
2.557788,,,,,,
2.558788,,,,,,
2.5597879999999997,,,,,,
2.560788,,,,,,
2.561788,,,,,,
2.562788,,,,,,
2.5637879999999997,,,,,,
2.5647879999999996,,,,,,
2.565788,,,,,,
2.566788,,,,,,
2.5677879999999997,,,,,,
2.5687879999999996,,,,,,
2.569788,,,,,,
2.570788,,,,,,
2.5717879999999997,,,,,,
2.5727879999999996,,,,,,
2.573788,,,,,,
2.574788,,,,,,
2.5757879999999997,,,,,,
2.5767879999999996,,,,,,
2.577788,,,,,,
2.578788,,,,,,
2.5797879999999997,,,,,,
2.5807879999999996,,,,,,
2.581788,,,,,,
2.582788,,,,,,
2.5837879999999998,,,,,,
2.5847879999999996,,,,,,
2.585788,,,,,,
2.586788,,,,,,
2.5877879999999998,,,,,,
2.5887879999999996,,,,,,
2.589788,,,,,,
2.590788,,,,,,
2.5917879999999998,,,,,,
2.5927879999999996,,,,,,
2.593788,,,,,,
2.594788,,,,,,
2.5957879999999998,,,,,,
2.5967879999999997,,,,,,
2.597788,,,,,,
2.598788,,,,,,
2.5997879999999998,,,,,,
2.6007879999999997,,,,,,
2.601788,,,,,,
2.602788,,,,,,
2.6037879999999998,,,,,,
2.6047879999999997,,,,,,
2.605788,,,,,,
2.606788,,,,,,
2.6077879999999998,,,,,,
2.6087879999999997,,,,,,
2.609788,,,,,,
2.610788,,,,,,
2.6117879999999998,,,,,,
2.6127879999999997,,,,,,
2.613788,,,,,,
2.614788,,,,,,
2.615788,,,,,,
2.6167879999999997,,,,,,
2.617788,,,,,,
2.618788,,,,,,
2.619788,,,,,,
2.6207879999999997,,,,,,
2.621788,,,,,,
2.622788,,,,,,
2.623788,,,,,,
2.6247879999999997,,,,,,
2.625788,,,,,,
2.626788,,,,,,
2.627788,,,,,,
2.6287879999999997,,,,,,
2.629788,,,,,,
2.630788,,,,,,
2.631788,,,,,,
2.6327879999999997,,,,,,
2.633788,,,,,,
2.634788,,,,,,
2.635788,,,,,,
2.6367879999999997,,,,,,
2.637788,,,,,,
2.638788,,,,,,
2.639788,,,,,,
2.6407879999999997,,,,,,
2.641788,,,,,,
2.642788,,,,,,
2.643788,,,,,,
2.6447879999999997,,,,,,
2.645788,,,,,,
2.646788,,,,,,
2.647788,,,,,,
2.6487879999999997,,,,,,
2.649788,,,,,,
2.650788,,,,,,
2.651788,,,,,,
2.6527879999999997,,,,,,
2.653788,,,,,,
2.654788,,,,,,
2.655788,,,,,,
2.6567879999999997,,,,,,
2.657788,,,,,,
2.658788,,,,,,
2.659788,,,,,,
2.6607879999999997,,,,,,
2.661788,,,,,,
2.662788,,,,,,
2.663788,,,,,,
2.6647879999999997,,,,,,
2.665788,,,,,,
2.666788,,,,,,
2.667788,,,,,,
2.6687879999999997,,,,,,
2.669788,,,,,,
2.670788,,,,,,
2.671788,,,,,,
2.6727879999999997,,,,,,
2.673788,,,,,,
2.674788,,,,,,
2.675788,,,,,,
2.6767879999999997,,,,,,
2.677788,,,,,,
2.678788,,,,,,
2.679788,,,,,,
2.6807879999999997,,,,,,
2.681788,,,,,,
2.682788,,,,,,
2.683788,,,,,,
2.6847879999999997,,,,,,
2.685788,,,,,,
2.686788,,,,,,
2.687788,,,,,,
2.6887879999999997,,,,,,
2.689788,,,,,,
2.690788,,,,,,
2.691788,,,,,,
2.6927879999999997,,,,,,
2.6937879999999996,,,,,,
2.694788,,,,,,
2.695788,,,,,,
2.6967879999999997,,,,,,
2.6977879999999996,,,,,,
2.698788,,,,,,
2.699788,,,,,,
2.7007879999999997,,,,,,
2.7017879999999996,,,,,,
2.702788,,,,,,
2.703788,,,,,,
2.7047879999999997,,,,,,
2.7057879999999996,,,,,,
2.706788,,,,,,
2.707788,,,,,,
2.7087879999999998,,,,,,
2.7097879999999996,,,,,,
2.710788,,,,,,
2.711788,,,,,,
2.7127879999999998,,,,,,
2.7137879999999996,,,,,,
2.714788,,,,,,
2.715788,,,,,,
2.7167879999999998,,,,,,
2.7177879999999996,,,,,,
2.718788,,,,,,
2.719788,,,,,,
2.7207879999999998,,,,,,
2.7217879999999997,,,,,,
2.722788,,,,,,
2.723788,,,,,,
2.7247879999999998,,,,,,
2.7257879999999997,,,,,,
2.726788,,,,,,
2.727788,,,,,,
2.7287879999999998,,,,,,
2.7297879999999997,,,,,,
2.730788,,,,,,
2.731788,,,,,,
2.7327879999999998,,,,,,
2.7337879999999997,,,,,,
2.734788,,,,,,
2.735788,,,,,,
2.7367879999999998,,,,,,
2.7377879999999997,,,,,,
2.738788,,,,,,
2.739788,,,,,,
2.740788,,,,,,
2.7417879999999997,,,,,,
2.742788,,,,,,
2.743788,,,,,,
2.744788,,,,,,
2.7457879999999997,,,,,,
2.746788,,,,,,
2.747788,,,,,,
2.748788,,,,,,
2.7497879999999997,,,,,,
2.750788,,,,,,
2.751788,,,,,,
2.752788,,,,,,
2.7537879999999997,,,,,,
2.754788,,,,,,
2.755788,,,,,,
2.756788,,,,,,
2.7577879999999997,,,,,,
2.758788,,,,,,
2.759788,,,,,,
2.760788,,,,,,
2.7617879999999997,,,,,,
2.762788,,,,,,
2.763788,,,,,,
2.764788,,,,,,
2.7657879999999997,,,,,,
2.766788,,,,,,
2.767788,,,,,,
2.768788,,,,,,
2.7697879999999997,,,,,,
2.770788,,,,,,
2.771788,,,,,,
2.772788,,,,,,
2.7737879999999997,,,,,,
2.774788,,,,,,
2.775788,,,,,,
2.776788,,,,,,
2.7777879999999997,,,,,,
2.778788,,,,,,
2.779788,,,,,,
2.780788,,,,,,
2.7817879999999997,,,,,,
2.782788,,,,,,
2.783788,,,,,,
2.784788,,,,,,
2.7857879999999997,,,,,,
2.786788,,,,,,
2.787788,,,,,,
2.788788,,,,,,
2.7897879999999997,,,,,,
2.790788,,,,,,
2.791788,,,,,,
2.792788,,,,,,
2.7937879999999997,,,,,,
2.794788,,,,,,
2.795788,,,,,,
2.796788,,,,,,
2.7977879999999997,,,,,,
2.798788,,,,,,
2.799788,,,,,,
2.800788,,,,,,
2.8017879999999997,,,,,,
2.802788,,,,,,
2.803788,,,,,,
2.804788,,,,,,
2.8057879999999997,,,,,,
2.806788,,,,,,
2.807788,,,,,,
2.808788,,,,,,
2.8097879999999997,,,,,,
2.810788,,,,,,
2.811788,,,,,,
2.812788,,,,,,
2.8137879999999997,,,,,,
2.814788,,,,,,
2.815788,,,,,,
2.816788,,,,,,
2.8177879999999997,,,,,,
2.8187879999999996,,,,,,
2.819788,,,,,,
2.820788,,,,,,
2.8217879999999997,,,,,,
2.8227879999999996,,,,,,
2.823788,,,,,,
2.824788,,,,,,
2.8257879999999997,,,,,,
2.8267879999999996,,,,,,
2.827788,,,,,,
2.828788,,,,,,
2.8297879999999997,,,,,,
2.8307879999999996,,,,,,
2.831788,,,,,,
2.832788,,,,,,
2.8337879999999998,,,,,,
2.8347879999999996,,,,,,
2.835788,,,,,,
2.836788,,,,,,
2.8377879999999998,,,,,,
2.8387879999999996,,,,,,
2.839788,,,,,,
2.840788,,,,,,
2.8417879999999998,,,,,,
2.8427879999999996,,,,,,
2.843788,,,,,,
2.844788,,,,,,
2.8457879999999998,,,,,,
2.8467879999999997,,,,,,
2.847788,,,,,,
2.848788,,,,,,
2.8497879999999998,,,,,,
2.8507879999999997,,,,,,
2.851788,,,,,,
2.852788,,,,,,
2.8537879999999998,,,,,,
2.8547879999999997,,,,,,
2.855788,,,,,,
2.856788,,,,,,
2.8577879999999998,,,,,,
2.8587879999999997,,,,,,
2.859788,,,,,,
2.860788,,,,,,
2.8617879999999998,,,,,,
2.8627879999999997,,,,,,
2.863788,,,,,,
2.864788,,,,,,
2.865788,,,,,,
2.8667879999999997,,,,,,
2.867788,,,,,,
2.868788,,,,,,
2.869788,,,,,,
2.8707879999999997,,,,,,
2.871788,,,,,,
2.872788,,,,,,
2.873788,,,,,,
2.8747879999999997,,,,,,
2.875788,,,,,,
2.876788,,,,,,
2.877788,,,,,,
2.8787879999999997,,,,,,
2.879788,,,,,,
2.880788,,,,,,
2.881788,,,,,,
2.8827879999999997,,,,,,
2.883788,,,,,,
2.884788,,,,,,
2.885788,,,,,,
2.8867879999999997,,,,,,
2.887788,,,,,,
2.888788,,,,,,
2.889788,,,,,,
2.8907879999999997,,,,,,
2.891788,,,,,,
2.892788,,,,,,
2.893788,,,,,,
2.8947879999999997,,,,,,
2.895788,,,,,,
2.896788,,,,,,
2.897788,,,,,,
2.8987879999999997,,,,,,
2.899788,,,,,,
2.900788,,,,,,
2.901788,,,,,,
2.9027879999999997,,,,,,
2.903788,,,,,,
2.904788,,,,,,
2.905788,,,,,,
2.9067879999999997,,,,,,
2.907788,,,,,,
2.908788,,,,,,
2.909788,,,,,,
2.9107879999999997,,,,,,
2.911788,,,,,,
2.912788,,,,,,
2.913788,,,,,,
2.9147879999999997,,,,,,
2.915788,,,,,,
2.916788,,,,,,
2.917788,,,,,,
2.9187879999999997,,,,,,
2.919788,,,,,,
2.920788,,,,,,
2.921788,,,,,,
2.9227879999999997,,,,,,
2.923788,,,,,,
2.924788,,,,,,
2.925788,,,,,,
2.9267879999999997,,,,,,
2.927788,,,,,,
2.928788,,,,,,
2.929788,,,,,,
2.9307879999999997,,,,,,
2.931788,,,,,,
2.932788,,,,,,
2.933788,,,,,,
2.9347879999999997,,,,,,
2.935788,,,,,,
2.936788,,,,,,
2.937788,,,,,,
2.9387879999999997,,,,,,
2.939788,,,,,,
2.940788,,,,,,
2.941788,,,,,,
2.9427879999999997,,,,,,
2.943788,,,,,,
2.944788,,,,,,
2.945788,,,,,,
2.9467879999999997,,,,,,
2.9477879999999996,,,,,,
2.948788,,,,,,
2.949788,,,,,,
2.9507879999999997,,,,,,
2.9517879999999996,,,,,,
2.952788,,,,,,
2.953788,,,,,,
2.9547879999999997,,,,,,
2.9557879999999996,,,,,,
2.956788,,,,,,
2.957788,,,,,,
2.9587879999999998,,,,,,
2.9597879999999996,,,,,,
2.960788,,,,,,
2.961788,,,,,,
2.9627879999999998,,,,,,
2.9637879999999996,,,,,,
2.964788,,,,,,
2.965788,,,,,,
2.9667879999999998,,,,,,
2.9677879999999996,,,,,,
2.968788,,,,,,
2.969788,,,,,,
2.9707879999999998,,,,,,
2.9717879999999997,,,,,,
2.972788,,,,,,
2.973788,,,,,,
2.9747879999999998,,,,,,
2.9757879999999997,,,,,,
2.976788,,,,,,
2.977788,,,,,,
2.9787879999999998,,,,,,
2.9797879999999997,,,,,,
2.980788,,,,,,
2.981788,,,,,,
2.9827879999999998,,,,,,
2.9837879999999997,,,,,,
2.984788,,,,,,
2.985788,,,,,,
2.9867879999999998,,,,,,
2.9877879999999997,,,,,,
2.988788,,,,,,
2.989788,,,,,,
2.990788,,,,,,
2.9917879999999997,,,,,,
2.992788,,,,,,
2.993788,,,,,,
2.994788,,,,,,
2.9957879999999997,,,,,,
2.996788,,,,,,
2.997788,,,,,,
2.998788,,,,,,
2.9997879999999997,,,,,,
3.000788,,,,,,
3.001788,,,,,,
3.002788,,,,,,
3.0037879999999997,,,,,,
3.004788,,,,,,
3.005788,,,,,,
3.006788,,,,,,
3.0077879999999997,,,,,,
3.008788,,,,,,
3.009788,,,,,,
3.010788,,,,,,
3.0117879999999997,,,,,,
3.012788,,,,,,
3.013788,,,,,,
3.014788,,,,,,
3.0157879999999997,,,,,,
3.016788,,,,,,
3.017788,,,,,,
3.018788,,,,,,
3.0197879999999997,,,,,,
3.020788,,,,,,
3.021788,,,,,,
3.022788,,,,,,
3.0237879999999997,,,,,,
3.024788,,,,,,
3.025788,,,,,,
3.026788,,,,,,
3.0277879999999997,,,,,,
3.028788,,,,,,
3.029788,,,,,,
3.030788,,,,,,
3.0317879999999997,,,,,,
3.032788,,,,,,
3.033788,,,,,,
3.034788,,,,,,
3.0357879999999997,,,,,,
3.036788,,,,,,
3.037788,,,,,,
3.038788,,,,,,
3.0397879999999997,,,,,,
3.040788,,,,,,
3.041788,,,,,,
3.042788,,,,,,
3.0437879999999997,,,,,,
3.044788,,,,,,
3.045788,,,,,,
3.046788,,,,,,
3.0477879999999997,,,,,,
3.048788,,,,,,
3.049788,,,,,,
3.050788,,,,,,
3.0517879999999997,,,,,,
3.052788,,,,,,
3.053788,,,,,,
3.054788,,,,,,
3.0557879999999997,,,,,,
3.056788,,,,,,
3.057788,,,,,,
3.058788,,,,,,
3.0597879999999997,,,,,,
3.060788,,,,,,
3.061788,,,,,,
3.062788,,,,,,
3.0637879999999997,,,,,,
3.064788,,,,,,
3.065788,,,,,,
3.066788,,,,,,
3.0677879999999997,,,,,,
3.068788,,,,,,
3.069788,,,,,,
3.070788,,,,,,
3.0717879999999997,,,,,,
3.072788,,,,,,
3.073788,,,,,,
3.074788,,,,,,
3.0757879999999997,,,,,,
3.0767879999999996,,,,,,
3.077788,,,,,,
3.078788,,,,,,
3.0797879999999997,,,,,,
3.0807879999999996,,,,,,
3.081788,,,,,,
3.082788,,,,,,
3.0837879999999998,,,,,,
3.0847879999999996,,,,,,
3.085788,,,,,,
3.086788,,,,,,
3.0877879999999998,,,,,,
3.0887879999999996,,,,,,
