time,LGLTMED,LRF,LADDLONG,LBF,LTA,LGM
1.578,0.004730294458568096,0.021210037171840668,0.00900282058864832,0.018158234655857086,-0.852826714515686,0.006866557523608208
1.579,0.014190888032317162,-0.027924012392759323,0.01113908365368843,0.0013733096420764923,-1.7091630697250366,0.00900282058864832
1.5799999999999998,0.0059510162100195885,0.007476918399333954,-0.021210042759776115,-0.032501719892024994,-0.7829403877258301,0.0080872792750597
1.5809999999999997,0.0157167911529541,-0.07461661845445633,0.02731364592909813,0.006561377085745335,-0.5357442498207092,0.005035474896430969
1.5819999999999996,0.006561377085745335,0.1927214413881302,-0.00015259254723787308,0.005340655334293842,1.0286107063293457,0.0004577683284878731
1.5829999999999995,0.0062561966478824615,-0.03341726213693619,-0.022735945880413055,0.0059510162100195885,0.5778591632843018,0.0028992118313908577
1.5839999999999994,0.009918361902236938,-0.033722441643476486,-0.05050736665725708,-0.013885712251067162,5.246814727783203,-0.0019836751744151115
1.5849999999999993,0.0032043922692537308,0.0032043922692537308,0.01113908365368843,0.08499275147914886,4.5412373542785645,-0.0028992164880037308
1.5859999999999992,0.008392459712922573,-0.11978332698345184,-0.0157167948782444,0.04135194793343544,-4.8384833335876465,0.01510642934590578
1.586999999999999,0.005035474896430969,-0.08194094896316528,-0.0016784947365522385,0.040436405688524246,-4.10482931137085,0.015411609783768654
1.587999999999999,-0.0056458404287695885,0.08499275147914886,0.0019836705178022385,0.04592965543270111,-3.540245771408081,0.012664985843002796
1.5889999999999989,0.016937512904405594,0.022735940292477608,0.02578774467110634,0.006561377085745335,0.850080132484436,0.0010681292042136192
1.5899999999999987,0.003814753144979477,0.010833903215825558,0.0062561966478824615,0.0791943222284317,5.055771827697754,-0.0010681338608264923
1.5909999999999986,0.0028992118313908577,-0.0785839632153511,-0.007171742618083954,0.03463797643780708,5.055466651916504,-0.0016784947365522385
1.5919999999999985,0.0025940313935279846,-0.14999619126319885,-0.041962310671806335,0.04928663745522499,3.0244908332824707,0.000152587890625
1.5929999999999984,0.03311207517981529,0.1576256901025772,0.0007629487663507462,0.0321965329349041,1.614862322807312,-0.00015259254723787308
1.5939999999999983,0.010833903215825558,-0.23300527036190033,-0.007476923055946827,0.00411993358284235,0.6974899172782898,0.0025940313935279846
1.5949999999999982,0.004730294458568096,-0.08224613219499588,-0.01754787750542164,-0.06149385869503021,0.15487906336784363,0.010223542340099812
1.595999999999998,0.014496068470180035,-0.06729228794574738,-0.0016784947365522385,-0.2232394963502884,-0.04257267341017723,0.000152587890625
1.596999999999998,0.018768593668937683,-0.03524834290146828,-0.01754787750542164,0.02731364592909813,-0.3651483952999115,0.0010681292042136192
1.5979999999999979,0.004730294458568096,0.0010681292042136192,0.05294880270957947,0.03463797643780708,-0.4563973546028137,0.003814753144979477
1.5989999999999978,-0.0007629534229636192,0.06179903447628021,0.005035474896430969,0.0059510162100195885,-1.0386816263198853,0.008697640150785446
1.5999999999999976,0.012664985843002796,0.02578774467110634,0.004730294458568096,0.038910504430532455,-4.947737693786621,0.014801248908042908
1.6009999999999975,0.008697640150785446,-0.09750515222549438,-0.011444268748164177,-0.10513466596603394,4.926375389099121,0.000152587890625
1.6019999999999974,0.009918361902236938,-0.024872208014130592,0.0004577683284878731,0.0315861739218235,4.227817058563232,-0.0007629534229636192
1.6029999999999973,0.014496068470180035,-0.006561381742358208,0.0019836705178022385,-0.019684139639139175,-3.844205379486084,0.014801248908042908
1.6039999999999972,0.0007629487663507462,0.05569542944431305,-0.00869764480739832,0.018158234655857086,-4.944685935974121,0.01785305328667164
1.604999999999997,0.014496068470180035,-0.05355916917324066,-0.0059510208666324615,-0.02212558314204216,-4.548256874084473,0.014190888032317162
1.605999999999997,0.005340655334293842,0.04287784919142723,0.01754787191748619,-0.10574502497911453,-3.8924238681793213,0.013275346718728542
1.6069999999999969,0.015411609783768654,-0.013275351375341415,-0.004425118677318096,0.006866557523608208,5.045700550079346,-0.0016784947365522385
1.6079999999999968,0.009918361902236938,0.013275346718728542,0.02853436768054962,0.007171737961471081,4.610208511352539,-0.0016784947365522385
1.6089999999999967,0.019684135913848877,0.0004577683284878731,-0.03280689939856529,0.026092924177646637,3.9406423568725586,-0.0022888556122779846
1.6099999999999965,0.009613181464374065,0.0004577683284878731,-0.012359810061752796,0.013275346718728542,1.216601848602295,0.0007629487663507462
1.6109999999999964,0.034027617424726486,0.11947813630104065,-0.0077821034938097,0.027618827298283577,-4.943160057067871,0.01785305328667164
1.6119999999999963,0.04257266968488693,-0.04257267341017723,0.013885707594454288,-0.016632337123155594,-4.228122234344482,0.014190888032317162
1.6129999999999962,0.040436405688524246,-0.027924012392759323,-0.013580531813204288,0.01510642934590578,4.511634826660156,-0.0022888556122779846
1.613999999999996,-0.003509577363729477,0.0239566620439291,0.01205462496727705,-0.026092929765582085,-4.942244529724121,0.013580527156591415
1.614999999999996,0.019989315420389175,0.02578774467110634,0.06210421770811081,0.010528722777962685,-4.76585054397583,0.0160219706594944
1.6159999999999959,0.01937895640730858,-0.029449913650751114,-0.019684139639139175,0.009918361902236938,-4.061799049377441,0.014496068470180035
1.6169999999999958,0.005035474896430969,-0.04379339516162872,-0.03341726213693619,-0.009613186120986938,-3.509117364883423,0.01297016628086567
1.6179999999999957,0.03952086344361305,0.018768593668937683,0.0013733096420764923,-0.014496073126792908,4.138704299926758,-0.00045777298510074615
1.6189999999999956,0.04440375044941902,-0.03982605040073395,-0.011139088310301304,-0.024567026644945145,5.056992530822754,0.0007629487663507462
1.6199999999999954,-0.02700847014784813,-0.007171742618083954,-0.012970170937478542,0.014496068470180035,4.389257431030273,-0.00045777298510074615
1.6209999999999953,0.026092924177646637,-0.01266499049961567,-0.02975509501993656,0.008697640150785446,2.2563514709472656,0.000152587890625
1.6219999999999952,0.01937895640730858,-0.03433280065655708,-0.009308005683124065,0.014190888032317162,0.1268024742603302,0.003814753144979477
1.6229999999999951,0.026703286916017532,-0.02822919189929962,-0.05081254616379738,0.024567022919654846,-4.951094627380371,0.013580527156591415
1.623999999999995,0.0007629487663507462,0.0062561966478824615,-0.005035479553043842,0.03311207517981529,4.77988862991333,-0.0022888556122779846
1.624999999999995,-0.10330358147621155,-0.03494316339492798,-0.014496073126792908,0.043488211929798126,4.138399124145508,-0.0010681338608264923
1.6259999999999948,0.019684135913848877,-0.06485084444284439,-0.009002825245261192,0.0010681292042136192,3.55611515045166,-0.00045777298510074615
1.6269999999999947,0.022735940292477608,-0.005340659990906715,0.01907377503812313,-0.008087283931672573,3.068436622619629,-0.0010681338608264923
1.6279999999999946,0.0315861739218235,-0.02059968188405037,0.0025940313935279846,0.0318913534283638,-1.4567787647247314,0.009613181464374065
1.6289999999999945,0.003509572707116604,-0.08468757569789886,-0.025787748396396637,-0.005340659990906715,-4.945906639099121,0.017242692410945892
1.6299999999999943,0.05386434495449066,-0.009613186120986938,0.006866557523608208,-0.003204396925866604,-4.947432518005371,0.013275346718728542
1.6309999999999942,0.030670631676912308,-0.03006027638912201,-0.016937516629695892,-0.00869764480739832,-4.274815082550049,0.014496068470180035
1.6319999999999941,0.0163271501660347,0.004730294458568096,0.0028992118313908577,0.004730294458568096,0.05050735920667648,0.005035474896430969
1.632999999999994,0.05264362320303917,0.003814753144979477,-0.016937516629695892,0.008392459712922573,5.049668312072754,-0.0007629534229636192
1.633999999999994,-0.06881818920373917,0.035858698189258575,0.023041121661663055,0.01113908365368843,3.21644926071167,-0.0013733142986893654
1.6349999999999938,0.005340655334293842,0.07431143522262573,-0.010528727434575558,0.01754787191748619,-4.493629455566406,0.014496068470180035
1.6359999999999937,0.005340655334293842,-0.019684139639139175,-0.009918366558849812,-0.013275351375341415,5.026779651641846,-0.0007629534229636192
1.6369999999999936,-0.048371102660894394,-0.012359810061752796,-0.0157167948782444,-0.006561381742358208,4.411230564117432,-0.0007629534229636192
1.6379999999999935,0.05539024621248245,0.003814753144979477,0.00900282058864832,0.016937512904405594,3.7853055000305176,-0.0013733142986893654
1.6389999999999934,0.008697640150785446,-0.03799496591091156,0.015411609783768654,-0.040436409413814545,3.2640573978424072,-0.0016784947365522385
1.6399999999999932,0.02883954904973507,-0.013885712251067162,-0.017853058874607086,0.01205462496727705,-0.43350881338119507,0.0059510162100195885
1.6409999999999931,0.007782098837196827,0.008392459712922573,0.02212557941675186,0.008392459712922573,-4.298008918762207,0.013275346718728542
1.641999999999993,0.007171737961471081,-0.059357598423957825,-0.02822919189929962,-0.0019836751744151115,-4.597085475921631,0.0160219706594944
1.642999999999993,-0.005035479553043842,0.007782098837196827,-0.01480125356465578,-0.01174944918602705,-3.4837872982025146,0.01297016628086567
1.6439999999999928,0.02883954904973507,-0.08255130797624588,-0.029449913650751114,-0.0025940360501408577,-2.608224630355835,0.009918361902236938
1.6449999999999927,0.006561377085745335,-0.010223546996712685,-0.012054629623889923,-0.026092929765582085,-1.4357213973999023,0.009613181464374065
1.6459999999999926,0.0019836705178022385,-0.024872208014130592,-0.015411614440381527,-0.0010681338608264923,-0.4118410050868988,0.006561377085745335
1.6469999999999925,0.024261843413114548,-0.010528727434575558,-0.014496073126792908,0.013580527156591415,0.04409857094287872,0.00411993358284235
1.6479999999999924,0.020294496789574623,0.01510642934590578,0.005035474896430969,0.056305788457393646,0.3208972215652466,0.0025940313935279846
1.6489999999999922,0.0025940313935279846,-0.02517738938331604,-0.01174944918602705,-0.006561381742358208,0.11551079154014587,0.00411993358284235
1.6499999999999921,-0.02517738938331604,-0.00015259254723787308,0.0013733096420764923,0.035858698189258575,0.573586642742157,0.0022888509556651115
1.650999999999992,0.029755089432001114,-0.01876859925687313,-0.008392464369535446,0.007171737961471081,-0.14755474030971527,0.005035474896430969
1.651999999999992,0.03311207517981529,-0.028839554637670517,-0.010223546996712685,0.04196230694651604,1.0151827335357666,0.0010681292042136192
1.6529999999999918,0.022735940292477608,-0.0059510208666324615,0.01205462496727705,-0.006561381742358208,0.4457160234451294,0.0010681292042136192
1.6539999999999917,0.010223542340099812,-0.024261847138404846,-0.00381475780159235,-0.0016784947365522385,1.0832380056381226,0.0019836705178022385
1.6549999999999916,0.005645835772156715,0.0025940313935279846,-0.01266499049961567,0.021515218541026115,0.3938353657722473,0.0022888509556651115
1.6559999999999915,0.01297016628086567,-0.010223546996712685,0.008697640150785446,0.0315861739218235,0.1274128258228302,0.00411993358284235
1.6569999999999914,-0.0028992164880037308,0.0004577683284878731,-0.023041125386953354,0.008392459712922573,4.490272521972656,-0.0019836751744151115
1.6579999999999913,0.023041121661663055,-0.03433280065655708,-0.02517738938331604,0.015411609783768654,-4.953231334686279,0.014496068470180035
1.6589999999999911,-0.01754787750542164,0.029449909925460815,0.018768593668937683,0.000152587890625,-4.757915496826172,0.016937512904405594
1.659999999999991,0.020294496789574623,0.01907377503812313,-0.008392464369535446,-0.0477607399225235,-4.047150611877441,0.0163271501660347
1.660999999999991,0.043488211929798126,0.0160219706594944,0.000152587890625,0.028229188174009323,5.1720452308654785,-0.0019836751744151115
1.6619999999999908,0.0028992118313908577,-0.01083390787243843,-0.005035479553043842,0.049897000193595886,5.054551124572754,-0.0010681338608264923
1.6629999999999907,0.03555351868271828,-0.0022888556122779846,-0.01266499049961567,0.03036545217037201,4.322728157043457,-0.0016784947365522385
1.6639999999999906,0.000152587890625,0.022735940292477608,0.05386434495449066,-0.025787748396396637,3.711452007293701,-0.0010681338608264923
1.6649999999999905,0.026398105546832085,-0.022735945880413055,0.0025940313935279846,0.013885707594454288,-3.2896926403045654,0.011749444529414177
1.6659999999999904,-0.00869764480739832,-0.03646906465291977,0.007171737961471081,-0.03585870563983917,-4.951704978942871,0.013885707594454288
1.6669999999999903,0.03677424043416977,-0.025787748396396637,0.006866557523608208,0.010223542340099812,-3.9125657081604004,0.015411609783768654
1.6679999999999902,0.029144730418920517,-0.0077821034938097,0.013885707594454288,-0.0025940360501408577,-1.6386663913726807,0.01113908365368843
1.66899999999999,0.043793391436338425,-0.01876859925687313,-0.015411614440381527,-0.006561381742358208,-0.8580148220062256,0.005645835772156715
1.66999999999999,0.027924008667469025,-0.03585870563983917,0.005340655334293842,-0.004425118677318096,0.5836575627326965,0.0013733096420764923
1.6709999999999898,-0.03830014914274216,-0.017853058874607086,-0.019684139639139175,0.040436405688524246,-0.3459220230579376,0.005645835772156715
1.6719999999999897,0.00411993358284235,-0.033722441643476486,-0.026398111134767532,0.024567022919654846,0.4408331513404846,0.0032043922692537308
1.6729999999999896,0.040436405688524246,-0.015411614440381527,0.0163271501660347,0.019989315420389175,-0.0471503809094429,0.005645835772156715
1.6739999999999895,-0.04074159264564514,-0.01754787750542164,-0.02029450237751007,-0.00381475780159235,0.23300525546073914,0.003509572707116604
1.6749999999999894,0.008697640150785446,-0.03585870563983917,-0.018158238381147385,-0.01083390787243843,0.43595024943351746,0.0025940313935279846
1.6759999999999893,-0.02517738938331604,-0.03585870563983917,-0.024567026644945145,0.015411609783768654,0.8970779180526733,0.0016784900799393654
1.6769999999999892,0.0160219706594944,-0.00869764480739832,-0.0013733142986893654,-0.052948810160160065,1.3838406801223755,0.0013733096420764923
1.677999999999989,-0.0019836751744151115,-0.006256201304495335,-0.017853058874607086,0.054779887199401855,-0.4258792996406555,0.005340655334293842
1.678999999999989,-0.0013733142986893654,-0.008392464369535446,-0.0013733142986893654,-0.02670329064130783,-1.2275882959365845,0.009308001026511192
1.6799999999999888,0.0080872792750597,-0.0056458404287695885,-0.006561381742358208,0.022735940292477608,-2.0665292739868164,0.010833903215825558
1.6809999999999887,0.009918361902236938,-0.01724269613623619,0.011444264091551304,-0.00045777298510074615,-1.6459907293319702,0.010833903215825558
1.6819999999999886,0.029449909925460815,-0.0077821034938097,-0.013275351375341415,-0.011139088310301304,-1.2431524991989136,0.006866557523608208
1.6829999999999885,0.01297016628086567,-0.0013733142986893654,0.009613181464374065,0.04440375044941902,0.24368657171726227,0.0032043922692537308
1.6839999999999884,0.0160219706594944,-0.00381475780159235,0.005340655334293842,0.005340655334293842,5.12596321105957,-0.0028992164880037308
1.6849999999999883,0.03860532492399216,-0.005340659990906715,0.007171737961471081,0.0004577683284878731,4.76890230178833,-0.0019836751744151115
1.6859999999999882,-0.007476923055946827,-0.01724269613623619,0.0013733096420764923,0.013580527156591415,3.6427862644195557,-0.0013733142986893654
1.686999999999988,0.012664985843002796,-0.01724269613623619,0.00411993358284235,0.004730294458568096,-1.2550545930862427,0.008697640150785446
1.687999999999988,-0.0016784947365522385,-0.02029450237751007,0.005340655334293842,0.009613181464374065,-4.021820545196533,0.014496068470180035
1.6889999999999878,0.02090485766530037,-0.026092929765582085,-0.006561381742358208,0.0032043922692537308,-3.6070802211761475,0.013275346718728542
1.6899999999999877,0.004730294458568096,-0.005035479553043842,-0.005340659990906715,0.009308001026511192,-0.5647364258766174,0.0080872792750597
1.6909999999999876,0.007476918399333954,0.0022888509556651115,0.005340655334293842,0.013580527156591415,0.7051193714141846,0.0025940313935279846
1.6919999999999875,0.011749444529414177,-0.03585870563983917,-0.010223546996712685,-0.023041125386953354,-1.1439688205718994,0.006561377085745335
1.6929999999999874,0.009918361902236938,-0.0019836751744151115,-0.013580531813204288,0.005340655334293842,-0.8937209248542786,0.005645835772156715
1.6939999999999873,0.01113908365368843,-0.00015259254723787308,0.0022888509556651115,0.0025940313935279846,-0.37094682455062866,0.005035474896430969
1.6949999999999872,0.0062561966478824615,-0.009002825245261192,0.008392459712922573,0.010833903215825558,-0.29739832878112793,0.0062561966478824615
1.695999999999987,0.009918361902236938,-0.008087283931672573,-0.00381475780159235,0.0032043922692537308,1.8113985061645508,0.0010681292042136192
1.696999999999987,0.006866557523608208,-0.01174944918602705,-0.011139088310301304,0.009613181464374065,3.21889066696167,-0.0010681338608264923
1.6979999999999869,0.01205462496727705,-0.012054629623889923,0.0028992118313908577,0.005035474896430969,1.1223011016845703,0.0007629487663507462
1.6989999999999867,0.005035474896430969,-0.016937516629695892,0.008392459712922573,0.004730294458568096,0.5763332843780518,0.0022888509556651115
1.6999999999999866,0.009613181464374065,-0.008392464369535446,-0.0056458404287695885,0.0025940313935279846,-2.305485725402832,0.01113908365368843
1.7009999999999865,-0.0019836751744151115,-0.03341726213693619,0.0062561966478824615,0.003814753144979477,-0.9504844546318054,0.00900282058864832
1.7019999999999864,0.014496068470180035,-0.03982605040073395,-0.0645456612110138,0.004730294458568096,1.3966583013534546,0.0010681292042136192
1.7029999999999863,0.008697640150785446,-0.0028992164880037308,0.0028992118313908577,0.0019836705178022385,1.375905990600586,0.0004577683284878731
1.7039999999999862,0.0028992118313908577,0.0010681292042136192,-0.04165713116526604,0.010833903215825558,1.324025273323059,0.0007629487663507462
1.704999999999986,0.007476918399333954,0.056610967963933945,-0.04257267341017723,0.0010681292042136192,4.10299825668335,-0.0013733142986893654
1.705999999999986,0.01205462496727705,0.0010681292042136192,0.0025940313935279846,0.0080872792750597,3.4843976497650146,-0.0013733142986893654
1.7069999999999859,0.00411993358284235,0.007171737961471081,-0.007476923055946827,0.007171737961471081,-4.942244529724121,0.01785305328667164
1.7079999999999858,0.007782098837196827,-0.1115434542298317,-0.011139088310301304,0.0059510162100195885,-4.669718265533447,0.017242692410945892
1.7089999999999856,0.0007629487663507462,0.16983291506767273,0.02243075892329216,0.01205462496727705,-3.984893560409546,0.0163271501660347
1.7099999999999855,0.014496068470180035,-0.023346304893493652,-0.022430764511227608,0.0062561966478824615,-3.4431982040405273,0.01297016628086567
1.7109999999999854,0.0059510162100195885,-0.005340659990906715,0.03860532492399216,-0.0059510208666324615,5.077439308166504,-0.0016784947365522385
1.7119999999999853,-0.0022888556122779846,-0.14877545833587646,0.0239566620439291,0.015411609783768654,5.053330421447754,-0.0007629534229636192
1.7129999999999852,0.006561377085745335,-0.0013733142986893654,0.008392459712922573,0.01205462496727705,-3.4471657276153564,0.014190888032317162
1.713999999999985,0.005035474896430969,-0.021210042759776115,-0.05111772567033768,-0.0056458404287695885,-4.5189595222473145,0.0163271501660347
1.714999999999985,0.005035474896430969,-0.05752651393413544,-0.0010681338608264923,0.012359805405139923,4.900434970855713,-0.00045777298510074615
1.7159999999999849,0.010833903215825558,-0.05722133442759514,0.017242692410945892,0.027924008667469025,3.6189823150634766,-0.0016784947365522385
1.7169999999999848,0.0080872792750597,0.004425114020705223,-0.0025940360501408577,-0.043488215655088425,-4.944380760192871,0.01754787191748619
1.7179999999999847,0.00900282058864832,-0.06027314066886902,-0.04135195165872574,-0.00015259254723787308,-4.260471343994141,0.015411609783768654
1.7189999999999845,0.007476918399333954,-0.024872208014130592,-0.008087283931672573,-0.01724269613623619,-3.6617074012756348,0.014496068470180035
1.7199999999999844,0.009613181464374065,0.026092924177646637,0.0325017124414444,0.0016784900799393654,-3.1645686626434326,0.01205462496727705
1.7209999999999843,0.008697640150785446,0.02578774467110634,-0.012359810061752796,0.02090485766530037,5.065537452697754,-0.0010681338608264923
1.7219999999999842,0.0080872792750597,-0.0157167948782444,-0.0013733142986893654,-0.02822919189929962,5.053940773010254,-0.003204396925866604
1.722999999999984,0.011444264091551304,-0.0944533497095108,-0.06607156991958618,0.00411993358284235,4.5290303230285645,0.01785305328667164
1.723999999999984,0.006561377085745335,-0.059357598423957825,-0.004425118677318096,0.02731364592909813,3.8905928134918213,-0.003204396925866604
1.7249999999999839,0.016632331535220146,0.08499275147914886,0.00411993358284235,0.021210037171840668,-3.7499046325683594,0.010223542340099812
1.7259999999999838,0.0028992118313908577,-0.00869764480739832,0.014496068470180035,0.0016784900799393654,-4.943770408630371,0.014190888032317162
1.7269999999999837,0.00900282058864832,-0.08133058995008469,0.0032043922692537308,0.03463797643780708,-2.782482624053955,0.01113908365368843
1.7279999999999835,0.014801248908042908,0.029755089432001114,-0.04104677215218544,0.021820399910211563,2.2505531311035156,0.0004577683284878731
1.7289999999999834,-0.0019836751744151115,0.0321965329349041,-0.0007629534229636192,-0.0788891464471817,1.9661250114440918,-0.00045777298510074615
1.7299999999999833,0.00900282058864832,-0.0160219743847847,-0.016937516629695892,0.1451132893562317,4.418249607086182,-0.00045777298510074615
1.7309999999999832,0.007782098837196827,-0.04226749390363693,-0.0077821034938097,0.010833903215825558,-4.714580059051514,0.0160219706594944
1.731999999999983,0.006561377085745335,0.0163271501660347,-0.003204396925866604,0.0315861739218235,-4.927901268005371,0.015411609783768654
1.732999999999983,0.000152587890625,-0.09170672297477722,-0.0022888556122779846,-0.08133058995008469,5.10978889465332,-0.0007629534229636192
1.7339999999999829,0.0163271501660347,0.007171737961471081,0.03036545217037201,0.01907377503812313,4.387121200561523,-0.0013733142986893654
1.7349999999999828,0.0032043922692537308,0.054779887199401855,-0.00015259254723787308,0.008392459712922573,3.7538719177246094,-0.0007629534229636192
1.7359999999999827,0.009308001026511192,-0.0007629534229636192,0.0013733096420764923,0.03768978267908096,3.237506628036499,0.0004577683284878731
1.7369999999999826,0.005035474896430969,-0.022735945880413055,0.006561377085745335,-0.08102540671825409,-3.6168458461761475,0.014496068470180035
1.7379999999999824,0.0059510162100195885,-0.05264362692832947,-0.00381475780159235,0.003814753144979477,-4.279392719268799,0.016937512904405594
1.7389999999999823,0.005645835772156715,-0.008087283931672573,-0.015106434002518654,-0.01083390787243843,-2.8780040740966797,0.014496068470180035
1.7399999999999822,0.0080872792750597,-0.019989321008324623,-0.03646906465291977,-0.03952086716890335,-1.3310444355010986,0.007476918399333954
1.7409999999999821,0.007171737961471081,-0.011444268748164177,-0.0056458404287695885,-0.19638361036777496,-0.3532463610172272,0.005035474896430969
1.741999999999982,0.01113908365368843,-0.1722743660211563,-0.02059968188405037,0.039215683937072754,0.12436102330684662,0.00411993358284235
1.742999999999982,0.016632331535220146,0.040741585195064545,0.005645835772156715,0.018158234655857086,0.16800183057785034,0.0022888509556651115
1.7439999999999818,0.00900282058864832,0.027924008667469025,0.030975811183452606,0.01113908365368843,0.0239566620439291,0.0032043922692537308
1.7449999999999817,0.007476918399333954,-0.0321965366601944,-0.016632337123155594,-0.11520561575889587,-0.3620965778827667,0.006561377085745335
1.7459999999999816,0.012359805405139923,-0.046540018171072006,0.003814753144979477,-0.0028992164880037308,-0.125886932015419,0.005645835772156715
1.7469999999999815,-0.0056458404287695885,0.09658960998058319,0.02548256516456604,0.03341725468635559,0.19851987063884735,0.006866557523608208
1.7479999999999813,0.010528722777962685,0.013580527156591415,0.0010681292042136192,0.01937895640730858,0.1420614868402481,0.004425114020705223
1.7489999999999812,0.029755089432001114,-0.01724269613623619,0.01205462496727705,-0.018463417887687683,0.23575188219547272,0.0028992118313908577
1.7499999999999811,0.026398105546832085,-0.05020218342542648,-0.00015259254723787308,0.08712901175022125,-0.43900206685066223,0.005035474896430969
1.750999999999981,0.004730294458568096,-0.10757610946893692,-0.0059510208666324615,0.02548256516456604,-0.23270007967948914,0.005340655334293842
1.751999999999981,0.01297016628086567,0.09140153974294662,0.003814753144979477,0.03860532492399216,2.2664225101470947,-0.0007629534229636192
1.7529999999999808,0.013580527156591415,-0.016937516629695892,-0.010223546996712685,0.009918361902236938,4.414282321929932,-0.003204396925866604
1.7539999999999807,0.0059510162100195885,-0.0477607399225235,0.007171737961471081,0.06912336498498917,-4.911116123199463,0.014801248908042908
1.7549999999999806,0.023041121661663055,-0.06179904192686081,-0.0160219743847847,-0.10360875725746155,-4.738384246826172,0.01510642934590578
1.7559999999999805,0.003509572707116604,-0.09689479321241379,-0.021515224128961563,0.024567022919654846,-4.040741443634033,0.0157167911529541
1.7569999999999804,0.009918361902236938,0.05111772194504738,0.009613181464374065,0.021210037171840668,-3.4920270442962646,0.01297016628086567
1.7579999999999802,-0.00045777298510074615,0.045319292694330215,0.023346301168203354,0.0318913534283638,5.046921253204346,-0.0028992164880037308
1.7589999999999801,0.028229188174009323,0.07278553396463394,0.0028992118313908577,0.05081254243850708,5.055161476135254,0.000152587890625
1.75999999999998,0.005340655334293842,-0.011444268748164177,-0.012054629623889923,0.004730294458568096,4.622720718383789,-0.0007629534229636192
1.76099999999998,0.009613181464374065,0.0016784900799393654,-0.013885712251067162,-0.08804456144571304,2.2658121585845947,-0.0007629534229636192
1.7619999999999798,0.014190888032317162,0.043488211929798126,-0.02029450237751007,-0.0028992164880037308,0.9285115003585815,-0.00045777298510074615
1.7629999999999797,0.0059510162100195885,0.013275346718728542,0.034332796931266785,-0.03799496591091156,-4.949873924255371,0.015411609783768654
1.7639999999999796,0.0163271501660347,-0.0315861776471138,-0.04623483866453171,0.028229188174009323,5.246814727783203,-0.00015259254723787308
1.7649999999999795,0.021515218541026115,-0.028839554637670517,0.0028992118313908577,-0.026092929765582085,4.162508487701416,0.000152587890625
1.7659999999999794,0.0028992118313908577,-0.0160219743847847,-0.007476923055946827,-0.02548256888985634,3.56435489654541,-0.0016784947365522385
1.7669999999999793,0.00411993358284235,-0.04623483866453171,-0.056305792182683945,-0.003204396925866604,3.073930025100708,-0.0013733142986893654
1.7679999999999791,0.019989315420389175,0.01907377503812313,-0.01174944918602705,0.027924008667469025,1.6313420534133911,0.0010681292042136192
1.768999999999979,0.014190888032317162,-0.05416952818632126,-0.06576638668775558,0.01113908365368843,-4.944685935974121,0.0163271501660347
1.769999999999979,0.011749444529414177,-0.03982605040073395,-0.02548256888985634,-0.007171742618083954,-4.942244529724121,0.016937512904405594
1.7709999999999788,-0.003509577363729477,-0.03768978640437126,-0.024261847138404846,0.010223542340099812,-3.0281529426574707,0.011749444529414177
1.7719999999999787,0.007476918399333954,-0.004425118677318096,0.00411993358284235,0.014801248908042908,-1.078049898147583,0.006866557523608208
1.7729999999999786,0.010223542340099812,-0.024261847138404846,-0.01876859925687313,-0.03952086716890335,0.09292744100093842,0.003814753144979477
1.7739999999999785,-0.010528727434575558,-0.01266499049961567,-0.02059968188405037,0.0080872792750597,4.507667541503906,-0.0016784947365522385
1.7749999999999784,0.0163271501660347,0.019684135913848877,0.027924008667469025,-0.008392464369535446,-4.950484275817871,0.014496068470180035
1.7759999999999783,0.028229188174009323,-0.0157167948782444,0.0032043922692537308,0.013275346718728542,-4.320286750793457,0.013580527156591415
1.7769999999999782,0.003509572707116604,-0.006561381742358208,0.016632331535220146,0.040436405688524246,-3.724879741668701,0.014190888032317162
1.777999999999978,-0.003204396925866604,-0.006866562180221081,-0.0059510208666324615,-0.013885712251067162,-1.6472114324569702,0.00900282058864832
1.778999999999978,0.007782098837196827,-0.02212558314204216,0.0016784900799393654,0.03707941994071007,5.062485694885254,-0.0016784947365522385
1.7799999999999778,0.01113908365368843,-0.033722441643476486,-0.019989321008324623,0.009613181464374065,5.055161476135254,-0.0013733142986893654
1.7809999999999777,0.02243075892329216,0.046845193952322006,0.004425114020705223,0.06729228794574738,3.669031858444214,-0.0010681338608264923
1.7819999999999776,0.004730294458568096,-0.009613186120986938,0.028229188174009323,0.024567022919654846,-4.945296287536621,0.017242692410945892
1.7829999999999775,0.01113908365368843,-0.0010681338608264923,-0.019989321008324623,-0.00381475780159235,4.806744575500488,-0.0010681338608264923
1.7839999999999774,-0.009002825245261192,-0.004425118677318096,0.009918361902236938,-0.01083390787243843,4.484473705291748,-0.0019836751744151115
1.7849999999999773,0.004425114020705223,0.005340655334293842,0.009613181464374065,0.006561377085745335,3.843595027923584,-0.00045777298510074615
1.7859999999999772,-0.0077821034938097,-0.027313651517033577,0.0032043922692537308,0.04440375044941902,3.3141069412231445,-0.00015259254723787308
1.786999999999977,0.004730294458568096,0.0025940313935279846,0.04287784919142723,0.029449909925460815,-0.3633173108100891,0.006561377085745335
1.787999999999977,0.0636301189661026,0.00411993358284235,0.01907377503812313,0.02731364592909813,-4.879682540893555,0.0163271501660347
1.7889999999999768,0.007782098837196827,-0.04074159264564514,-0.018463417887687683,-0.004425118677318096,-4.43289852142334,0.014496068470180035
1.7899999999999767,0.010528722777962685,-0.016327155753970146,0.008697640150785446,0.03646906092762947,-3.228656530380249,0.014801248908042908
1.7909999999999766,-0.027618832886219025,-0.013885712251067162,-0.0160219743847847,-0.009308005683124065,-1.5794613361358643,0.008697640150785446
1.7919999999999765,0.014801248908042908,0.01297016628086567,-0.026092929765582085,-0.005035479553043842,-0.5525291562080383,0.007782098837196827
1.7929999999999764,0.05844205245375633,-0.01174944918602705,0.011749444529414177,-0.003509577363729477,-0.3523308038711548,0.0062561966478824615
1.7939999999999763,0.01510642934590578,0.016937512904405594,-0.007476923055946827,0.004425114020705223,0.20248721539974213,0.00411993358284235
1.7949999999999762,0.007782098837196827,0.0019836705178022385,-0.016937516629695892,-0.006866562180221081,0.07125963270664215,0.004730294458568096
1.795999999999976,0.0318913534283638,-0.03646906465291977,-0.016937516629695892,0.014190888032317162,0.22659647464752197,0.0032043922692537308
1.796999999999976,0.023041121661663055,0.03372243791818619,0.008392459712922573,0.02883954904973507,0.18814373016357422,0.004730294458568096
1.7979999999999758,-0.00045777298510074615,-0.02853437326848507,-0.020904861390590668,-0.02212558314204216,0.6727702617645264,0.0013733096420764923
1.7989999999999757,0.04318302869796753,-0.010528727434575558,0.011749444529414177,0.003814753144979477,0.10360875725746155,0.004730294458568096
1.7999999999999756,0.02578774467110634,0.000152587890625,-0.019378960132598877,0.005340655334293842,-0.23483635485172272,0.004730294458568096
1.8009999999999755,-0.00381475780159235,-0.051422905176877975,-0.01724269613623619,0.000152587890625,0.27512016892433167,0.003814753144979477
1.8019999999999754,0.0163271501660347,-0.02059968188405037,-0.011444268748164177,0.0022888509556651115,-0.06485084444284439,0.003509572707116604
1.8029999999999753,0.018158234655857086,-0.02212558314204216,-0.0059510208666324615,0.007171737961471081,0.15274280309677124,0.0032043922692537308
1.8039999999999752,-0.00045777298510074615,-0.024567026644945145,-0.004425118677318096,0.011444264091551304,-0.13687342405319214,0.0059510162100195885
1.804999999999975,-0.023346304893493652,0.0032043922692537308,-0.0013733142986893654,0.02212557941675186,0.19974058866500854,0.004425114020705223
1.805999999999975,0.01510642934590578,-0.019989321008324623,-0.0312809981405735,0.007782098837196827,0.3187609612941742,0.003814753144979477
1.8069999999999748,0.011444264091551304,-0.01907378062605858,-0.0022888556122779846,0.008392459712922573,-0.06942854821681976,0.005035474896430969
1.8079999999999747,0.011749444529414177,0.0062561966478824615,-0.009613186120986938,0.01510642934590578,0.1432822197675705,0.004730294458568096
1.8089999999999746,0.01205462496727705,-0.010528727434575558,-0.026092929765582085,0.0010681292042136192,0.35996031761169434,0.0032043922692537308
1.8099999999999745,0.00900282058864832,-0.004425118677318096,-0.007171742618083954,0.0013733096420764923,0.03830014169216156,0.004730294458568096
1.8109999999999744,0.004425114020705223,-0.01724269613623619,-0.006866562180221081,0.007476918399333954,-0.37003129720687866,0.007476918399333954
1.8119999999999743,0.014801248908042908,-0.006866562180221081,-0.01174944918602705,-0.004119938239455223,-0.08255130797624588,0.005035474896430969
1.8129999999999742,0.011749444529414177,-0.02182040363550186,-0.01174944918602705,0.0022888509556651115,-0.007476923055946827,0.0028992118313908577
1.813999999999974,0.00900282058864832,-0.003204396925866604,0.003509572707116604,0.007476918399333954,0.7270923852920532,0.0025940313935279846
1.814999999999974,0.00411993358284235,-0.04226749390363693,-0.009308005683124065,-0.0013733142986893654,-0.13900968432426453,0.005340655334293842
1.8159999999999739,0.008697640150785446,-0.021210042759776115,0.009308001026511192,-0.0013733142986893654,-0.16952773928642273,0.005340655334293842
1.8169999999999737,0.010833903215825558,-0.01876859925687313,-0.016632337123155594,-0.00045777298510074615,-0.057831697165966034,0.003509572707116604
1.8179999999999736,0.007171737961471081,-0.006866562180221081,-0.023041125386953354,0.0007629487663507462,0.08957045525312424,0.003509572707116604
1.8189999999999735,0.0028992118313908577,-0.017853058874607086,0.010223542340099812,0.016937512904405594,0.26352331042289734,0.00411993358284235
1.8199999999999734,0.015411609783768654,-0.013275351375341415,-0.005035479553043842,0.0010681292042136192,0.03616388142108917,0.004730294458568096
1.8209999999999733,0.0025940313935279846,-0.023346304893493652,0.014496068470180035,0.009918361902236938,0.5656519532203674,0.0013733096420764923
1.8219999999999732,0.0080872792750597,0.00900282058864832,0.016632331535220146,0.015411609783768654,0.3669794797897339,0.0022888509556651115
1.822999999999973,0.007476918399333954,-0.03006027638912201,-0.006561381742358208,0.006561377085745335,0.5217059850692749,0.0022888509556651115
1.823999999999973,0.015411609783768654,-0.022430764511227608,-0.023956667631864548,-0.004425118677318096,0.34103915095329285,0.0025940313935279846
1.8249999999999729,0.008697640150785446,-0.02059968188405037,-0.005035479553043842,0.0025940313935279846,0.5580224394798279,0.0013733096420764923
1.8259999999999728,0.013580527156591415,-0.013275351375341415,-0.004730299115180969,-0.004425118677318096,-0.13076981902122498,0.005035474896430969
1.8269999999999726,0.01113908365368843,-0.004425118677318096,0.013885707594454288,-0.009308005683124065,-1.2401007413864136,0.009308001026511192
1.8279999999999725,0.01113908365368843,-0.008392464369535446,0.0010681292042136192,0.0016784900799393654,-0.3807125985622406,0.006866557523608208
1.8289999999999724,0.008392459712922573,-0.00869764480739832,-0.010223546996712685,0.007171737961471081,0.09658960998058319,0.00411993358284235
1.8299999999999723,0.009308001026511192,-0.012970170937478542,0.000152587890625,0.006561377085745335,0.14053559303283691,0.0022888509556651115
1.8309999999999722,0.005035474896430969,-0.015106434002518654,-0.0059510208666324615,0.006866557523608208,-0.4319829046726227,0.0059510162100195885
1.831999999999972,0.030975811183452606,-0.018158238381147385,-0.004425118677318096,0.007782098837196827,0.16983291506767273,0.00411993358284235
1.832999999999972,0.008697640150785446,-0.016632337123155594,-0.0019836751744151115,0.004425114020705223,-0.1722743660211563,0.00411993358284235
1.8339999999999719,0.0062561966478824615,-0.012970170937478542,-0.0056458404287695885,0.0062561966478824615,-0.3953612446784973,0.0059510162100195885
1.8349999999999718,0.007782098837196827,-0.0010681338608264923,-0.0022888556122779846,0.007476918399333954,-0.5326924324035645,0.0062561966478824615
1.8359999999999717,0.013885707594454288,-0.01724269613623619,-0.011444268748164177,0.0059510162100195885,0.1286335587501526,0.004730294458568096
1.8369999999999715,0.003814753144979477,0.01937895640730858,-0.024261847138404846,0.0062561966478824615,0.5418478846549988,0.0025940313935279846
1.8379999999999714,0.013275346718728542,-0.04409857466816902,0.008392459712922573,0.0062561966478824615,0.6486610174179077,0.0025940313935279846
1.8389999999999713,0.006866557523608208,-0.019684139639139175,-0.013275351375341415,0.006561377085745335,0.7972838878631592,0.0032043922692537308
1.8399999999999712,0.003509572707116604,0.019684135913848877,-0.009002825245261192,0.01205462496727705,4.236057281494141,-0.0010681338608264923
1.840999999999971,0.017242692410945892,-0.0013733142986893654,-0.0028992164880037308,0.0059510162100195885,-4.942549705505371,0.017242692410945892
1.841999999999971,0.005645835772156715,0.08163576573133469,0.008697640150785446,-0.010528727434575558,-4.591897487640381,0.013580527156591415
1.8429999999999709,-0.0016784947365522385,-0.0477607399225235,-0.030670635402202606,0.0080872792750597,-3.9284350872039795,0.01297016628086567
1.8439999999999708,-0.0019836751744151115,0.10543984174728394,-0.03952086716890335,0.0007629487663507462,-3.362630605697632,0.013275346718728542
1.8449999999999707,0.0062561966478824615,-0.043183036148548126,-0.024261847138404846,0.0007629487663507462,5.016098499298096,-0.0010681338608264923
1.8459999999999706,0.010223542340099812,0.16830700635910034,0.009918361902236938,0.0019836705178022385,5.044174671173096,-0.0016784947365522385
1.8469999999999704,0.017242692410945892,0.0080872792750597,-0.03585870563983917,-0.013275351375341415,-4.183871269226074,0.014801248908042908
1.8479999999999703,0.013275346718728542,0.0474555566906929,0.0019836705178022385,0.003509572707116604,5.044479846954346,-0.0025940360501408577
1.8489999999999702,-0.004730299115180969,0.08377202600240707,-0.0016784947365522385,0.02700846642255783,4.6736860275268555,-0.0013733142986893654
1.8499999999999701,0.000152587890625,0.028229188174009323,-0.023346304893493652,0.0010681292042136192,-4.946822166442871,0.017242692410945892
1.85099999999997,0.0062561966478824615,0.02090485766530037,-0.005340659990906715,-0.006256201304495335,-4.619363784790039,0.014496068470180035
1.85199999999997,0.009613181464374065,0.061188675463199615,0.00411993358284235,0.02243075892329216,-3.9412527084350586,0.015411609783768654
1.8529999999999698,0.01297016628086567,-0.03982605040073395,-0.02853437326848507,0.012359805405139923,5.086900234222412,-0.0010681338608264923
1.8539999999999697,0.007782098837196827,-0.0801098644733429,-0.01876859925687313,-0.029144734144210815,4.9868011474609375,-0.0013733142986893654
1.8549999999999696,0.013275346718728542,0.01937895640730858,-0.012970170937478542,-0.01083390787243843,4.235446929931641,-0.00015259254723787308
1.8559999999999695,0.02578774467110634,-0.063019759953022,0.0013733096420764923,0.04287784919142723,3.6485846042633057,0.000152587890625
1.8569999999999693,0.008392459712922573,-0.041962310671806335,0.003509572707116604,0.04501411318778992,-4.748455047607422,0.015411609783768654
1.8579999999999692,0.009308001026511192,-0.04898146167397499,-0.04562447965145111,-0.030670635402202606,-4.944380760192871,0.016937512904405594
1.8589999999999691,0.008392459712922573,0.00900282058864832,-0.0019836751744151115,0.020294496789574623,-2.5551233291625977,0.011444264091551304
1.859999999999969,0.00900282058864832,-0.06942854821681976,-0.011139088310301304,-0.03524834290146828,-0.3352407217025757,0.005340655334293842
1.860999999999969,0.0080872792750597,0.0239566620439291,-0.013275351375341415,0.026398105546832085,2.276798725128174,-0.0016784947365522385
1.8619999999999688,0.005645835772156715,0.007782098837196827,-0.0028992164880037308,0.047150373458862305,2.8380255699157715,-0.0007629534229636192
1.8629999999999687,0.0160219706594944,0.04013122618198395,-0.007171742618083954,0.021820399910211563,0.7823300361633301,0.0019836705178022385
1.8639999999999686,0.01113908365368843,-0.02700847014784813,-0.00015259254723787308,0.03006027080118656,-2.2209506034851074,0.010528722777962685
1.8649999999999685,0.004425114020705223,-0.029144734144210815,-0.02822919189929962,0.06240939721465111,-4.43259334564209,0.014190888032317162
1.8659999999999684,0.00411993358284235,-0.01876859925687313,-0.009002825245261192,0.13962005078792572,-3.6537728309631348,0.0160219706594944
1.8669999999999682,0.01205462496727705,-0.017853058874607086,0.0019836705178022385,-0.024567026644945145,-0.7634088397026062,0.007782098837196827
1.8679999999999681,0.008697640150785446,-0.038605328649282455,-0.004119938239455223,0.01907377503812313,5.061875343322754,-0.00015259254723787308
1.868999999999968,0.005340655334293842,0.037384599447250366,0.023346301168203354,-0.02700847014784813,5.016708850860596,-0.0016784947365522385
1.869999999999968,0.014190888032317162,-0.01754787750542164,-0.010528727434575558,-0.027313651517033577,-0.08712901920080185,0.005035474896430969
1.8709999999999678,0.004730294458568096,-0.043488215655088425,-0.019378960132598877,0.014801248908042908,-3.208514451980591,0.012359805405139923
1.8719999999999677,0.004425114020705223,-0.043183036148548126,-0.003509577363729477,0.08529792726039886,-0.993209719657898,0.006561377085745335
1.8729999999999676,0.008392459712922573,-0.0056458404287695885,0.010223542340099812,0.05294880270957947,-0.08896009624004364,0.005645835772156715
1.8739999999999675,0.011749444529414177,-0.0321965366601944,-0.01754787750542164,0.08285648375749588,-0.2571145296096802,0.0062561966478824615
1.8749999999999674,0.007171737961471081,0.015411609783768654,-0.019378960132598877,0.0007629487663507462,0.19668878614902496,0.0032043922692537308
1.8759999999999672,0.005035474896430969,-0.02975509501993656,-0.0016784947365522385,0.02578774467110634,-1.7515830993652344,0.009613181464374065
1.8769999999999671,0.0016784900799393654,0.10299839824438095,0.016632331535220146,0.005340655334293842,0.7011520266532898,-0.0028992164880037308
1.877999999999967,0.01113908365368843,0.063324935734272,0.004425114020705223,0.0080872792750597,-4.878156661987305,0.011444264091551304
1.878999999999967,0.021515218541026115,0.07766842097043991,0.03952086344361305,0.018768593668937683,5.105821132659912,-0.0007629534229636192
1.8799999999999668,0.023041121661663055,0.004730294458568096,-0.004119938239455223,0.02731364592909813,0.958113968372345,0.0016784900799393654
1.8809999999999667,0.017242692410945892,-0.059357598423957825,-0.062714584171772,-0.019989321008324623,-4.628519058227539,0.013885707594454288
1.8819999999999666,0.0025940313935279846,-0.027924012392759323,0.0028992118313908577,-0.10818646848201752,-3.9415578842163086,0.012664985843002796
1.8829999999999665,-0.0013733142986893654,-0.057831697165966034,0.007476918399333954,0.005035474896430969,4.585183620452881,-0.0013733142986893654
1.8839999999999664,0.012359805405139923,0.04440375044941902,0.010833903215825558,0.009613181464374065,5.054551124572754,-0.0013733142986893654
1.8849999999999663,0.0007629487663507462,-0.019684139639139175,-0.0019836751744151115,0.023041121661663055,4.5210957527160645,-0.0016784947365522385
1.8859999999999661,-0.0013733142986893654,0.012664985843002796,0.0028992118313908577,0.03006027080118656,3.875944137573242,-0.0019836751744151115
1.886999999999966,0.0062561966478824615,0.0062561966478824615,0.03341725468635559,0.024567022919654846,3.3424887657165527,-0.0016784947365522385
1.887999999999966,0.021210037171840668,-0.008392464369535446,-0.04898146167397499,0.011444264091551304,-4.942549705505371,0.0163271501660347
1.8889999999999658,0.008697640150785446,-0.010528727434575558,-0.0160219743847847,0.0016784900799393654,-4.949873924255371,0.015411609783768654
1.8899999999999657,0.026703286916017532,-0.01724269613623619,-0.023041125386953354,-0.02029450237751007,-4.570229530334473,0.014190888032317162
1.8909999999999656,-0.009002825245261192,-0.06912337243556976,-0.03006027638912201,0.004730294458568096,-3.9037156105041504,0.01510642934590578
1.8919999999999655,0.021515218541026115,-0.0077821034938097,0.011444264091551304,0.010528722777962685,5.050583839416504,-0.0016784947365522385
1.8929999999999654,0.021515218541026115,-0.006866562180221081,-0.003204396925866604,0.03555351868271828,4.5271992683410645,-0.0016784947365522385
1.8939999999999653,-0.0059510208666324615,-0.04409857466816902,-0.02548256888985634,0.01205462496727705,3.879911422729492,-0.00045777298510074615
1.8949999999999652,-0.006561381742358208,-0.0318913571536541,-0.018463417887687683,0.008392459712922573,3.3388266563415527,-0.0010681338608264923
1.895999999999965,0.013580527156591415,0.026703286916017532,0.019684135913848877,0.0062561966478824615,0.48264285922050476,0.0032043922692537308
1.896999999999965,0.022735940292477608,0.02731364592909813,-0.0022888556122779846,0.010223542340099812,-4.943770408630371,0.017242692410945892
1.8979999999999648,-0.006256201304495335,-0.040436409413814545,0.003509572707116604,-0.04226749390363693,-4.934920310974121,0.016632331535220146
1.8989999999999647,0.0080872792750597,-0.01266499049961567,0.01907377503812313,0.0019836705178022385,4.956893444061279,-0.0025940360501408577
1.8999999999999646,-0.011139088310301304,-0.025787748396396637,0.009613181464374065,0.0157167911529541,4.242160797119141,-0.0016784947365522385
1.9009999999999645,0.011444264091551304,-0.0312809981405735,0.0019836705178022385,0.009613181464374065,3.6327152252197266,-0.003509577363729477
1.9019999999999644,0.011444264091551304,0.005340655334293842,0.010528722777962685,0.01785305328667164,3.1316089630126953,-0.0013733142986893654
1.9029999999999643,-0.005035479553043842,0.014190888032317162,0.011749444529414177,0.007782098837196827,-4.116731643676758,0.0157167911529541
1.9039999999999642,0.0312809944152832,-0.008087283931672573,-0.017853058874607086,0.010833903215825558,-4.926985740661621,0.013885707594454288
1.904999999999964,-0.0056458404287695885,-0.007171742618083954,0.0059510162100195885,0.006561377085745335,-3.236591100692749,0.013580527156591415
1.905999999999964,0.020294496789574623,-0.007171742618083954,-0.004730299115180969,0.01113908365368843,-1.3383687734603882,0.008392459712922573
1.9069999999999638,-0.005035479553043842,-0.014496073126792908,-0.006256201304495335,-0.02670329064130783,-0.2558937966823578,0.007171737961471081
1.9079999999999637,0.05355916544795036,-0.027924012392759323,0.01297016628086567,0.0007629487663507462,-0.4145876169204712,0.006561377085745335
1.9089999999999636,-0.029144734144210815,0.016632331535220146,0.0016784900799393654,-0.009002825245261192,0.03036545217037201,0.003509572707116604
1.9099999999999635,-0.014496073126792908,-0.003204396925866604,0.021820399910211563,0.003509572707116604,-0.2226291298866272,0.004425114020705223
1.9109999999999634,0.02700846642255783,-0.02212558314204216,-0.01174944918602705,0.023346301168203354,0.13534751534461975,0.003814753144979477
1.9119999999999633,-0.026398111134767532,0.0032043922692537308,0.0022888509556651115,0.00411993358284235,-0.5784695148468018,0.007171737961471081
1.9129999999999632,0.0007629487663507462,-0.01480125356465578,-0.004730299115180969,0.006561377085745335,0.03524833917617798,0.00411993358284235
1.913999999999963,-0.004119938239455223,-0.02212558314204216,-0.00045777298510074615,-0.01876859925687313,-0.10116732120513916,0.005645835772156715
1.914999999999963,0.026092924177646637,-0.03952086716890335,-0.004119938239455223,0.01785305328667164,-0.2504005432128906,0.0059510162100195885
1.9159999999999628,0.0059510162100195885,-0.006256201304495335,-0.01876859925687313,0.0022888509556651115,4.761272430419922,-0.0010681338608264923
1.9169999999999627,-0.015106434002518654,-0.05020218342542648,-0.0321965366601944,0.0032043922692537308,-4.77836275100708,0.014496068470180035
1.9179999999999626,0.007171737961471081,-0.026398111134767532,-0.0025940360501408577,0.004425114020705223,-4.722819805145264,0.013580527156591415
1.9189999999999625,0.02700846642255783,-0.005035479553043842,-0.003509577363729477,0.004425114020705223,-4.027313709259033,0.01510642934590578
1.9199999999999624,0.010528722777962685,0.011444264091551304,-0.01266499049961567,0.008392459712922573,5.032883167266846,-0.004730299115180969
1.9209999999999623,0.008697640150785446,0.09781032800674438,-0.009918366558849812,0.0059510162100195885,4.6965742111206055,0.0025940313935279846
1.9219999999999622,0.0016784900799393654,-0.006866562180221081,0.0019836705178022385,0.01510642934590578,4.012664794921875,-0.005035479553043842
1.922999999999962,0.0163271501660347,-0.024872208014130592,-0.019684139639139175,0.0016784900799393654,3.4547951221466064,-0.006561381742358208
1.923999999999962,0.046845193952322006,-0.03982605040073395,-0.012359810061752796,0.006866557523608208,-4.931563377380371,0.0160219706594944
1.9249999999999619,0.01113908365368843,0.016937512904405594,0.022735940292477608,0.021210037171840668,-3.406881809234619,0.01510642934590578
1.9259999999999617,-0.005035479553043842,-0.022430764511227608,0.009308001026511192,0.0062561966478824615,-0.6642252206802368,0.007476918399333954
1.9269999999999616,0.006561377085745335,-0.02975509501993656,-0.037079423666000366,0.0004577683284878731,-1.3466086387634277,0.009308001026511192
1.9279999999999615,0.010223542340099812,0.003814753144979477,-0.0028992164880037308,0.0016784900799393654,-1.4979782104492188,0.007782098837196827
1.9289999999999614,0.004730294458568096,0.004730294458568096,0.003814753144979477,0.0004577683284878731,-0.3294422924518585,0.006561377085745335
1.9299999999999613,0.0062561966478824615,-0.025787748396396637,-0.019989321008324623,0.0016784900799393654,0.35812923312187195,0.00411993358284235
1.9309999999999612,0.013580527156591415,0.008697640150785446,-0.010223546996712685,-0.0007629534229636192,0.3855954706668854,0.0028992118313908577
1.931999999999961,0.0019836705178022385,0.0010681292042136192,-0.0157167948782444,0.0007629487663507462,-0.03952086716890335,0.004425114020705223
1.932999999999961,0.014496068470180035,0.026092924177646637,0.010833903215825558,0.018463414162397385,-0.08560311794281006,0.0062561966478824615
1.9339999999999609,0.01510642934590578,0.027618827298283577,0.011749444529414177,0.0016784900799393654,0.2540627121925354,0.003509572707116604
1.9349999999999608,0.0062561966478824615,0.010833903215825558,-0.00045777298510074615,-0.007476923055946827,0.8253604769706726,0.0025940313935279846
1.9359999999999606,0.009308001026511192,-0.01754787750542164,0.0004577683284878731,0.006866557523608208,1.2599374055862427,0.0022888509556651115
1.9369999999999605,0.005340655334293842,-0.035553522408008575,-0.012054629623889923,0.010833903215825558,-0.27603569626808167,0.007171737961471081
1.9379999999999604,0.00900282058864832,-0.0157167948782444,-0.0007629534229636192,0.016632331535220146,-0.6889448165893555,0.007782098837196827
1.9389999999999603,0.011444264091551304,-0.027618832886219025,-0.004425118677318096,0.008697640150785446,-0.8070496916770935,0.005340655334293842
1.9399999999999602,0.008697640150785446,-0.01174944918602705,-0.01266499049961567,0.010528722777962685,0.3529411852359772,0.0022888509556651115
1.94099999999996,0.007171737961471081,-0.012054629623889923,-0.0056458404287695885,-0.0022888556122779846,0.2711528241634369,0.0032043922692537308
1.94199999999996,-0.005035479553043842,-0.006866562180221081,-0.013275351375341415,0.0004577683284878731,0.5116350054740906,0.0032043922692537308
1.9429999999999599,0.008392459712922573,-0.003204396925866604,-0.021210042759776115,0.003814753144979477,0.07248035073280334,0.005645835772156715
1.9439999999999598,0.010833903215825558,0.018463414162397385,0.016937512904405594,0.010528722777962685,-0.2842755913734436,0.004425114020705223
1.9449999999999597,0.01510642934590578,-0.011139088310301304,-0.012054629623889923,0.005035474896430969,-0.25955596566200256,0.004730294458568096
1.9459999999999595,0.013885707594454288,-0.01083390787243843,-0.006561381742358208,0.010528722777962685,-0.35996031761169434,0.006866557523608208
1.9469999999999594,0.0157167911529541,-0.00869764480739832,0.005340655334293842,0.008697640150785446,0.04013122618198395,0.003814753144979477
1.9479999999999593,0.01113908365368843,-0.006256201304495335,-0.003204396925866604,0.014496068470180035,0.03006027080118656,0.00411993358284235
1.9489999999999592,0.005035474896430969,-0.01754787750542164,-0.006866562180221081,0.0028992118313908577,0.801556408405304,0.0032043922692537308
1.949999999999959,0.003509572707116604,-0.018158238381147385,-0.0007629534229636192,0.005340655334293842,0.4472419321537018,0.003814753144979477
1.950999999999959,0.01113908365368843,-0.012970170937478542,-0.0028992164880037308,0.008697640150785446,-0.3361562490463257,0.005035474896430969
1.9519999999999589,0.012359805405139923,-0.004425118677318096,0.011444264091551304,0.005645835772156715,-0.5305562019348145,0.006561377085745335
1.9529999999999588,0.006866557523608208,0.0019836705178022385,-0.0025940360501408577,0.0025940313935279846,-0.06729228794574738,0.004730294458568096
1.9539999999999587,0.009918361902236938,0.028229188174009323,-0.0077821034938097,0.0080872792750597,0.4954604506492615,0.0025940313935279846
1.9549999999999585,0.010528722777962685,0.0010681292042136192,-0.0022888556122779846,0.0010681292042136192,-0.2531471848487854,0.005645835772156715
1.9559999999999584,0.00900282058864832,-0.0028992164880037308,-0.012970170937478542,0.012359805405139923,0.11673151701688766,0.003509572707116604
1.9569999999999583,0.014190888032317162,-0.009002825245261192,-0.0025940360501408577,0.0022888509556651115,0.32242313027381897,0.0028992118313908577
1.9579999999999582,0.007476918399333954,-0.011444268748164177,0.005645835772156715,0.007476918399333954,0.6343175172805786,0.003509572707116604
1.958999999999958,0.013275346718728542,-0.017853058874607086,-0.0025940360501408577,0.007782098837196827,0.505226194858551,0.003814753144979477
1.959999999999958,0.011749444529414177,-0.016327155753970146,-0.003509577363729477,0.004730294458568096,0.22873273491859436,0.003509572707116604
1.9609999999999579,0.0080872792750597,-0.009918366558849812,-0.00015259254723787308,0.0022888509556651115,-0.06912337243556976,0.003509572707116604
1.9619999999999578,0.009308001026511192,-0.008087283931672573,-0.009308005683124065,0.0059510162100195885,-0.6648355722427368,0.0059510162100195885
1.9629999999999577,0.007476918399333954,-0.0056458404287695885,-0.012359810061752796,0.004425114020705223,-0.8162050843238831,0.0080872792750597
1.9639999999999576,0.011444264091551304,-0.04257267341017723,0.04592965543270111,0.007171737961471081,-0.23544670641422272,0.005035474896430969
1.9649999999999574,0.008392459712922573,-0.011444268748164177,-0.030975816771388054,0.01113908365368843,0.1924162656068802,0.003814753144979477
1.9659999999999573,0.0062561966478824615,-0.026092929765582085,0.04470892995595932,0.0019836705178022385,0.2549782395362854,0.004730294458568096
1.9669999999999572,0.007782098837196827,-0.06790264695882797,-0.00381475780159235,0.0160219706594944,0.34164950251579285,0.004425114020705223
1.9679999999999571,0.009308001026511192,-0.019684139639139175,-0.032501719892024994,0.004425114020705223,-0.22934310138225555,0.005340655334293842
1.968999999999957,0.0013733096420764923,0.06973372399806976,0.025177383795380592,0.0016784900799393654,0.1585412323474884,0.0032043922692537308
1.969999999999957,0.0062561966478824615,-0.013275351375341415,-0.022735945880413055,0.0013733096420764923,-0.1292439103126526,0.005340655334293842
1.9709999999999568,0.008697640150785446,-0.051728084683418274,-0.026092929765582085,-0.00045777298510074615,-0.6007477045059204,0.007171737961471081
1.9719999999999567,0.0019836705178022385,-0.034027621150016785,0.02243075892329216,0.02731364592909813,-0.7444877028465271,0.006561377085745335
1.9729999999999566,0.003814753144979477,0.030670631676912308,0.0022888509556651115,-0.01083390787243843,-0.28061342239379883,0.0059510162100195885
1.9739999999999565,0.009918361902236938,-0.08316167443990707,-0.029144734144210815,0.02578774467110634,0.06546120345592499,0.004425114020705223
1.9749999999999563,0.0019836705178022385,-0.08041504770517349,0.0004577683284878731,-0.0028992164880037308,1.4665446281433105,0.0004577683284878731
1.9759999999999562,0.009918361902236938,0.03036545217037201,-0.009308005683124065,-0.003509577363729477,1.7259479761123657,0.0013733096420764923
1.9769999999999561,0.010223542340099812,0.01937895640730858,0.005035474896430969,-0.0022888556122779846,-0.18020905554294586,0.005340655334293842
1.977999999999956,0.007171737961471081,0.016632331535220146,0.008697640150785446,0.011444264091551304,-1.6585030555725098,0.009613181464374065
1.978999999999956,0.009613181464374065,-0.040131229907274246,-0.021515224128961563,-0.0022888556122779846,-0.5302510261535645,0.004730294458568096
1.9799999999999558,0.011749444529414177,-0.027313651517033577,-0.024872208014130592,0.005645835772156715,0.7255665063858032,0.0022888509556651115
1.9809999999999557,0.01510642934590578,-0.05416952818632126,-0.026398111134767532,-0.013275351375341415,-0.5989165902137756,0.007476918399333954
1.9819999999999556,0.011444264091551304,-0.0056458404287695885,0.0019836705178022385,0.0080872792750597,-0.49942779541015625,0.007171737961471081
1.9829999999999555,0.011444264091551304,0.012664985843002796,0.018158234655857086,-0.024872208014130592,0.16189822554588318,0.0025940313935279846
1.9839999999999554,0.010833903215825558,-0.021515224128961563,-0.008392464369535446,-0.008087283931672573,-0.2989242374897003,0.004425114020705223
1.9849999999999552,0.007171737961471081,0.012359805405139923,0.0160219706594944,0.03555351868271828,-1.4198520183563232,0.009613181464374065
1.9859999999999551,0.0032043922692537308,0.027924008667469025,-0.009613186120986938,0.0080872792750597,-2.2633707523345947,0.016937512904405594
1.986999999999955,0.01297016628086567,0.0080872792750597,0.0160219706594944,-0.009308005683124065,-0.4884412884712219,0.0010681292042136192
1.987999999999955,0.008392459712922573,-0.010528727434575558,-0.0022888556122779846,0.013885707594454288,0.5683985352516174,-0.0019836751744151115
1.9889999999999548,0.00411993358284235,-0.04287785291671753,-0.0318913571536541,0.0016784900799393654,2.0921645164489746,-0.0016784947365522385
1.9899999999999547,0.0062561966478824615,-0.01266499049961567,0.0160219706594944,0.01937895640730858,4.961776256561279,-0.0007629534229636192
1.9909999999999546,0.00900282058864832,-0.04898146167397499,-0.010528727434575558,0.014496068470180035,4.156404972076416,-0.00015259254723787308
1.9919999999999545,0.005340655334293842,-0.004119938239455223,-0.011139088310301304,0.0059510162100195885,2.143739938735962,0.000152587890625
1.9929999999999544,0.011444264091551304,-0.004425118677318096,0.003814753144979477,-0.0160219743847847,-4.8485541343688965,0.014801248908042908
1.9939999999999543,0.00411993358284235,-0.017853058874607086,0.005340655334293842,0.055085066705942154,-4.810406684875488,0.016937512904405594
1.9949999999999541,0.010223542340099812,0.0004577683284878731,-0.009308005683124065,-0.024567026644945145,-2.5410850048065186,0.014190888032317162
1.995999999999954,0.006866557523608208,-0.0312809981405735,-0.04409857466816902,-0.0077821034938097,-2.138246774673462,0.011749444529414177
1.996999999999954,0.008697640150785446,-0.005035479553043842,0.0315861739218235,-0.18448157608509064,-1.459830641746521,0.0080872792750597
1.9979999999999538,0.013885707594454288,-0.015106434002518654,-0.016632337123155594,0.019684135913848877,0.26382848620414734,0.003509572707116604
1.9989999999999537,0.01510642934590578,0.0022888509556651115,-0.009308005683124065,0.014801248908042908,2.939040184020996,-0.0010681338608264923
1.9999999999999536,0.006561377085745335,-0.033722441643476486,0.010833903215825558,-0.1756313443183899,2.2429237365722656,-0.0013733142986893654
2.0009999999999533,0.005645835772156715,-0.02548256888985634,-0.0007629534229636192,0.04440375044941902,1.2724498510360718,0.0013733096420764923
2.0019999999999536,0.013885707594454288,0.021210037171840668,0.016632331535220146,0.02731364592909813,-0.6813153028488159,0.007782098837196827
2.002999999999953,0.009308001026511192,0.003509572707116604,-0.011444268748164177,0.009308001026511192,-0.32883191108703613,0.004730294458568096
2.0039999999999534,0.005645835772156715,-0.026092929765582085,0.005340655334293842,-0.027924012392759323,0.35721370577812195,0.003814753144979477
2.004999999999953,0.01297016628086567,-0.013275351375341415,0.010223542340099812,0.019989315420389175,-0.20187686383724213,0.0062561966478824615
2.005999999999953,0.015411609783768654,-0.03646906465291977,-0.02517738938331604,0.049897000193595886,-0.3987182378768921,0.005340655334293842
2.0069999999999526,0.0160219706594944,0.004730294458568096,0.004425114020705223,0.06576637923717499,0.5714503526687622,0.003509572707116604
2.007999999999953,-0.020904861390590668,-0.023041125386953354,-0.01907378062605858,-0.010223546996712685,-0.6849774718284607,0.0080872792750597
2.0089999999999524,0.010833903215825558,0.03952086344361305,0.02059967815876007,0.042267486453056335,-1.1244373321533203,0.00900282058864832
2.0099999999999527,0.026092924177646637,0.004730294458568096,-0.040436409413814545,-0.006256201304495335,0.920881986618042,0.0016784900799393654
2.010999999999952,-0.0016784947365522385,0.020294496789574623,0.021820399910211563,0.0239566620439291,4.717021465301514,-0.0013733142986893654
2.0119999999999525,0.005035474896430969,-0.02853437326848507,-0.007171742618083954,0.07827877998352051,-4.8433661460876465,0.01754787191748619
2.012999999999952,0.013885707594454288,-0.08468757569789886,-0.02975509501993656,0.02090485766530037,-4.718242168426514,0.018463414162397385
2.0139999999999523,0.0025940313935279846,-0.02700847014784813,0.04470892995595932,0.056305788457393646,-4.011444091796875,0.014190888032317162
2.0149999999999517,0.0028992118313908577,-0.04562447965145111,-0.019378960132598877,0.029144730418920517,-3.4508278369903564,0.012359805405139923
2.015999999999952,0.015411609783768654,0.07461661100387573,0.022735940292477608,0.007171737961471081,5.047226905822754,0.0025940313935279846
2.0169999999999515,0.015411609783768654,0.0315861739218235,0.010223542340099812,0.011444264091551304,4.906843662261963,-0.0019836751744151115
2.017999999999952,0.010833903215825558,0.0025940313935279846,0.007171737961471081,-0.015106434002518654,4.185091972351074,-0.0059510208666324615
2.0189999999999513,0.0059510162100195885,0.0016784900799393654,-0.0022888556122779846,0.02548256516456604,-4.949263572692871,0.011749444529414177
2.0199999999999516,0.013885707594454288,-0.041962310671806335,-0.022430764511227608,-0.019378960132598877,-4.653238773345947,0.014190888032317162
2.020999999999951,0.008697640150785446,0.014801248908042908,0.01510642934590578,0.015411609783768654,1.377126693725586,0.000152587890625
2.0219999999999514,0.003509572707116604,-0.01724269613623619,-0.03280689939856529,-0.06210422143340111,5.052109718322754,-0.0010681338608264923
2.022999999999951,-0.004119938239455223,-0.022735945880413055,-0.014496073126792908,0.009613181464374065,4.321202278137207,-0.0016784947365522385
2.023999999999951,-0.00045777298510074615,0.01297016628086567,0.00900282058864832,0.008392459712922573,3.706568956375122,-0.0007629534229636192
2.0249999999999506,0.0318913534283638,0.0007629487663507462,0.012359805405139923,-0.024872208014130592,-0.6340123414993286,0.0080872792750597
2.025999999999951,0.029449909925460815,-0.00015259254723787308,-0.007171742618083954,-0.019684139639139175,-3.9281299114227295,0.013275346718728542
2.0269999999999504,-0.012970170937478542,0.01907377503812313,-0.00869764480739832,0.0022888509556651115,-3.39253830909729,0.01297016628086567
2.0279999999999507,0.02700846642255783,-0.009613186120986938,0.007171737961471081,0.037384599447250366,-2.914625883102417,0.01297016628086567
2.02899999999995,-0.007171742618083954,-0.029144734144210815,-0.023956667631864548,-0.01266499049961567,-2.4184024333953857,0.013580527156591415
2.0299999999999505,0.040741585195064545,-0.03311207890510559,-0.02029450237751007,0.01205462496727705,-0.9394980072975159,0.008392459712922573
2.03099999999995,0.0157167911529541,-0.01876859925687313,-0.0013733142986893654,-0.03585870563983917,0.08163576573133469,0.003814753144979477
2.0319999999999503,0.023346301168203354,-0.0312809981405735,0.009918361902236938,0.0016784900799393654,0.16372931003570557,0.003509572707116604
2.0329999999999497,-0.03799496591091156,-0.016632337123155594,0.006866557523608208,0.026703286916017532,0.10788128525018692,0.00411993358284235
2.03399999999995,-0.0318913571536541,-0.010528727434575558,-0.0160219743847847,0.0032043922692537308,0.2729839086532593,0.00411993358284235
2.0349999999999495,-0.029144734144210815,-0.034027621150016785,-0.0019836751744151115,0.007476918399333954,0.5601586699485779,0.0032043922692537308
2.03599999999995,0.0028992118313908577,0.02731364592909813,0.03982604295015335,0.03768978267908096,0.01297016628086567,0.004425114020705223
2.0369999999999493,0.024872202426195145,-0.01754787750542164,0.00411993358284235,0.0032043922692537308,0.6700236201286316,0.0025940313935279846
2.0379999999999496,-0.013885712251067162,-0.016327155753970146,0.004730294458568096,0.0160219706594944,0.6919966340065002,0.0010681292042136192
2.038999999999949,0.005035474896430969,0.0019836705178022385,-0.0059510208666324615,-0.013885712251067162,0.5674830079078674,0.003509572707116604
2.0399999999999494,0.035858698189258575,-0.034027621150016785,-0.00015259254723787308,-0.02700847014784813,0.3672846555709839,0.003814753144979477
2.040999999999949,0.008697640150785446,-0.005035479553043842,-0.006866562180221081,0.029144730418920517,0.4133669137954712,0.0028992118313908577
2.041999999999949,-0.0016784947365522385,0.003814753144979477,0.009308001026511192,-0.019989321008324623,0.4618905782699585,0.003814753144979477
2.0429999999999486,0.043488211929798126,0.008392459712922573,-0.007476923055946827,-0.019378960132598877,-0.2549782693386078,0.0059510162100195885
2.043999999999949,-0.010223546996712685,0.02212557941675186,0.03311207517981529,0.015411609783768654,0.6385900378227234,0.0019836705178022385
2.0449999999999484,0.016632331535220146,-0.010528727434575558,-0.010223546996712685,-0.01724269613623619,-0.38864728808403015,0.0062561966478824615
2.0459999999999487,-0.0471503809094429,-0.010528727434575558,0.030975811183452606,-0.013275351375341415,-0.0782787874341011,0.005340655334293842
2.046999999999948,-0.03433280065655708,-0.013885712251067162,-0.016937516629695892,-0.006561381742358208,-0.3178454339504242,0.005035474896430969
2.0479999999999485,0.04287784919142723,-0.00869764480739832,0.01754787191748619,0.023041121661663055,0.18265049159526825,0.005645835772156715
2.048999999999948,-0.009918366558849812,0.015411609783768654,-0.00015259254723787308,0.039215683937072754,-0.4725719094276428,0.006866557523608208
2.0499999999999483,0.021210037171840668,-0.012054629623889923,0.013580527156591415,-0.021515224128961563,0.056305788457393646,0.003509572707116604
2.0509999999999478,0.01205462496727705,0.018768593668937683,0.0160219706594944,0.0321965329349041,0.08133058249950409,0.003814753144979477
2.051999999999948,0.0239566620439291,-0.022735945880413055,-0.02517738938331604,0.021515218541026115,0.16098268330097198,0.0032043922692537308
2.0529999999999475,0.026398105546832085,0.004425114020705223,-0.009002825245261192,0.007171737961471081,0.3654535710811615,0.004425114020705223
2.053999999999948,-0.021515224128961563,0.021515218541026115,0.017242692410945892,0.007782098837196827,-0.30838483572006226,0.005645835772156715
2.0549999999999473,0.007782098837196827,-0.007476923055946827,-0.006256201304495335,0.01205462496727705,0.21164263784885406,0.00411993358284235
2.0559999999999476,0.013275346718728542,0.014190888032317162,-0.01174944918602705,0.008392459712922573,-0.2388036996126175,0.005645835772156715
2.056999999999947,0.0080872792750597,-0.008087283931672573,-0.01754787750542164,0.0022888509556651115,0.0025940313935279846,0.004730294458568096
2.0579999999999474,0.01205462496727705,-0.00015259254723787308,0.018768593668937683,0.011749444529414177,0.5351338982582092,0.0022888509556651115
2.058999999999947,0.01205462496727705,-0.009918366558849812,-0.01083390787243843,0.020294496789574623,0.03341725468635559,0.004425114020705223
2.059999999999947,-0.003204396925866604,0.0022888509556651115,-0.0022888556122779846,0.0028992118313908577,-0.3016708791255951,0.006561377085745335
2.0609999999999467,-0.0013733142986893654,-0.01083390787243843,-0.011444268748164177,0.014801248908042908,0.22812236845493317,0.003509572707116604
2.061999999999947,0.016937512904405594,-0.019989321008324623,0.007476918399333954,0.010223542340099812,0.34439611434936523,0.0032043922692537308
2.0629999999999464,0.01754787191748619,0.016937512904405594,0.02243075892329216,0.0004577683284878731,-0.7426565885543823,0.005645835772156715
2.0639999999999468,0.00411993358284235,-0.0321965366601944,-0.021210042759776115,0.000152587890625,0.14999617636203766,0.00411993358284235
2.064999999999946,0.013580527156591415,-0.012359810061752796,-0.023041125386953354,0.000152587890625,-0.08743419498205185,0.005645835772156715
2.0659999999999465,0.009308001026511192,-0.0025940360501408577,0.003509572707116604,0.0025940313935279846,-0.13199053704738617,0.005340655334293842
2.066999999999946,0.0062561966478824615,-0.032501719892024994,-0.012359810061752796,0.005340655334293842,0.1448081135749817,0.003509572707116604
2.0679999999999463,0.005035474896430969,0.016937512904405594,0.005340655334293842,-0.0019836751744151115,0.886091411113739,0.0013733096420764923
2.0689999999999458,0.0007629487663507462,-0.011444268748164177,0.0028992118313908577,0.024567022919654846,0.9416342377662659,0.0019836705178022385
2.069999999999946,0.010833903215825558,0.005340655334293842,0.0019836705178022385,0.0318913534283638,-0.02822919189929962,0.00411993358284235
2.0709999999999456,0.0062561966478824615,-0.008392464369535446,-0.006561381742358208,0.0028992118313908577,-0.6044098734855652,0.0059510162100195885
2.071999999999946,0.01785305328667164,-0.02853437326848507,0.0028992118313908577,0.014496068470180035,-0.5094987154006958,0.005645835772156715
2.0729999999999453,-0.0013733142986893654,-0.027924012392759323,0.01205462496727705,0.007782098837196827,-0.03768978640437126,0.003509572707116604
2.0739999999999457,0.011444264091551304,-0.024261847138404846,-0.022735945880413055,0.005340655334293842,-0.2537575364112854,0.005645835772156715
2.074999999999945,0.004730294458568096,-0.00381475780159235,0.0022888509556651115,0.004425114020705223,0.03524833917617798,0.0059510162100195885
2.0759999999999454,0.0059510162100195885,-0.015106434002518654,-0.013580531813204288,-0.0077821034938097,-0.658121645450592,0.0062561966478824615
2.076999999999945,0.011749444529414177,-0.027618832886219025,-0.0056458404287695885,0.0160219706594944,-0.5281147360801697,0.006866557523608208
2.0779999999999452,0.0028992118313908577,-0.01876859925687313,-0.00015259254723787308,0.006561377085745335,0.034027617424726486,0.003509572707116604
2.0789999999999447,0.004730294458568096,-0.0016784947365522385,-0.004730299115180969,0.004730294458568096,0.3178454339504242,0.0032043922692537308
2.079999999999945,0.011444264091551304,-0.003509577363729477,0.009308001026511192,0.00900282058864832,0.19363698363304138,0.004730294458568096
2.0809999999999444,0.004730294458568096,-0.0474555604159832,-0.024261847138404846,-0.01266499049961567,-0.2375829666852951,0.0059510162100195885
2.081999999999945,0.007171737961471081,-0.003509577363729477,-0.0059510208666324615,0.0004577683284878731,-0.13992522656917572,0.00411993358284235
2.0829999999999442,0.006866557523608208,-0.006561381742358208,-0.0013733142986893654,0.00411993358284235,-0.8058289289474487,0.007171737961471081
2.0839999999999446,0.009613181464374065,-0.01266499049961567,-0.005340659990906715,0.0080872792750597,0.9477378726005554,0.0019836705178022385
2.084999999999944,0.010528722777962685,-0.012359810061752796,-0.0077821034938097,0.005645835772156715,1.090257167816162,0.0010681292042136192
2.0859999999999443,0.006561377085745335,-0.010223546996712685,-0.0028992164880037308,0.007171737961471081,0.4585336148738861,0.003814753144979477
2.086999999999944,0.010528722777962685,-0.01174944918602705,-0.009308005683124065,0.0007629487663507462,0.26321813464164734,0.004730294458568096
2.087999999999944,0.008697640150785446,-0.010528727434575558,-0.007476923055946827,0.004730294458568096,-0.2888532876968384,0.005645835772156715
2.0889999999999436,0.0059510162100195885,-0.02517738938331604,-0.007171742618083954,0.004730294458568096,-0.43686580657958984,0.005645835772156715
2.089999999999944,0.00900282058864832,-0.006561381742358208,-0.0028992164880037308,0.003814753144979477,-0.6642252206802368,0.007782098837196827
2.0909999999999433,0.01297016628086567,-0.0013733142986893654,-0.00045777298510074615,0.005035474896430969,0.5534447431564331,0.0016784900799393654
2.0919999999999437,0.009918361902236938,-0.03952086716890335,-0.00015259254723787308,0.006866557523608208,0.9294270277023315,0.0032043922692537308
2.092999999999943,0.010223542340099812,-0.030670635402202606,0.0080872792750597,0.00411993358284235,0.26474401354789734,0.003509572707116604
2.0939999999999435,0.007782098837196827,-0.0025940360501408577,-0.00015259254723787308,0.006866557523608208,-0.07095445692539215,0.004730294458568096
2.094999999999943,0.01205462496727705,-0.02700847014784813,-0.013275351375341415,0.005035474896430969,0.1268024742603302,0.004730294458568096
2.0959999999999432,0.009308001026511192,0.0019836705178022385,-0.0056458404287695885,0.004730294458568096,-0.43778133392333984,0.005035474896430969
2.0969999999999427,0.008697640150785446,-0.02182040363550186,-0.003204396925866604,0.006866557523608208,-1.7320516109466553,0.011749444529414177
2.097999999999943,0.0080872792750597,-0.013885712251067162,-0.012359810061752796,0.0025940313935279846,-1.1815060377120972,0.009308001026511192
2.0989999999999425,0.006866557523608208,0.07248035073280334,-0.0013733142986893654,0.005645835772156715,-0.921797513961792,0.007171737961471081
2.099999999999943,0.007782098837196827,-0.01174944918602705,-0.016327155753970146,0.005340655334293842,0.4292362928390503,0.0028992118313908577
2.1009999999999422,0.005340655334293842,-0.08834973722696304,0.014801248908042908,0.00900282058864832,0.09903104603290558,0.004730294458568096
2.1019999999999426,0.0080872792750597,0.020294496789574623,-0.0016784947365522385,0.003509572707116604,1.8709086179733276,-0.00015259254723787308
2.102999999999942,0.003814753144979477,-0.016937516629695892,0.01113908365368843,0.0059510162100195885,-0.9687952995300293,0.007782098837196827
2.1039999999999424,0.007476918399333954,-0.05539025366306305,0.010833903215825558,0.0028992118313908577,-1.7521934509277344,0.008697640150785446
2.104999999999942,0.009918361902236938,-0.020904861390590668,0.0062561966478824615,0.011749444529414177,-0.23453116416931152,0.0062561966478824615
2.105999999999942,0.0025940313935279846,0.028229188174009323,-0.007476923055946827,0.0007629487663507462,3.3080034255981445,-0.00045777298510074615
2.1069999999999416,-0.0028992164880037308,-0.04104677215218544,-0.008087283931672573,0.0059510162100195885,4.500038146972656,-0.0013733142986893654
2.107999999999942,0.01510642934590578,-0.016937516629695892,0.01205462496727705,-0.0010681338608264923,1.1271839141845703,0.0004577683284878731
2.1089999999999414,0.009613181464374065,-0.013885712251067162,-0.009308005683124065,0.006561377085745335,-3.05195689201355,0.013885707594454288
2.1099999999999417,0.005340655334293842,0.005340655334293842,0.000152587890625,0.0022888509556651115,1.2263675928115845,0.0007629487663507462
2.110999999999941,0.008392459712922573,-0.052948810160160065,-0.008087283931672573,0.008392459712922573,3.7709619998931885,-0.0010681338608264923
2.1119999999999415,0.013275346718728542,-0.08529793471097946,-0.007171742618083954,0.0062561966478824615,0.2681010067462921,0.00411993358284235
2.112999999999941,0.014190888032317162,0.0013733096420764923,-0.012054629623889923,0.006866557523608208,-4.885175704956055,0.013885707594454288
2.1139999999999413,0.013580527156591415,0.0080872792750597,0.013580527156591415,-0.00045777298510074615,-4.933394432067871,0.0163271501660347
2.1149999999999407,0.011749444529414177,-0.05325398966670036,-0.0016784947365522385,0.006561377085745335,-3.532005786895752,0.014496068470180035
2.115999999999941,0.007782098837196827,-0.019684139639139175,-0.012970170937478542,0.0013733096420764923,-1.2843518257141113,0.007476918399333954
2.1169999999999405,0.01205462496727705,-0.05844205617904663,-0.00045777298510074615,-0.02212558314204216,0.03768978267908096,0.00411993358284235
2.117999999999941,0.009308001026511192,-0.015106434002518654,-0.007171742618083954,-0.006256201304495335,1.4399938583374023,0.0013733096420764923
2.1189999999999403,0.005645835772156715,0.02548256516456604,-0.006561381742358208,-0.008392464369535446,0.7908750772476196,0.0019836705178022385
2.1199999999999406,0.01113908365368843,0.02059967815876007,-0.0025940360501408577,0.03677424043416977,0.40390631556510925,0.0032043922692537308
2.12099999999994,0.0059510162100195885,0.015411609783768654,0.0007629487663507462,-0.016327155753970146,0.14602883160114288,0.003509572707116604
2.1219999999999404,0.007171737961471081,-0.0077821034938097,-0.005035479553043842,-0.015106434002518654,1.2791638374328613,0.0013733096420764923
2.12299999999994,0.00900282058864832,-0.02548256888985634,-0.004730299115180969,0.0032043922692537308,0.9132524728775024,0.0004577683284878731
2.12399999999994,0.0032043922692537308,-0.024872208014130592,-0.0007629534229636192,-0.024261847138404846,-0.1734950840473175,0.005035474896430969
2.1249999999999396,0.0062561966478824615,-0.023956667631864548,-0.007171742618083954,0.006866557523608208,0.08194094896316528,0.004730294458568096
2.12599999999994,0.013275346718728542,0.0028992118313908577,0.0025940313935279846,-0.006256201304495335,-0.1576257050037384,0.005035474896430969
2.1269999999999394,0.005645835772156715,-0.023346304893493652,-0.021210042759776115,0.014496068470180035,-0.1429770439863205,0.005340655334293842
2.1279999999999397,0.0160219706594944,-0.010528727434575558,0.004730294458568096,0.010833903215825558,-0.28061342239379883,0.005340655334293842
2.128999999999939,0.007476918399333954,-0.01266499049961567,-0.00045777298510074615,0.01113908365368843,0.1252765655517578,0.004730294458568096
2.1299999999999395,0.006866557523608208,0.0010681292042136192,0.012664985843002796,-0.004730299115180969,0.04623483493924141,0.003814753144979477
2.130999999999939,0.006866557523608208,-0.01876859925687313,-0.0010681338608264923,0.011444264091551304,-0.26321813464164734,0.005645835772156715
2.1319999999999393,0.0004577683284878731,-0.01266499049961567,-0.029449913650751114,0.010223542340099812,-0.020904861390590668,0.00411993358284235
2.1329999999999387,0.0016784900799393654,-0.010223546996712685,-0.009308005683124065,-0.08468757569789886,-0.2705424726009369,0.006561377085745335
2.133999999999939,0.008697640150785446,-0.02059968188405037,0.00411993358284235,0.03036545217037201,0.35782405734062195,0.0032043922692537308
2.1349999999999385,0.01785305328667164,0.003814753144979477,-0.013885712251067162,-0.005035479553043842,-0.0801098644733429,0.004730294458568096
2.135999999999939,0.009613181464374065,-0.0010681338608264923,0.005035474896430969,0.12069886177778244,0.27481499314308167,0.00411993358284235
2.1369999999999383,0.006866557523608208,-0.016632337123155594,-0.015106434002518654,0.0163271501660347,-0.2983138859272003,0.005645835772156715
2.1379999999999386,0.007782098837196827,-0.010528727434575558,-0.0028992164880037308,0.016937512904405594,0.24979019165039062,0.0032043922692537308
2.138999999999938,0.010528722777962685,0.01113908365368843,0.0062561966478824615,0.040741585195064545,0.4097047448158264,0.00411993358284235
2.1399999999999384,0.003509572707116604,-0.019989321008324623,-0.016937516629695892,-0.02700847014784813,0.045624472200870514,0.00411993358284235
2.140999999999938,0.010833903215825558,-0.0013733142986893654,0.020294496789574623,0.00900282058864832,-0.34744793176651,0.00411993358284235
2.141999999999938,0.008697640150785446,-0.014496073126792908,-0.003204396925866604,0.014496068470180035,0.4408331513404846,0.0028992118313908577
2.1429999999999376,0.011749444529414177,-0.03616388514637947,0.003509572707116604,-0.04135195165872574,-0.23361562192440033,0.003814753144979477
2.143999999999938,0.007171737961471081,-0.009918366558849812,0.04287784919142723,-0.06637674570083618,-0.5934233665466309,0.007782098837196827
2.1449999999999374,0.008392459712922573,0.0163271501660347,-0.012359810061752796,0.016937512904405594,-0.5430685877799988,0.009613181464374065
2.1459999999999377,0.01113908365368843,0.024261843413114548,-0.02059968188405037,-0.006866562180221081,1.699702501296997,-0.004730299115180969
2.146999999999937,0.005340655334293842,-0.021210042759776115,-0.0025940360501408577,-0.0025940360501408577,2.804760694503784,-0.004425118677318096
2.1479999999999375,0.006866557523608208,0.04104676842689514,0.0019836705178022385,-0.05081254616379738,4.08163595199585,-0.0022888556122779846
2.148999999999937,0.012359805405139923,-0.023041125386953354,0.019989315420389175,0.04959181696176529,-4.903486728668213,0.01754787191748619
2.1499999999999373,0.014496068470180035,-0.023041125386953354,-0.004119938239455223,0.11642633378505707,-4.925154685974121,0.01785305328667164
2.1509999999999367,0.009613181464374065,-0.008392464369535446,-0.00015259254723787308,0.010223542340099812,-4.236667633056641,0.013885707594454288
2.151999999999937,0.0022888509556651115,-0.024567026644945145,-0.016937516629695892,0.013275346718728542,5.11070442199707,-0.0016784947365522385
2.1529999999999365,0.011749444529414177,0.0059510162100195885,0.012359805405139923,0.03860532492399216,4.6843671798706055,-0.0007629534229636192
2.153999999999937,0.0013733096420764923,-0.0025940360501408577,-0.011139088310301304,0.0025940313935279846,4.002593994140625,-0.0007629534229636192
2.1549999999999363,0.009918361902236938,-0.01083390787243843,-0.004119938239455223,0.0022888509556651115,3.4444189071655273,-0.0007629534229636192
2.1559999999999366,0.0080872792750597,-0.0010681338608264923,-0.009918366558849812,0.0028992118313908577,3.0055694580078125,0.0007629487663507462
2.156999999999936,0.010528722777962685,-0.003509577363729477,-0.04104677215218544,-0.00381475780159235,-4.733806133270264,0.01754787191748619
2.1579999999999364,-0.01876859925687313,-0.0022888556122779846,0.02883954904973507,0.004425114020705223,-4.942549705505371,0.0163271501660347
2.158999999999936,0.026703286916017532,-0.035553522408008575,-0.02182040363550186,0.0007629487663507462,-4.867780685424805,0.014801248908042908
2.159999999999936,0.009613181464374065,-0.027618832886219025,0.017242692410945892,-0.019378960132598877,-4.160982608795166,0.013275346718728542
2.1609999999999356,0.02548256516456604,-0.021515224128961563,0.009613181464374065,0.0022888509556651115,4.617227554321289,-0.0007629534229636192
2.161999999999936,0.004730294458568096,0.003509572707116604,-0.015106434002518654,-0.015106434002518654,5.054245948791504,-0.00045777298510074615
2.1629999999999354,0.009613181464374065,0.000152587890625,0.016632331535220146,-0.01754787750542164,4.371557235717773,-0.0016784947365522385
2.1639999999999358,0.006561377085745335,-0.046540018171072006,0.014801248908042908,0.0032043922692537308,3.7508201599121094,-0.0016784947365522385
2.164999999999935,0.03372243791818619,0.02212557941675186,-0.02212558314204216,0.014190888032317162,-4.951094627380371,0.01510642934590578
2.1659999999999355,0.007476918399333954,-0.013275351375341415,-0.03311207890510559,0.01113908365368843,-4.942854881286621,0.016937512904405594
2.166999999999935,0.006866557523608208,-0.005340659990906715,0.007782098837196827,0.0032043922692537308,-4.306859016418457,0.0160219706594944
2.1679999999999353,0.016632331535220146,-0.01266499049961567,-0.018463417887687683,-0.02212558314204216,4.942854881286621,-0.0010681338608264923
2.1689999999999348,0.028229188174009323,0.0004577683284878731,-0.003204396925866604,0.0032043922692537308,4.757610321044922,0.000152587890625
2.169999999999935,-0.09750515222549438,0.003814753144979477,0.007782098837196827,0.016632331535220146,4.060883522033691,-0.0022888556122779846
2.1709999999999345,0.0157167911529541,-0.009613186120986938,-0.023041125386953354,0.006561377085745335,3.4935531616210938,-0.0016784947365522385
2.171999999999935,0.024567022919654846,-0.0013733142986893654,-0.015106434002518654,0.000152587890625,-3.093766689300537,0.013275346718728542
2.1729999999999343,-0.006256201304495335,-0.0160219743847847,-0.018463417887687683,0.014496068470180035,-4.951704978942871,0.0157167911529541
2.1739999999999347,0.03646906092762947,0.01510642934590578,0.004425114020705223,-0.008392464369535446,-3.7990386486053467,0.0163271501660347
2.174999999999934,0.004425114020705223,-0.02059968188405037,-0.007171742618083954,0.0025940313935279846,-1.8101778030395508,0.010223542340099812
2.1759999999999344,-0.0157167948782444,-0.016632337123155594,0.0157167911529541,0.014496068470180035,-0.04440375417470932,0.004730294458568096
2.176999999999934,0.026398105546832085,-0.01174944918602705,-0.012054629623889923,-0.006866562180221081,-0.18326085805892944,0.004425114020705223
2.177999999999934,-0.003204396925866604,0.0007629487663507462,-0.0022888556122779846,0.00411993358284235,-0.40146487951278687,0.005645835772156715
2.1789999999999337,0.027924008667469025,0.024567022919654846,-0.008392464369535446,0.005340655334293842,-0.05905241519212723,0.005340655334293842
2.179999999999934,0.018768593668937683,-0.005340659990906715,0.0062561966478824615,0.0022888509556651115,-0.095674067735672,0.005035474896430969
2.1809999999999334,-0.0056458404287695885,-0.016632337123155594,-0.004425118677318096,-0.007476923055946827,0.44846266508102417,0.0025940313935279846
2.1819999999999338,-0.0312809981405735,-0.0236514862626791,-0.033722441643476486,0.0007629487663507462,0.13809414207935333,0.004730294458568096
2.182999999999933,0.01297016628086567,0.0013733096420764923,-0.00381475780159235,0.0028992118313908577,0.19913023710250854,0.003814753144979477
2.1839999999999336,0.0160219706594944,-0.03646906465291977,-0.021210042759776115,0.0004577683284878731,0.16311894357204437,0.003814753144979477
2.184999999999933,0.009918361902236938,-0.012970170937478542,0.02548256516456604,0.007171737961471081,0.18600746989250183,0.004425114020705223
2.1859999999999333,0.0160219706594944,0.01297016628086567,-0.02029450237751007,-0.008392464369535446,0.5305562019348145,0.0019836705178022385
2.1869999999999328,0.014801248908042908,-0.00045777298510074615,-0.01083390787243843,0.013885707594454288,-0.2058442085981369,0.004730294458568096
2.187999999999933,0.015411609783768654,-0.022430764511227608,0.007782098837196827,0.01205462496727705,0.3691157400608063,0.00411993358284235
2.1889999999999326,0.02578774467110634,-0.0315861776471138,-0.01266499049961567,0.003509572707116604,-0.18051423132419586,0.003509572707116604
2.189999999999933,0.018158234655857086,0.003509572707116604,0.02212557941675186,0.021515218541026115,0.42069122195243835,0.0032043922692537308
2.1909999999999323,0.021515218541026115,-0.025787748396396637,0.0032043922692537308,0.010833903215825558,-0.14724956452846527,0.005035474896430969
2.1919999999999327,0.0025940313935279846,-0.004730299115180969,0.005645835772156715,0.017242692410945892,0.7212939858436584,0.0025940313935279846
2.192999999999932,-0.0056458404287695885,-0.022735945880413055,-0.019989321008324623,-0.0059510208666324615,0.4289311170578003,0.0032043922692537308
2.1939999999999324,0.013580527156591415,-0.025787748396396637,-0.004425118677318096,0.009613181464374065,-0.42130160331726074,0.004730294458568096
2.194999999999932,0.008697640150785446,-0.0157167948782444,0.0062561966478824615,0.0016784900799393654,-0.5064469575881958,0.004730294458568096
2.1959999999999322,0.01907377503812313,0.0032043922692537308,0.00411993358284235,0.003509572707116604,0.4930189847946167,0.0032043922692537308
2.1969999999999317,0.0160219706594944,-0.010223546996712685,0.0010681292042136192,0.0025940313935279846,0.5506981015205383,0.0025940313935279846
2.197999999999932,0.0016784900799393654,-0.02517738938331604,-0.03463798016309738,0.00900282058864832,0.46677348017692566,0.0025940313935279846
2.1989999999999315,0.0062561966478824615,-0.02212558314204216,-0.009308005683124065,0.004425114020705223,0.2668803036212921,0.003814753144979477
2.199999999999932,0.0059510162100195885,-0.02700847014784813,-0.0056458404287695885,-0.0028992164880037308,-0.3019760549068451,0.004425114020705223
2.2009999999999312,0.0062561966478824615,-0.02853437326848507,-0.0028992164880037308,-0.0056458404287695885,-0.7780575156211853,0.007476918399333954
2.2019999999999316,0.004730294458568096,-0.012970170937478542,-0.003509577363729477,0.0062561966478824615,-0.14755474030971527,0.005340655334293842
2.202999999999931,0.010223542340099812,-0.03280689939856529,0.000152587890625,0.0080872792750597,0.46646830439567566,0.0032043922692537308
2.2039999999999313,0.012664985843002796,0.0010681292042136192,-0.021210042759776115,-0.008087283931672573,0.9431601166725159,0.0028992118313908577
2.204999999999931,0.010223542340099812,0.018768593668937683,-0.0007629534229636192,-0.0010681338608264923,-0.21622034907341003,0.005645835772156715
2.205999999999931,0.0080872792750597,-0.015411614440381527,0.0010681292042136192,0.013580527156591415,-0.13565270602703094,0.005645835772156715
2.2069999999999306,-0.008392464369535446,-0.0022888556122779846,0.008697640150785446,0.004730294458568096,-0.7273975610733032,0.007782098837196827
2.207999999999931,0.008697640150785446,0.003814753144979477,-0.008087283931672573,0.012359805405139923,-0.17044328153133392,0.005645835772156715
2.2089999999999304,0.0160219706594944,0.0025940313935279846,0.019684135913848877,0.0028992118313908577,-0.32120242714881897,0.005035474896430969
2.2099999999999307,0.009308001026511192,-0.0077821034938097,-0.0077821034938097,-0.004119938239455223,1.3368428945541382,0.0004577683284878731
2.21099999999993,0.008697640150785446,0.0022888509556651115,0.0032043922692537308,0.00411993358284235,-0.10940718650817871,0.005035474896430969
2.2119999999999305,0.005645835772156715,0.012359805405139923,-0.0025940360501408577,0.011749444529414177,-0.16281376779079437,0.00411993358284235
2.21299999999993,0.0025940313935279846,-0.009308005683124065,0.0059510162100195885,0.016632331535220146,-0.4716563820838928,0.006561377085745335
2.2139999999999302,0.008392459712922573,-0.01876859925687313,-0.009308005683124065,0.003509572707116604,-0.2833600342273712,0.0062561966478824615
2.2149999999999297,0.013580527156591415,-0.01724269613623619,-0.003204396925866604,0.009613181464374065,0.37399861216545105,0.003509572707116604
2.21599999999993,0.010223542340099812,0.014801248908042908,-0.0157167948782444,-0.015106434002518654,0.40207523107528687,0.0013733096420764923
2.2169999999999295,0.014801248908042908,-0.009308005683124065,0.0022888509556651115,0.0059510162100195885,0.020294496789574623,0.0032043922692537308
2.21799999999993,0.003509572707116604,-0.0059510208666324615,-0.019989321008324623,0.0062561966478824615,-0.4277103841304779,0.005340655334293842
2.2189999999999293,0.007782098837196827,-0.011139088310301304,0.007782098837196827,0.007171737961471081,0.2668803036212921,0.003814753144979477
2.2199999999999296,0.0016784900799393654,-0.008087283931672573,0.007476918399333954,0.003509572707116604,0.2549782395362854,0.0032043922692537308
2.220999999999929,0.0080872792750597,-0.00869764480739832,-0.0007629534229636192,0.013275346718728542,-0.095674067735672,0.0032043922692537308
2.2219999999999294,0.01937895640730858,0.0013733096420764923,0.0004577683284878731,0.016632331535220146,-0.14847028255462646,0.003814753144979477
2.222999999999929,0.01510642934590578,-0.019684139639139175,-0.01480125356465578,0.003509572707116604,-0.11703670024871826,0.00411993358284235
2.223999999999929,0.003509572707116604,0.04928663745522499,0.0025940313935279846,-0.00869764480739832,0.2583352327346802,0.00411993358284235
2.2249999999999286,0.0022888509556651115,-0.00045777298510074615,-0.010528727434575558,-0.00381475780159235,-0.016937516629695892,0.005035474896430969
2.225999999999929,-0.006561381742358208,-0.0160219743847847,-0.0013733142986893654,-0.00869764480739832,0.13565270602703094,0.0025940313935279846
2.2269999999999284,0.007476918399333954,-0.0056458404287695885,-0.0022888556122779846,0.005340655334293842,-0.6279087662696838,0.0062561966478824615
2.2279999999999287,0.013275346718728542,-0.017853058874607086,-0.0025940360501408577,0.003814753144979477,-0.3358510732650757,0.005035474896430969
2.228999999999928,0.010833903215825558,-0.014496073126792908,-0.006256201304495335,-0.00045777298510074615,-0.3456168472766876,0.006866557523608208
2.2299999999999285,0.007171737961471081,-0.006866562180221081,-0.0019836751744151115,0.012664985843002796,0.06546120345592499,0.004730294458568096
2.230999999999928,0.00900282058864832,-0.007476923055946827,-0.0025940360501408577,0.0080872792750597,-0.013885712251067162,0.004730294458568096
2.2319999999999283,0.008392459712922573,-0.012970170937478542,-0.006256201304495335,0.0032043922692537308,-0.14969100058078766,0.005340655334293842
2.2329999999999277,0.008697640150785446,-0.006256201304495335,0.000152587890625,0.0059510162100195885,-0.04287785291671753,0.005035474896430969
2.233999999999928,0.010833903215825558,-0.0028992164880037308,-0.004730299115180969,0.006561377085745335,-0.003509577363729477,0.003509572707116604
2.2349999999999275,0.0032043922692537308,-0.003509577363729477,-0.004119938239455223,0.008697640150785446,0.052033260464668274,0.004730294458568096
2.235999999999928,0.01205462496727705,0.0004577683284878731,-0.0013733142986893654,0.006866557523608208,0.045624472200870514,0.003814753144979477
2.2369999999999273,0.0025940313935279846,-0.0059510208666324615,-0.006256201304495335,0.0080872792750597,-0.18600748479366302,0.004425114020705223
2.2379999999999276,0.009613181464374065,-0.010223546996712685,-0.00015259254723787308,0.0062561966478824615,0.05081254243850708,0.005340655334293842
2.238999999999927,0.013275346718728542,-0.041962310671806335,-0.0312809981405735,0.0016784900799393654,-0.26199740171432495,0.004730294458568096
2.2399999999999274,0.013885707594454288,-0.0477607399225235,-0.019684139639139175,0.005035474896430969,0.0944533422589302,0.003814753144979477
2.240999999999927,0.011444264091551304,-0.06759747117757797,-0.018158238381147385,0.007476918399333954,-0.4112306535243988,0.005340655334293842
2.241999999999927,0.010833903215825558,-0.05020218342542648,0.009918361902236938,-0.00045777298510074615,0.9694056510925293,0.0007629487663507462
2.2429999999999266,0.013885707594454288,-0.022735945880413055,-0.0236514862626791,0.005340655334293842,0.5122453570365906,0.0032043922692537308
2.243999999999927,0.02059967815876007,-0.11703670024871826,0.0032043922692537308,0.005340655334293842,0.8644235730171204,0.0022888509556651115
2.2449999999999264,0.010528722777962685,-0.0941481664776802,-0.0318913571536541,0.018768593668937683,-0.1268024742603302,0.00411993358284235
2.2459999999999267,0.0160219706594944,-0.024261847138404846,-0.04470893740653992,-0.0016784947365522385,0.1432822197675705,0.003814753144979477
2.246999999999926,0.01113908365368843,-0.06546120345592499,0.0019836705178022385,-0.009918366558849812,-0.7927061915397644,0.008697640150785446
2.2479999999999265,0.012359805405139923,0.017242692410945892,-0.035553522408008575,0.005340655334293842,-1.2037842273712158,0.008392459712922573
2.248999999999926,0.01510642934590578,0.01205462496727705,-0.011444268748164177,-0.004425118677318096,-2.026550769805908,0.01113908365368843
2.2499999999999263,0.003509572707116604,-0.03768978640437126,0.014496068470180035,0.020294496789574623,-2.0552377700805664,0.011444264091551304
2.2509999999999257,0.01205462496727705,0.0016784900799393654,0.007171737961471081,0.0059510162100195885,0.7710383534431458,0.0019836705178022385
2.251999999999926,0.005035474896430969,-0.08316167443990707,-0.009613186120986938,-0.005340659990906715,4.9965667724609375,-0.0022888556122779846
2.2529999999999255,0.009918361902236938,0.003509572707116604,0.012664985843002796,0.007476918399333954,1.9502556324005127,0.000152587890625
2.253999999999926,0.005645835772156715,0.016632331535220146,0.01937895640730858,-0.0077821034938097,-1.7442587614059448,0.010223542340099812
2.2549999999999253,-0.00015259254723787308,-0.017853058874607086,-0.010223546996712685,0.029144730418920517,-2.3814754486083984,0.012664985843002796
2.2559999999999256,0.010528722777962685,-0.02029450237751007,-0.0010681338608264923,0.00900282058864832,-0.6800945997238159,0.006866557523608208
2.256999999999925,0.015411609783768654,-0.051422905176877975,-0.014496073126792908,0.005645835772156715,2.160524845123291,0.0016784900799393654
2.2579999999999254,0.030670631676912308,-0.10025177896022797,-0.003509577363729477,-0.014496073126792908,4.1008620262146,-0.0016784947365522385
2.258999999999925,0.005035474896430969,-0.11337453126907349,0.0007629487663507462,0.02212557941675186,-4.946822166442871,0.0163271501660347
2.259999999999925,0.004425114020705223,-0.023956667631864548,-0.02548256888985634,0.007782098837196827,-3.825894594192505,0.014801248908042908
2.2609999999999246,0.007171737961471081,-0.004119938239455223,-0.0013733142986893654,0.014190888032317162,3.2921340465545654,-0.0007629534229636192
2.261999999999925,0.013580527156591415,-0.01174944918602705,-0.0010681338608264923,0.01205462496727705,4.803997993469238,-0.0010681338608264923
2.2629999999999244,0.009918361902236938,-0.046845197677612305,-0.009613186120986938,-0.0010681338608264923,-1.2285038232803345,0.008392459712922573
2.2639999999999247,0.004425114020705223,0.026398105546832085,-0.009613186120986938,0.02731364592909813,-3.675440549850464,0.014801248908042908
2.264999999999924,0.0080872792750597,-0.0028992164880037308,-0.022430764511227608,0.01937895640730858,-1.699397325515747,0.010528722777962685
2.2659999999999245,0.00411993358284235,-0.009918366558849812,0.009308001026511192,0.013885707594454288,1.2275882959365845,0.0019836705178022385
