time,addbrev_r,addlong_r,addmagDist_r,addmagIsch_r,addmagMid_r,addmagProx_r,bflh_r,bfsh_r,edl_r,ehl_r,fdl_r,fhl_r,gaslat_r,gasmed_r,glmax1_r,glmax2_r,glmax3_r,glmed1_r,glmed2_r,glmed3_r,glmin1_r,glmin2_r,glmin3_r,grac_r,iliacus_r,perbrev_r,perlong_r,piri_r,psoas_r,recfem_r,sart_r,semimem_r,semiten_r,soleus_r,tfl_r,tibant_r,tibpost_r,vasint_r,vaslat_r,vasmed_r,quad_fem_r,obt_internus_r1,addbrev_l,addlong_l,addmagDist_l,addmagIsch_l,addmagMid_l,addmagProx_l,bflh_l,bfsh_l,edl_l,ehl_l,fdl_l,fhl_l,gaslat_l,gasmed_l,glmax1_l,glmax2_l,glmax3_l,glmed1_l,glmed2_l,glmed3_l,glmin1_l,glmin2_l,glmin3_l,grac_l,iliacus_l,perbrev_l,perlong_l,piri_l,psoas_l,recfem_l,sart_l,semimem_l,semiten_l,soleus_l,tfl_l,tibant_l,tibpost_l,vasint_l,vaslat_l,vasmed_l,lumbar_ext,lumbar_bend,lumbar_rot,shoulder_flex_r,shoulder_add_r,shoulder_rot_r,elbow_flex_r,pro_sup_r,wrist_flex_r,wrist_dev_r,shoulder_flex_l,shoulder_add_l,shoulder_rot_l,elbow_flex_l,pro_sup_l,wrist_flex_l,wrist_dev_l,FX,FY,FZ,MX,MY,MZ,hip_flexion_r_reserve,hip_adduction_r_reserve,hip_rotation_r_reserve,knee_angle_r_reserve,ankle_angle_r_reserve,hip_flexion_l_reserve,hip_adduction_l_reserve,hip_rotation_l_reserve,knee_angle_l_reserve,ankle_angle_l_reserve,lumbar_extension_reserve,lumbar_bending_reserve,lumbar_rotation_reserve,arm_flex_r,arm_add_r,arm_rot_r,arm_flex_l,arm_add_l,arm_rot_l,calcn_r_Right_transformedP_Fx,calcn_r_Right_transformedP_Fy,calcn_r_Right_transformedP_Fz,calcn_r_Right_transformedP_px,calcn_r_Right_transformedP_py,calcn_r_Right_transformedP_pz,calcn_r_Right_transformedP_Tx,calcn_r_Right_transformedP_Ty,calcn_r_Right_transformedP_Tz,Unnamed: 134
3.69,4.15009,3.13392,4.41627,3.65419,4.91441,1.18131,29.2029,11.3715,0.0,0.069082,64.6637,97.1488,1.23624,0.0,35.1767,133.669,77.2893,0.0,2.04175,352.67,0.0,232.237,27.0548,11.9451,1393.3,83.5663,506.95,598.981,1771.11,0.0,131.143,2633.8,24.4794,0.0,250.272,19.5447,1064.39,4.45347,2.67501,1576.07,0.0,0.0,0.0,0.0,0.0,132.284,0.0,0.0,0.0,0.049142,7.28862,10.5994,57.8127,106.306,0.0,0.0,78.918,166.226,96.5589,3.80494,0.238189,0.0,0.0,4.8e-05,0.0,2.442,0.0,31.54,100.606,0.0,0.0,1700.39,0.033075,0.0,0.209179,0.341089,47.8192,0.0,1780.76,3293.03,8811.8,4617.85,0.0,0.0,0.0,0.0,0.0,0.0,3.713438,-0.080983,0.191123,-0.448285,0.0,0.0,0.0,3.780673,0.292637,0.834505,0.10858,292.250798,-73.345792,27.656494,43.606699,33.766268,-29.31573,15.216975,25.715738,-7.111374,-27.039785,6.057684,22.493719,-4.132498,-3.160456,-0.42399,0.671135,-14.030016,-12.401867,9.892707,5.174105,-3.978443,-0.093648,-0.384779,1.219613,3.57216,0.0,0.0,0.0,0.0,0.0,0.0,0.0,0.0,0.0,
3.695,12.6401,10.5502,11.1855,15.6016,12.8121,3.93661,22.1864,6.25245,0.0,0.0,77.091,138.908,169.458,0.0,35.9898,155.249,196.999,0.0,211.495,433.957,1e-06,157.27,28.0186,15.631,1319.63,115.326,574.099,542.267,1666.96,0.0,102.911,2469.81,16.4226,1e-06,277.728,0.0,1173.96,34.6413,58.9174,1757.45,0.0,0.0,0.0,0.0,0.0,145.221,0.0,0.0,0.297244,0.0,3.99727,8.47372,58.5821,109.237,4e-06,0.0,88.0944,182.869,114.29,7.24102,2.78388,0.0,0.0,0.0,0.0,0.641769,0.0,32.6117,102.999,0.0,0.0,1685.26,0.0,6e-06,0.0,25.946,41.8609,0.0,1792.38,3345.62,9001.13,4724.32,0.0,0.0,0.0,0.0,0.0,0.0,3.593756,-0.020025,0.200652,-0.430974,0.0,0.0,0.0,3.85868,0.280448,0.748471,-0.051701,250.137046,-200.92278,70.436128,55.864013,26.951888,-60.800696,-22.83134,38.33683,-5.223142,3.661296,2.890152,19.386585,-3.696607,-3.167021,-1.073216,0.652122,-1.423477,-10.039442,10.727029,4.537416,-3.544542,-0.153641,-0.869255,0.426361,2.303285,0.0,0.0,0.0,0.0,0.0,0.0,0.0,0.0,0.0,
3.7,59.6954,36.2268,55.8151,32.8094,58.3848,39.9606,22.6393,45.342,0.0,0.0,95.1545,206.134,409.315,0.0,136.498,320.066,314.155,0.0,431.586,578.745,0.0,128.609,41.2708,28.4095,1280.45,170.607,677.684,485.998,1572.71,0.0,91.4137,2303.46,36.2459,0.000117,318.962,0.0,1310.53,183.692,322.417,1969.89,0.0,0.0,0.0,3e-06,2.31092,155.033,0.0,0.0,2.57579,1e-06,1.88069,6.97424,59.209,111.545,0.0,0.0,92.7396,191.696,123.644,8.67971,4.3369,0.0,0.0,1e-06,0.0,0.530608,0.0,33.3273,104.891,0.0,0.0,1659.78,0.0,0.0,0.0,67.1889,36.7907,0.0,1803.65,3378.09,9154.65,4810.05,0.0,0.0,0.0,0.0,0.0,0.0,3.503739,0.038436,0.2102,-0.416304,0.0,0.0,0.0,3.776943,0.251174,0.627498,-0.199992,211.807103,-340.916563,115.765057,68.377921,20.438973,-89.936537,-47.188703,52.893573,-1.005303,40.541684,3.944545,17.023266,-3.287379,-3.220031,-1.967876,0.65087,10.768969,-8.614253,11.76863,3.843966,-3.153309,-0.203563,-1.369841,-0.658411,0.969051,0.0,0.0,0.0,0.0,0.0,0.0,0.0,0.0,0.0,
3.705,87.5356,56.8052,99.1367,50.8888,96.0623,58.1295,24.7601,87.8952,0.0,0.0,114.506,288.178,671.025,0.0,205.292,460.739,389.547,1e-06,607.316,678.302,0.0,70.1396,46.432,40.1129,901.08,228.927,797.744,387.417,1055.39,0.0,57.6566,2115.5,55.4371,0.0,348.702,0.0,1456.46,411.031,640.168,1597.69,0.0,0.0,0.0,1e-06,9.66016,164.703,0.0,0.0,7.65734,3e-06,0.626272,5.91145,59.7284,113.404,0.0,0.0,96.8741,199.599,132.083,9.8082,4.98887,0.0,0.0,3e-06,0.0,0.903437,0.0,33.8304,106.41,0.0,0.0,1624.95,1e-06,0.0,0.114562,97.0249,32.3039,0.0,1814.88,3397.91,9288.35,4883.97,0.0,0.0,0.0,0.0,0.0,0.0,3.448912,0.092316,0.220714,-0.404618,0.0,0.0,0.0,3.576343,0.206243,0.486748,-0.32846,173.200416,-502.350371,168.468275,80.342149,12.63774,-124.153252,-59.070273,64.428947,5.774549,57.164463,4.725161,15.338509,-2.899717,-3.318248,-3.049163,0.663912,22.409042,-8.169283,12.936286,3.113269,-2.800555,-0.234336,-1.852617,-1.93283,-0.317936,0.0,0.0,0.0,0.0,0.0,0.0,0.0,0.0,0.0,
3.71,86.569,61.4331,118.871,67.626,109.243,56.4525,24.6457,106.124,0.0,0.0,132.138,382.559,938.062,0.0,210.3,496.132,426.133,0.0,730.927,714.751,0.0,29.6372,37.8128,45.5424,480.179,272.351,915.251,231.964,490.23,3e-06,25.1573,1912.49,60.9841,4.6e-05,339.755,0.0,1603.01,659.97,837.879,1015.79,0.0,0.0,0.0,1e-06,7.75709,175.876,0.0,0.0,13.7869,0.0,0.0,5.03183,60.2009,115.097,0.0,0.0,101.384,208.273,141.481,11.4185,5.6503,0.0,0.0,4e-06,0.0,1.38062,0.0,34.2841,107.782,0.0,0.0,1580.91,0.0,0.0,2.62101,111.979,27.9258,0.0,1826.2,3407.1,9405.33,4948.39,0.0,0.0,0.0,0.0,0.0,0.0,3.432617,0.139734,0.232976,-0.395992,0.0,0.0,0.0,3.304599,0.148278,0.341793,-0.432265,135.743164,-678.880688,226.365615,92.037136,4.483514,-159.150407,-82.073908,70.350354,9.028266,58.467533,4.554163,14.242963,-2.526935,-3.45899,-4.251097,0.687503,33.404716,-8.736188,14.15203,2.36544,-2.479414,-0.238911,-2.289217,-3.266363,-1.461022,0.0,0.0,0.0,0.0,0.0,0.0,0.0,0.0,0.0,
3.715,79.884,56.8435,123.983,82.1783,113.887,54.3352,21.5274,107.28,0.000101,0.000282,137.83,468.546,1190.96,250.037,200.096,489.163,442.905,0.002072,830.516,731.695,0.000708,14.6885,24.7082,46.5928,241.336,272.919,1013.31,108.792,193.868,70.5581,9.82121,1710.43,57.5138,0.012814,315.8,0.053873,1493.95,858.13,938.243,638.835,0.0,0.0,0.0,1e-06,8.68689,188.568,0.0,0.0,19.3571,0.0,0.0,4.20895,60.6601,116.768,0.0,0.0,106.003,217.254,151.471,13.5009,6.45952,0.0,0.0,3e-06,0.0,1.91868,0.0,34.744,109.128,0.0,0.0,1528.01,0.0,0.0,4.84599,122.104,23.4543,0.0,1837.5,3406.89,9504.0,5002.23,0.0,0.0,0.0,0.0,0.0,0.0,3.455831,0.179067,0.247511,-0.390284,0.0,0.0,0.0,3.008018,0.080759,0.206323,-0.509704,104.661946,-860.712639,286.74661,103.024354,-2.52231,-187.159662,-121.176737,75.330522,9.654751,53.464384,10.954874,13.634636,-2.163907,-3.63775,-5.505761,0.717997,43.700251,-10.335419,15.347943,1.62016,-2.181659,-0.212645,-2.663009,-4.525343,-2.393286,0.0,0.0,0.0,0.0,0.0,0.0,0.0,0.0,0.0,
3.72,74.2007,50.5913,127.079,95.0551,120.533,54.7905,16.149,102.098,9.6e-05,0.000271,126.257,518.353,1412.42,505.762,200.119,489.554,452.555,0.001989,909.836,757.705,0.00068,9.67645,14.8613,45.7931,125.354,247.35,1032.06,38.5075,81.6283,172.548,4.34177,1519.01,52.0931,0.012904,302.676,0.053069,925.809,982.556,1026.97,458.042,0.0,0.0,0.0,1e-06,10.3139,202.683,0.0,0.0,24.4839,0.0,0.0,3.44859,61.1042,118.401,0.0,0.0,110.637,226.346,162.0,16.0752,7.31337,0.0,0.0,0.0,0.0,2.58917,0.0,35.1907,110.445,0.0,0.0,1467.13,0.0,0.0,6.32949,132.747,18.9571,0.0,1848.57,3404.01,9583.55,5045.06,0.0,0.0,0.0,0.0,0.0,0.0,3.517074,0.209033,0.264516,-0.387193,0.0,0.0,0.0,2.724861,0.007617,0.090425,-0.561928,84.737815,-1033.780173,345.873912,111.972793,-6.976223,-200.971648,-156.456557,80.735358,10.528815,44.97865,10.396574,13.407977,-1.80903,-3.848473,-6.747706,0.752121,53.264177,-12.970512,16.466603,0.895698,-1.899014,-0.153411,-2.969973,-5.598933,-3.084014,0.0,0.0,0.0,0.0,0.0,0.0,0.0,0.0,0.0,
3.725,68.683,44.9117,132.875,107.072,129.919,55.5966,9.29338,98.2966,4.2e-05,9.7e-05,105.367,507.029,1458.93,672.934,209.198,508.199,460.576,0.000712,964.352,801.377,0.000244,7.08137,9.18487,44.7965,71.4974,221.243,942.008,6.60245,44.0734,216.606,2.09056,1342.4,48.4483,516.609,302.885,0.019206,525.618,1042.92,1129.58,370.467,0.0,0.0,0.0,1e-06,11.7213,218.247,0.0,0.0,29.8619,0.0,0.002783,2.78812,61.5205,119.94,0.0,0.0,115.242,235.472,173.081,19.3115,8.23278,0.0,0.0,1.24039,0.0,3.3972,0.0,35.601,111.689,0.0,0.0,1399.43,0.0,0.0,7.92649,144.417,14.5854,0.0,1859.19,3401.24,9643.29,5076.9,0.0,0.0,0.0,0.0,0.0,0.0,3.612374,0.22876,0.28385,-0.3863,0.0,0.0,0.0,2.481512,-0.067151,-0.000315,-0.592317,77.389483,-1181.191706,398.591415,117.315165,-8.078815,-197.124103,-172.221846,84.445633,12.72217,31.582313,20.25748,13.46028,-1.465756,-4.083387,-7.917395,0.787116,62.078104,-16.618776,17.457509,0.208025,-1.624325,-0.061457,-3.214336,-6.418192,-3.537284,0.0,0.0,0.0,0.0,0.0,0.0,0.0,0.0,0.0,
3.73,64.0513,39.6582,139.979,117.612,139.318,56.1593,2.3849,97.2432,5e-06,1.5e-05,82.8259,448.835,1310.9,789.48,220.412,535.26,468.373,0.000107,985.371,844.37,3.7e-05,5.28312,5.77299,44.0109,44.7599,201.288,797.66,0.0,29.6902,226.248,1.08057,1182.69,46.8057,794.246,310.326,0.002838,316.386,1079.88,1239.57,355.906,0.0,0.0,0.0,2e-06,13.2204,235.288,0.0,0.0,36.0151,0.0,0.001091,2.25777,61.8952,121.329,0.0,0.0,119.839,244.618,184.739,23.5134,9.3567,0.0,0.0,2.01963,0.0,4.32379,0.0,35.9598,112.808,0.0,0.0,1326.46,0.0,0.0,9.85171,155.521,10.5016,0.0,1869.09,3398.36,9683.05,5097.82,0.0,0.0,0.0,0.0,0.0,0.0,3.735334,0.237865,0.305057,-0.387091,0.0,0.0,0.0,2.291714,-0.139786,-0.064857,-0.60565,81.131317,-1290.361559,440.182723,118.271285,-5.789708,-176.880779,-168.226948,84.997449,16.178309,17.472831,10.273035,13.695849,-1.143577,-4.332338,-8.963722,0.820799,70.127941,-21.221049,18.272965,-0.429939,-1.35245,0.060906,-3.401397,-6.963683,-3.784263,0.0,0.0,0.0,0.0,0.0,0.0,0.0,0.0,0.0,
3.735,61.9904,34.8332,146.312,125.163,147.515,57.2143,0.0,98.7131,0.0,0.0,71.5879,397.342,1279.43,889.422,230.288,560.964,476.118,0.0,965.765,835.804,0.0,3.71774,3.19038,43.4677,31.5759,194.925,730.219,0.0,23.3466,222.787,0.748076,1042.49,46.6952,952.868,320.46,0.0,254.983,1111.84,1345.68,613.403,0.0,0.0,0.0,0.0,14.9695,253.79,0.0,0.0,43.1704,0.0,0.000193,1.85756,62.2222,122.544,0.0,0.0,124.471,253.768,196.964,28.9515,10.8131,0.0,0.0,2.83753,0.0,5.36463,0.0,36.2653,113.785,0.0,0.0,1250.1,0.0,0.0,12.0071,165.202,6.85183,0.0,1878.07,3395.24,9703.09,5108.15,0.0,0.0,0.0,0.0,0.0,0.0,3.877268,0.236513,0.327412,-0.38895,0.0,0.0,0.0,2.158254,-0.207004,-0.106007,-0.607208,92.734838,-1359.430077,469.263964,114.944315,-0.816972,-145.480773,-151.224316,79.472901,19.647198,6.734625,2.411069,14.028382,-0.858321,-4.581786,-9.845662,0.851545,77.397767,-26.672785,18.866392,-1.008927,-1.08083,0.209736,-3.531011,-7.261138,-3.872198,0.0,0.0,0.0,0.0,0.0,0.0,0.0,0.0,0.0,
3.74,62.4499,30.7883,151.077,128.6,154.782,59.0911,0.0,102.572,0.0,0.0,69.4133,375.847,1343.06,969.644,238.075,580.472,483.782,0.0,920.981,740.856,0.0,2.07406,1.0199,43.4087,25.1895,195.847,726.925,0.015595,21.0514,215.429,0.766991,925.997,47.973,1221.6,331.864,0.0,323.366,1138.94,1441.78,1090.75,0.0,0.0,0.0,7.03032,16.9347,273.76,0.0,0.0,51.5365,0.0,0.0,1.58837,62.4948,123.558,0.0,0.0,129.283,263.081,209.834,35.7377,12.7063,1e-06,0.0,4.10957,0.0,6.53353,0.0,36.5099,114.593,0.0,0.0,1171.86,0.0,0.0,14.429,172.724,3.75595,0.0,1885.93,3392.02,9703.93,5108.3,0.0,0.0,0.0,0.0,0.0,0.0,4.027468,0.225445,0.350004,-0.391145,0.0,0.0,0.0,2.076036,-0.266198,-0.129236,-0.601974,108.080753,-1395.604154,488.260093,107.568945,5.63489,-109.89233,-129.408756,66.959883,22.054024,1.360399,4.04449,14.382016,-0.631645,-4.813693,-10.533089,0.878221,83.865805,-32.817988,19.194424,-1.52371,-0.809687,0.379907,-3.594504,-7.368251,-3.853298,0.0,0.0,0.0,0.0,0.0,0.0,0.0,0.0,0.0,
3.745,63.9191,27.6573,154.27,127.577,161.167,61.4492,0.018291,109.104,0.0,0.0,68.6953,370.758,1348.18,1027.85,243.803,592.535,491.093,0.0,875.353,609.612,0.0,0.439981,0.0,44.0234,22.1563,196.248,731.287,0.033588,20.6666,205.122,0.962021,830.158,50.7184,1582.51,343.964,0.0,369.089,1157.44,1523.9,1553.69,0.0,0.0,0.0,10.8047,19.1148,295.256,0.0,0.0,61.3827,0.0,0.0,1.4558,62.7049,124.332,0.0,1e-06,134.431,272.767,223.472,43.8254,15.0834,1e-06,0.0,5.63675,0.0,7.85119,0.0,36.6816,115.201,0.0,0.0,1092.35,0.0,0.0,17.2401,177.221,1.39843,0.0,1892.45,3388.86,9686.16,5098.64,0.0,0.0,0.0,0.0,0.0,0.0,4.173608,0.205934,0.37181,-0.392802,0.0,0.0,0.0,2.035432,-0.315597,-0.141308,-0.594028,123.86284,-1409.884879,501.198136,96.661953,12.520675,-75.841622,-107.773528,51.117504,23.933929,-1.414211,5.450056,14.691337,-0.489629,-5.004675,-11.006827,0.900086,89.501936,-39.446761,19.222362,-1.973237,-0.541889,0.565524,-3.576027,-7.357624,-3.775927,0.0,0.0,0.0,0.0,0.0,0.0,0.0,0.0,0.0,
3.75,64.9032,25.2908,155.968,122.439,166.071,63.8105,0.011849,118.774,0.0,0.0,68.1099,368.257,1405.05,1068.86,247.479,597.315,497.434,0.0,834.206,510.969,0.0,0.0,0.0,45.3213,20.7796,193.609,742.994,0.011797,20.9651,191.629,1.23963,750.756,54.9489,1928.77,356.126,0.0,433.334,1165.11,1588.88,1958.29,0.0,0.0,0.0,11.5785,21.5121,318.331,0.0,0.0,72.9801,0.0,0.0,1.4747,62.8416,124.821,0.0,0.0,140.065,283.051,237.993,53.1387,17.9792,1e-06,0.0,7.35236,0.0,9.33605,0.0,36.7666,115.569,0.0,0.0,1011.67,0.0,15.2599,20.5387,177.547,0.019856,0.0,1897.38,3385.8,9650.11,5079.3,0.0,0.0,0.0,0.0,0.0,0.0,4.302296,0.179693,0.391778,-0.392915,0.0,0.0,0.0,2.025034,-0.354265,-0.148991,-0.586199,137.890654,-1412.791874,511.71294,83.175165,19.164087,-46.80458,-88.763073,35.740816,26.416011,-4.760211,7.315424,14.900586,-0.460494,-5.125788,-11.257978,0.916673,94.266513,-46.296757,18.931163,-2.360485,-0.282595,0.760208,-3.457547,-7.300716,-3.67922,0.0,0.0,0.0,0.0,0.0,0.0,0.0,0.0,0.0,
3.755,64.5232,23.4848,155.983,113.975,168.544,65.8035,0.001306,132.045,0.0,0.0,66.0571,363.025,1417.9,1109.31,248.866,594.692,501.196,1.5e-05,793.911,457.588,1e-06,0.0,0.0,47.1101,20.3657,190.116,742.204,0.00138,21.5411,175.637,1.56457,686.27,60.5658,2230.26,367.875,9.5e-05,474.046,1161.78,1634.46,2185.3,0.0,0.0,0.0,12.8947,24.0984,342.979,0.0,0.0,86.5116,0.0,0.0,1.65966,62.8972,124.988,0.0,0.0,146.28,294.108,253.474,63.5501,21.3919,1e-06,9.52681,9.29389,0.0,11.0024,0.0,36.7562,115.669,0.0,0.0,930.162,0.0,77.635,24.378,172.882,0.0,0.0,1900.52,3382.85,9595.79,5050.13,0.0,0.0,0.0,0.0,0.0,0.0,4.399797,0.148722,0.408879,-0.390372,0.0,0.0,0.0,2.033449,-0.381955,-0.15803,-0.579968,148.518069,-1412.117424,521.92233,68.553144,25.136909,-24.413983,-74.181684,21.996811,29.622832,-10.503394,4.965651,14.962199,-0.571557,-5.143304,-11.286602,0.927654,98.110841,-53.058712,18.32361,-2.691987,-0.03876,0.957232,-3.225401,-7.255915,-3.590983,0.0,0.0,0.0,0.0,0.0,0.0,0.0,0.0,0.0,
3.76,62.2849,22.0956,153.971,103.223,167.755,67.1605,0.0,149.08,0.0,0.0,63.9024,355.777,1477.52,1156.45,247.568,583.982,499.81,5e-06,752.16,426.801,1e-06,0.000694,0.004078,49.0129,20.6522,188.424,739.292,0.003114,22.3441,158.347,1.92898,635.668,67.3711,2493.84,379.11,0.000141,506.569,1147.66,1659.26,2306.31,0.0,0.0,0.0,14.6226,26.8306,369.156,0.0,0.0,102.135,0.0,0.0,2.01315,62.8692,124.827,0.0,0.0,153.163,306.137,270.012,74.8404,25.3123,0.0,10.0341,11.4726,0.0,12.8592,0.0,36.6528,115.496,0.0,0.0,848.42,0.0,111.854,28.8046,163.094,0.0,0.0,1901.73,3380.04,9523.01,5010.87,0.0,0.0,0.0,0.0,0.0,0.0,4.452891,0.115105,0.422152,-0.384039,0.0,0.0,0.0,2.050258,-0.398917,-0.172494,-0.575584,154.477516,-1412.427413,532.460615,54.451726,30.14178,-8.935801,-65.13118,9.891834,32.831454,-18.781307,3.067017,14.834843,-0.845638,-5.020688,-11.099829,0.932704,100.979881,-59.386279,17.427577,-2.97706,0.181396,1.149516,-2.876122,-7.261762,-3.528036,0.0,0.0,0.0,0.0,0.0,0.0,0.0,0.0,0.0,
3.765,58.5741,21.0608,149.589,91.1683,163.235,67.7351,0.0,169.696,0.0,0.0,62.2237,348.761,1486.37,1209.25,242.894,563.785,489.937,1e-06,709.293,399.38,0.0,0.002278,0.001014,50.5149,21.5937,189.554,737.421,0.0,23.4296,140.969,2.33491,597.389,75.0127,2722.41,390.057,0.000191,535.823,1122.92,1662.96,2352.41,0.0,0.0,0.0,16.1044,29.6783,396.935,0.0,0.0,119.977,0.0,0.0,2.50633,62.7644,124.368,0.0,0.0,160.747,319.255,287.598,86.7399,29.712,0.0,9.9344,13.8818,0.0,14.9024,0.0,36.4702,115.079,0.0,0.0,767.329,0.0,133.053,33.8408,148.987,0.004389,0.0,1901.04,3377.38,9431.69,4961.13,0.0,0.0,0.0,0.0,0.0,0.0,4.449827,0.080814,0.430707,-0.372869,0.0,0.0,0.0,2.066384,-0.405729,-0.19449,-0.572335,155.180387,-1415.581654,543.280186,42.217477,34.013,0.516635,-61.536183,-0.491051,35.318306,-26.298441,-1.707354,14.481159,-1.297232,-4.721803,-10.709523,0.931363,102.817415,-64.910131,16.29509,-3.226797,0.368887,1.329517,-2.419858,-7.334827,-3.497888,0.0,0.0,0.0,0.0,0.0,0.0,0.0,0.0,0.0,
3.77,54.0924,20.312,142.823,78.3724,155.157,67.4694,0.0,193.422,0.0,0.0,61.1986,342.834,1550.73,1270.19,234.708,533.83,469.845,0.0,667.818,369.656,0.0,0.00112,0.000264,50.9525,23.0914,192.762,738.501,0.0,24.7475,124.381,2.76829,569.541,83.1208,2924.35,401.051,0.000268,565.501,1088.03,1646.42,2347.16,0.0,0.0,0.0,16.9903,32.5883,426.42,0.0,0.0,140.18,0.0,0.0,3.08642,62.594,123.66,0.0,1e-06,169.083,333.608,306.222,99.0185,34.5941,10.8836,12.0979,16.5386,1e-06,17.1244,0.0,36.2258,114.462,0.0,0.0,687.907,0.0,158.136,39.5132,131.803,0.001414,0.0,1898.59,3373.72,9321.46,4900.6,0.0,0.0,0.0,0.0,0.0,0.0,4.381257,0.047565,0.433714,-0.356037,0.0,0.0,0.0,2.074133,-0.403185,-0.224208,-0.568879,150.633456,-1421.446362,554.210245,32.64142,36.704177,5.53632,-62.076376,-8.813002,36.765476,-35.867109,-4.366962,13.86554,-1.928812,-4.21512,-10.129669,0.92293,103.573343,-69.255898,14.996858,-3.452919,0.514385,1.48909,-1.880699,-7.471067,-3.500779,0.0,0.0,0.0,0.0,0.0,0.0,0.0,0.0,0.0,
3.775,49.4188,19.8172,134.106,65.2272,144.386,66.5038,0.0,219.584,0.0,0.0,60.5672,337.642,1597.43,1304.51,223.236,495.254,439.416,0.0,629.214,338.219,0.0,0.000296,0.0,49.5965,25.0235,196.891,740.97,0.00204,26.2527,109.058,3.21293,550.275,91.4507,3095.33,412.39,0.000395,593.392,1043.85,1611.34,2302.97,0.0,0.0,0.0,17.5211,35.4865,457.553,0.0,0.0,162.699,0.0,0.0,3.69106,62.3732,122.769,0.0,0.0,178.193,349.26,325.758,111.533,39.9779,13.028,13.8903,19.4855,11.5819,19.5037,0.0,35.9409,113.704,0.0,0.0,611.483,0.0,193.781,45.8249,113.176,1e-06,0.0,1894.68,3361.47,9191.74,4829.09,0.0,0.0,0.0,0.0,0.0,0.0,4.241077,0.016732,0.430385,-0.333065,0.0,0.0,0.0,2.067081,-0.392221,-0.260227,-0.563575,140.977869,-1428.463296,565.087241,25.99707,38.215377,7.779455,-65.002505,-14.931081,37.154501,-44.557943,-8.744694,12.952359,-2.727655,-3.478455,-9.373711,0.906395,103.212256,-72.065138,13.613042,-3.666677,0.608668,1.619462,-1.294192,-7.649385,-3.531494,0.0,0.0,0.0,0.0,0.0,0.0,0.0,0.0,0.0,
3.78,44.8736,19.5442,124.232,52.724,132.109,65.0155,0.0,247.382,0.0,0.0,60.2565,332.861,1648.27,1263.33,209.32,450.965,399.162,0.0,593.113,305.769,0.0,0.0,0.0,45.8781,27.2084,201.58,744.243,0.002526,27.8452,136.733,3.64884,538.054,99.9924,3234.72,424.231,0.000487,620.949,991.602,1559.82,2227.54,0.0,0.0,0.0,17.4871,38.3021,490.023,0.0,0.0,187.334,0.0,0.0,4.27406,62.1178,121.76,0.0,0.0,188.132,366.289,346.037,124.186,45.8877,13.9893,15.7586,22.7562,16.2052,22.0147,0.0,35.634,112.86,0.0,0.0,539.681,0.0,239.146,52.7752,94.6048,0.0,0.0,1889.61,3336.96,9042.47,4745.92,0.0,0.0,0.0,0.0,0.0,0.0,4.027102,-0.010678,0.419967,-0.303925,0.0,0.0,0.0,2.0399,-0.373873,-0.299958,-0.554759,126.241127,-1434.176451,575.690302,22.227054,38.547298,8.584793,-70.404548,-18.277127,36.690578,-49.788602,-15.269558,11.705064,-3.663623,-2.50353,-8.452117,0.880428,101.722078,-73.018176,12.221759,-3.877964,0.643181,1.711459,-0.702915,-7.836394,-3.580735,0.0,0.0,0.0,0.0,0.0,0.0,0.0,0.0,0.0,
3.785,40.6575,19.4789,114.049,41.6064,119.45,63.1849,0.0,276.018,0.0,0.0,60.2069,328.179,1696.28,1155.73,193.791,404.314,351.759,0.0,557.587,271.789,0.0,0.0,0.0,39.4424,29.5102,206.752,747.638,0.0,29.536,206.346,4.061,531.774,108.741,3337.44,436.578,0.000512,647.694,932.819,1493.93,2126.59,0.0,0.0,0.0,16.665,40.9558,523.307,0.0,0.0,213.799,0.0,0.0,4.82562,61.8379,120.673,0.0,0.0,198.971,384.769,366.829,136.847,52.3394,17.4175,17.865,26.3542,16.6611,24.6213,0.0,35.3138,111.961,0.0,0.0,474.07,0.0,292.006,60.349,76.8412,0.0,0.0,1883.67,3300.02,8872.06,4650.88,0.0,0.0,0.0,0.0,0.0,0.0,3.741461,-0.034025,0.401774,-0.269101,0.0,0.0,0.0,1.988166,-0.349257,-0.340153,-0.540933,106.485404,-1435.841633,585.67598,21.172822,37.719052,8.992185,-76.674075,-19.228593,35.506735,-51.579431,-23.406701,10.086509,-4.68832,-1.299524,-7.370518,0.843466,99.121466,-71.857397,10.887339,-4.094829,0.610783,1.756099,-0.151246,-7.991716,-3.636132,0.0,0.0,0.0,0.0,0.0,0.0,0.0,0.0,0.0,
3.79,36.8624,19.6047,104.147,31.9125,106.935,61.1224,0.0,304.552,0.0,0.0,60.2912,323.196,1742.23,1125.76,177.263,358.143,300.488,1e-06,520.312,236.26,0.0,0.0,0.0,31.3825,31.8536,211.723,750.213,0.0,31.4193,287.232,4.44513,530.666,117.577,3396.17,456.223,0.000462,672.63,869.736,1415.54,2005.47,0.0,0.0,0.0,14.916,43.3745,556.71,0.0,0.0,242.196,10.0865,0.0,5.36421,61.5373,119.519,0.0,3.9e-05,210.756,404.698,387.843,149.385,59.3075,21.3202,20.1291,30.2571,19.6414,27.2834,0.0,34.9799,111.017,0.0,0.0,414.171,0.0,350.486,68.4986,60.0904,0.0,0.0,1877.05,3251.0,8680.14,4543.18,0.0,0.0,0.0,0.0,0.0,0.0,3.390652,-0.05299,0.375268,-0.229576,0.0,0.0,0.0,1.908109,-0.319543,-0.377402,-0.520881,81.935249,-1430.945517,594.650016,22.660767,35.782444,9.818567,-81.551776,-18.289867,33.649758,-55.131966,-27.433726,8.060665,-5.736048,0.105206,-6.128745,0.793877,95.464895,-68.409335,9.650317,-4.323465,0.506666,1.745518,0.319588,-8.073395,-3.683117,0.0,0.0,0.0,0.0,0.0,0.0,0.0,0.0,0.0,
3.795,33.5224,19.9082,94.6763,23.4428,94.4894,58.8945,0.0,331.28,0.0,0.0,60.2417,317.211,1782.29,1173.98,160.103,314.258,247.531,1e-06,479.662,201.056,0.0,0.0,0.0,23.8973,34.2196,215.159,750.294,0.000245,33.6511,382.356,4.8049,534.093,126.284,3401.01,485.457,0.00037,693.486,804.586,1326.25,1868.98,0.0,0.0,0.0,12.2352,45.479,589.375,0.0,0.0,273.637,17.4565,0.375526,5.93297,61.2103,118.275,0.0,0.0,223.467,425.929,408.673,161.704,66.7005,25.395,22.4991,34.4299,24.3247,29.9582,0.0,34.6198,110.004,0.0,0.0,357.351,0.0,413.703,77.1265,43.9466,0.0,0.0,1869.76,3190.15,8466.45,4422.97,0.0,0.0,0.0,0.0,0.0,0.0,2.985213,-0.067523,0.340178,-0.18677,0.0,0.0,0.0,1.796355,-0.285915,-0.408556,-0.493706,52.782982,-1417.438309,602.322878,26.407968,32.78444,11.518235,-84.560236,-15.533682,31.311163,-59.98893,-27.368188,5.60386,-6.719786,1.654908,-4.721527,0.730246,90.844855,-62.603713,8.52079,-4.568621,0.329336,1.674159,0.675358,-8.04305,-3.705896,0.0,0.0,0.0,0.0,0.0,0.0,0.0,0.0,0.0,
3.8,30.5986,20.3454,85.4313,16.079,81.9489,56.4765,0.0,354.364,0.0,0.0,59.8098,309.443,1814.13,1199.95,143.018,273.604,193.935,1e-06,436.026,170.711,0.0,2e-06,0.0,18.1519,36.6114,215.971,746.263,0.000848,36.4217,473.005,5.14964,541.433,134.634,3342.14,519.268,0.00032,708.266,738.24,1227.68,1720.65,0.0,0.0,0.0,8.80098,47.2152,620.396,0.0,0.0,309.539,17.129,2.58329,6.58366,60.8444,116.891,0.0,0.0,237.037,448.19,428.861,173.874,74.3801,29.9145,24.9428,38.8214,29.4983,32.6051,0.0,34.2148,108.88,0.0,0.0,303.569,0.0,484.982,86.1139,27.9849,0.0,0.0,1861.65,3117.92,8232.31,4291.27,0.0,0.0,0.0,0.0,0.0,0.0,2.539017,-0.077777,0.296639,-0.142408,0.0,0.0,0.0,1.649669,-0.249522,-0.431048,-0.458823,18.877979,-1393.804117,608.557654,31.962511,28.729215,13.979261,-84.691583,-11.626078,28.733857,-63.831015,-27.012228,2.690027,-7.553605,3.291349,-3.138711,0.651617,85.391184,-54.487474,7.476147,-4.834316,0.081486,1.539994,0.891146,-7.870365,-3.688614,0.0,0.0,0.0,0.0,0.0,0.0,0.0,0.0,0.0,
3.805,28.0499,20.8689,76.1426,9.83803,69.6704,53.8289,0.0,373.128,0.0,0.0,58.7039,299.068,1833.89,1289.54,127.0,235.789,139.339,1e-06,391.648,149.779,0.0,1.2e-05,0.0,13.9173,39.0213,213.245,736.292,0.0,39.8099,558.21,5.49011,552.017,142.437,3209.78,553.11,0.00018,713.999,670.252,1121.62,1563.12,0.0,0.0,5e-06,4.93394,48.5362,648.854,0.0,0.0,350.305,20.2062,4.96585,7.36906,60.4215,115.3,0.0,0.0,251.313,471.071,447.88,186.08,82.1769,34.7985,27.4427,43.378,35.105,35.1842,0.0,33.7436,107.59,0.0,0.0,254.69,0.0,569.332,95.3228,12.6722,0.0,0.0,1852.44,3032.27,7980.21,4148.15,0.0,0.0,0.0,0.0,0.0,0.0,2.068267,-0.08404,0.245327,-0.098347,0.0,0.0,0.0,1.464788,-0.211438,-0.443096,-0.415924,-20.206391,-1359.117827,613.373107,38.713368,23.594166,16.641604,-82.352289,-6.794358,26.195218,-68.665088,-23.459282,-0.692731,-8.148408,4.944412,-1.368801,0.557808,79.268012,-44.231818,6.463381,-5.124598,-0.229426,1.345525,0.952046,-7.536469,-3.616721,0.0,0.0,0.0,0.0,0.0,0.0,0.0,0.0,0.0,
3.81,25.8227,21.4238,66.8107,4.87748,58.4355,50.9897,0.0,387.676,0.0,0.0,56.6561,285.395,1838.55,1331.47,112.527,200.541,82.3354,2e-06,349.853,140.455,0.0,2e-06,0.0,10.8271,41.4399,206.631,718.627,0.000206,43.9114,634.412,5.86689,565.163,149.516,2995.2,584.596,5.7e-05,708.036,600.119,1010.69,1401.27,0.0,0.0,0.0,1.21212,49.4153,673.931,0.0,0.0,395.66,24.8643,6.9234,8.33337,59.9221,113.435,0.0,0.0,266.058,493.998,465.175,198.498,89.9001,39.8077,29.9975,48.0466,41.2599,37.6578,0.0,33.1858,106.079,0.0,0.0,211.474,0.0,667.903,104.767,1.23027,0.0,0.0,1841.78,2933.58,7707.96,3989.36,0.0,0.0,0.0,0.0,0.0,0.0,1.590289,-0.086673,0.187541,-0.05638,0.0,0.0,0.0,1.238393,-0.172618,-0.44379,-0.364936,-64.896294,-1313.081969,616.858133,45.984169,17.388177,18.801857,-78.263165,-1.259182,23.900972,-71.135422,-21.31478,-4.539292,-8.42246,6.541199,0.597422,0.449666,72.66904,-32.130515,5.405459,-5.444123,-0.591065,1.098309,0.852517,-7.035843,-3.478368,0.0,0.0,0.0,0.0,0.0,0.0,0.0,0.0,0.0,
3.815,23.8793,21.9678,57.7437,1.58781,48.6223,48.0574,5.3e-05,398.258,0.0,0.0,53.5075,268.081,1826.18,1346.3,99.6221,169.52,35.0561,2e-06,313.68,145.489,0.0,0.0,0.0,8.63257,155.585,196.506,692.05,0.000164,48.7386,697.696,6.29228,580.254,155.76,2690.82,612.91,0.0,689.152,528.099,897.017,1243.23,0.0,0.0,0.0,0.0,49.8271,694.975,0.0,0.0,445.033,29.6922,8.68332,9.50524,59.3297,111.247,2.1e-05,0.0,280.97,516.339,480.192,211.542,97.3915,44.74,32.6208,52.7965,47.8397,39.9848,0.0,32.5282,104.311,0.0,0.0,173.308,0.0,780.514,114.542,0.0,0.0,0.0,1829.31,2823.2,7408.88,3817.47,0.0,0.0,0.0,0.0,0.0,0.0,1.122267,-0.086055,0.125208,-0.018054,0.0,0.0,0.0,0.967251,-0.133864,-0.433066,-0.305995,-115.48562,-1255.91399,619.046983,53.115899,10.163484,19.788775,-75.783938,4.828219,21.384784,-71.721955,-20.446597,-8.82015,-8.305308,8.008624,2.76265,0.329208,65.811757,-18.588392,4.210678,-5.798336,-0.986649,0.810821,0.594839,-6.376571,-3.26564,0.0,0.0,0.0,0.0,0.0,0.0,0.0,0.0,0.0,
3.82,22.1828,22.4668,49.2921,0.014234,40.2077,45.1051,0.000118,405.333,0.0,0.0,49.3362,247.244,1794.92,1324.58,88.186,143.417,4.68558,3e-06,282.932,162.313,0.0,0.0,0.0,7.11258,245.135,184.109,656.417,7.6e-05,54.3484,745.739,6.75874,596.815,161.126,2290.04,638.131,0.0,658.974,455.931,779.701,1090.38,0.0,0.0,0.0,0.0,49.7457,711.337,0.0,0.0,497.139,34.8343,10.5947,10.8918,58.634,108.71,9e-06,0.0,295.697,537.473,492.44,225.586,104.636,49.4525,35.3011,57.5846,54.6457,42.132,0.0,31.767,102.269,0.0,0.0,139.192,0.0,905.111,124.714,0.0,0.0,0.0,1814.78,2702.47,7087.75,3634.42,0.0,0.0,0.0,0.0,0.0,0.0,0.680083,-0.082538,0.0608,0.015481,0.0,0.0,0.0,0.648544,-0.095804,-0.411602,-0.23942,-172.1713,-1188.149466,619.81974,59.507674,1.992051,18.977038,-70.939593,10.242826,20.023936,-70.437974,-22.078411,-13.480787,-7.749486,9.283823,5.119737,0.199681,58.930975,-4.099907,2.783599,-6.193195,-1.395889,0.499616,0.187178,-5.578988,-2.975402,0.0,0.0,0.0,0.0,0.0,0.0,0.0,0.0,0.0,
3.825,20.7048,22.895,41.7136,0.0,33.1567,42.1909,0.000156,409.504,0.0,0.0,44.7078,223.509,1743.61,1265.31,78.0881,121.625,0.0,4e-06,256.301,184.424,0.0,0.0,0.0,6.07796,274.947,171.424,614.471,0.0,60.7437,777.568,7.2495,614.519,165.628,1787.78,660.339,0.0,624.41,387.154,657.24,942.304,0.0,0.0,0.0,0.002534,49.1331,722.562,0.0,0.0,550.252,40.5409,12.8082,12.4818,57.8317,105.835,0.0,0.0,309.868,556.804,501.471,240.309,112.152,54.2524,38.0317,62.4012,61.5406,44.0697,0.0,30.9089,99.966,0.0,0.0,108.852,0.0,1037.99,135.202,0.025921,0.0,0.0,1798.03,2573.4,6748.31,3443.39,0.0,0.0,0.0,0.0,0.0,0.0,0.277349,-0.076417,-0.002841,0.043562,0.0,0.0,0.0,0.280331,-0.058887,-0.380658,-0.165717,-235.057109,-1110.544238,618.834659,64.684503,-7.038491,15.803175,-63.241245,13.845092,20.116981,-67.306786,-27.261783,-18.463557,-6.763887,10.343252,7.649462,0.065374,52.271642,10.78102,1.036166,-6.634434,-1.796333,0.183884,-0.358284,-4.673019,-2.609633,0.0,0.0,0.0,0.0,0.0,0.0,0.0,0.0,0.0,
3.83,19.3735,23.1787,35.1513,0.0,27.3616,39.3111,0.000138,411.318,0.0,0.0,40.3808,197.467,1669.32,1162.23,69.4296,103.366,0.0,3e-06,233.66,205.402,0.0,0.0,0.0,5.39525,187.457,160.431,571.027,0.0,67.8518,792.048,7.74244,633.106,169.302,1185.57,679.443,0.0,590.046,326.549,536.621,802.758,0.0,0.0,0.0,0.006609,47.9783,728.262,0.0,0.0,602.698,46.3567,15.3179,14.2484,56.93,102.661,0.0,0.0,323.126,573.802,506.952,255.888,119.276,59.1489,40.7942,67.2938,68.3972,45.767,0.0,29.9699,97.4398,0.0,0.0,82.4555,0.0,1176.05,145.83,0.015868,0.0,0.0,1779.06,2438.05,6396.07,3247.54,0.0,0.0,0.0,0.0,0.0,0.0,-0.075274,-0.067902,-0.062743,0.066034,0.0,0.0,0.0,-0.137904,-0.023411,-0.341882,-0.085582,-303.995797,-1024.034225,615.631394,68.283283,-16.83497,9.91767,-53.447999,15.970626,21.532762,-61.641869,-37.352861,-23.682105,-5.380828,11.171169,10.317511,-0.068701,46.08058,25.477489,-1.102233,-7.126512,-2.164948,-0.116406,-1.026846,-3.694713,-2.175195,0.0,0.0,0.0,0.0,0.0,0.0,0.0,0.0,0.0,
3.835,18.0848,23.179,29.8033,0.002806,22.6159,36.4106,7.9e-05,411.067,0.0,0.0,36.6455,169.598,1568.44,1009.72,62.5828,88.2363,0.0,2e-06,216.187,224.002,0.0,0.0,0.0,4.9163,116.09,152.109,529.109,0.0,75.4479,787.135,8.20193,652.283,172.149,514.594,695.037,0.0,555.4,276.241,428.167,678.629,0.0,0.0,0.0,0.002791,46.3181,728.32,0.0,0.0,653.081,52.3996,18.0612,16.1567,55.9424,99.2525,0.0,0.0,335.166,588.081,508.753,272.289,126.019,63.3152,43.5588,72.3026,75.1347,47.1984,0.0,28.9723,94.7461,0.0,0.0,60.1769,0.0,1316.58,156.38,0.004823,0.0,0.0,1758.01,2299.0,6037.77,3051.4,0.0,0.0,0.0,0.0,0.0,0.0,-0.370424,-0.057104,-0.116065,0.083202,0.0,0.0,0.0,-0.604716,0.010448,-0.297128,7.7e-05,-378.456509,-929.802295,609.735702,70.080007,-27.27046,1.31467,-46.64257,17.750954,22.954591,-52.708407,-52.847063,-29.026176,-3.660796,11.765029,13.074951,-0.197158,40.596722,39.428974,-3.676654,-7.67143,-2.479755,-0.382463,-1.802283,-2.682563,-1.683135,0.0,0.0,0.0,0.0,0.0,0.0,0.0,0.0,0.0,
3.84,16.7239,22.7309,25.9567,0.001202,18.6548,33.4212,1.9e-05,408.812,0.0,0.0,33.2804,140.76,1437.51,803.844,58.0345,76.9335,0.003629,1e-06,205.458,242.55,0.0,0.0,1.2e-05,4.53619,87.769,145.753,488.749,0.0,83.2198,756.459,8.59378,671.525,174.084,2.49479,706.552,0.0,518.756,234.378,337.398,575.75,0.0,0.0,0.0,0.000466,44.2269,722.924,0.0,0.0,700.24,58.6005,20.9776,18.1683,54.8893,95.6891,0.0,0.0,345.729,599.37,506.949,289.369,132.578,66.9285,46.2923,77.4407,81.8042,48.3537,0.0,27.9418,91.9508,0.0,0.0,42.0221,0.0,1454.61,166.617,0.0,0.0,0.0,1735.25,2159.27,5682.21,2859.92,0.0,0.0,0.0,0.0,0.0,0.0,-0.604077,-0.044064,-0.160351,0.09572,0.0,0.0,0.0,-1.116244,0.042588,-0.248295,0.090128,-457.445294,-829.406476,600.803084,70.008182,-38.15083,-9.582844,-43.462967,19.72589,24.239139,-40.588211,-66.468614,-34.372036,-1.692684,12.138479,15.86096,-0.314665,36.03954,52.129534,-6.700938,-8.267629,-2.721333,-0.59842,-2.667299,-1.674135,-1.147669,0.0,0.0,0.0,0.0,0.0,0.0,0.0,0.0,0.0,
3.845,15.1951,21.6887,23.9239,0.000378,15.2741,30.2844,0.0,404.371,4e-06,0.0,29.8157,111.859,1273.9,547.021,56.3003,70.5524,0.0,1e-06,202.91,261.878,0.0,0.0,0.0,4.17178,78.6274,139.213,448.78,0.0,90.733,653.152,8.87564,689.835,174.887,0.289062,713.536,0.0,475.324,202.414,266.121,493.253,0.0,0.0,0.0,0.0,41.8151,712.596,0.0,0.0,743.246,64.7822,24.0081,20.239,53.7961,92.0637,0.0,5e-05,354.654,607.595,501.857,306.93,138.72,70.0582,48.9554,82.6894,88.502,49.2416,0.0,26.9074,89.1278,0.0,0.0,27.6705,0.0,1587.06,176.321,0.0,0.0,0.0,1711.28,2022.0,5337.34,2676.24,0.0,0.0,0.0,0.0,0.0,0.0,-0.775307,-0.028801,-0.193727,0.104456,0.0,0.0,0.0,-1.665874,0.072953,-0.197207,0.183195,-539.49716,-724.954607,588.714679,68.21779,-49.178991,-21.900324,-41.325509,21.177377,25.567263,-27.961673,-64.451303,-39.616778,0.391819,12.337476,18.606776,-0.416521,32.59569,63.160863,-10.154563,-8.909113,-2.874117,-0.752654,-3.60355,-0.703396,-0.585048,0.0,0.0,0.0,0.0,0.0,0.0,0.0,0.0,0.0,
3.85,13.4494,19.9869,23.9306,0.0,12.3242,27.0682,0.0,397.376,0.0,0.0,25.9024,83.6484,1078.23,255.523,57.9257,69.8618,0.001833,1e-06,210.149,280.255,0.0,0.0,0.0,3.7745,76.3732,131.207,408.57,0.0,97.5145,446.004,9.01655,705.491,174.187,0.0,715.735,0.0,423.217,182.869,215.856,419.71,0.0,0.0,0.0,0.0,39.2004,698.131,0.0,0.0,781.37,70.8387,27.0981,22.3274,52.6893,88.4666,0.0,0.0,361.82,612.769,493.934,324.696,144.397,72.5019,51.5184,87.9982,95.2116,49.8878,0.0,25.8956,86.3463,0.0,0.0,16.8828,0.0,1713.07,185.277,0.0,0.0,0.0,1686.62,1890.66,5007.92,2502.89,0.0,0.0,0.0,0.0,0.0,0.0,-0.885892,-0.011374,-0.215043,0.110338,0.0,0.0,0.0,-2.244059,0.101486,-0.145541,0.277651,-622.64338,-619.142622,573.643176,65.114299,-59.984588,-34.24543,-38.2479,21.642286,26.972914,-17.917563,-66.197692,-44.638809,2.466602,12.399446,21.237423,-0.49892,30.404404,72.216762,-13.981825,-9.584867,-2.927452,-0.838582,-4.591332,0.20109,-0.012482,0.0,0.0,0.0,0.0,0.0,0.0,0.0,0.0,0.0,
3.855,11.4849,17.6581,26.1366,0.0,9.69218,24.2466,0.0,387.077,0.0,0.0,21.5799,56.7098,856.049,8.0255,63.6948,75.3856,0.00388,1e-06,229.465,291.253,0.0,0.0,0.0,3.34902,77.0732,122.028,368.553,0.0,103.152,247.751,9.00619,715.974,171.662,0.567318,710.036,1.497,365.735,176.392,187.586,339.558,0.0,0.0,0.0,0.0,36.4926,680.44,0.0,0.0,814.226,76.6804,30.1954,24.396,51.5939,84.9752,0.0,0.0,367.105,614.939,483.689,342.293,149.443,74.1781,53.9598,93.2762,101.77,50.3266,0.0,24.9279,83.6646,0.0,0.0,9.35494,0.0,1830.02,193.32,0.0,0.0,0.0,1661.77,1768.19,4699.26,2342.12,0.0,0.0,0.0,0.0,0.0,0.0,-0.939829,0.00807,-0.223931,0.114226,0.0,0.0,0.0,-2.838269,0.128093,-0.094793,0.371613,-704.63844,-515.163334,556.096197,61.298097,-70.158236,-44.938303,-36.063948,23.264266,28.561474,-8.263323,-68.571824,-49.316393,4.410651,12.360184,23.677042,-0.559256,29.542663,79.116646,-18.092917,-10.278586,-2.876365,-0.854906,-5.609049,1.017064,0.552773,0.0,0.0,0.0,0.0,0.0,0.0,0.0,0.0,0.0,
3.86,9.35109,14.8284,30.6476,0.0,7.37143,22.3112,0.0,372.377,0.0,0.0,17.1375,32.4876,618.26,0.0,74.9472,88.5241,0.003824,1e-06,263.692,273.721,3e-06,0.0,0.0,5.03315,78.9125,112.697,329.238,2e-06,107.322,117.044,8.85118,718.152,167.057,0.322765,695.985,149.48,308.061,183.271,181.736,258.7,0.0,0.0,0.0,0.0,33.7732,660.502,0.0,0.0,841.411,82.206,33.2334,26.4029,50.5345,81.6615,0.0,0.0,370.345,614.103,471.582,359.3,153.613,74.8822,56.2661,98.3946,107.91,50.5886,0.0,24.0247,81.1365,0.0,0.0,4.64881,0.0,1935.08,200.288,0.0,0.0,2.99751,1637.29,1656.41,4416.41,2196.4,0.0,0.0,0.0,0.0,0.0,0.0,-0.942814,0.029243,-0.220798,0.116807,0.0,0.0,0.0,-3.433082,0.152609,-0.046275,0.46295,-783.325096,-416.291654,536.890704,57.381544,-79.33881,-52.473829,-34.909826,26.575334,29.643911,-0.910922,-68.741723,-53.524127,6.125236,12.245125,25.853074,-0.596289,30.011595,83.807073,-22.366531,-10.968684,-2.722057,-0.805366,-6.632584,1.728689,1.094078,0.0,0.0,0.0,0.0,0.0,0.0,0.0,0.0,0.0,
3.865,7.1663,11.6883,37.4527,0.0,9.73122,21.565,0.0,352.05,0.0,0.0,13.0494,13.3498,383.329,0.0,93.7034,112.767,0.002158,1e-06,312.075,227.481,0.0,0.0,0.0,13.3382,80.3735,104.276,292.169,0.001813,109.858,52.1158,8.56702,708.791,159.673,0.198733,681.699,195.349,256.092,204.794,198.991,193.683,0.0,0.0,0.0,0.0,31.0853,639.091,0.0,0.0,862.274,87.3647,36.1391,28.3045,49.5345,78.5907,0.0,0.0,371.326,610.177,457.944,375.298,156.61,74.364,58.4355,103.208,113.289,50.6919,0.0,23.2045,78.8092,0.0,0.0,2.19398,0.0,2025.53,205.995,0.0,0.0,23.4679,1613.69,1556.59,4162.87,2067.03,0.0,0.0,0.0,0.0,0.0,0.0,-0.901765,0.051671,-0.206762,0.118539,0.0,0.0,0.0,-4.010398,0.174776,-0.001129,0.549289,-856.841315,-325.412168,517.006955,53.820447,-87.228785,-55.962252,-33.480614,31.30019,30.408396,9.261277,-65.013985,-57.16449,7.507014,12.090106,27.69809,-0.610097,31.725749,86.351537,-26.653613,-11.628532,-2.472083,-0.698106,-7.634664,2.326046,1.595857,0.0,0.0,0.0,0.0,0.0,0.0,0.0,0.0,0.0,
3.87,5.81262,8.4558,46.3666,0.0,17.9893,22.0437,0.0,325.113,0.0,0.000417,9.75973,2.15124,177.432,0.296979,122.123,153.819,0.000903,1e-06,351.532,169.652,0.0,0.0,0.0,26.2917,80.6852,97.5134,260.091,0.007386,110.767,33.6389,8.16945,685.05,149.11,0.041659,675.216,192.287,213.239,243.045,240.765,151.095,0.0,0.0,0.0,0.0,28.4301,616.709,0.0,0.0,875.922,92.1195,38.8456,30.0622,48.6135,75.8147,0.0,0.0,369.795,603.037,442.96,389.762,158.106,72.3854,60.4299,107.528,117.518,50.6303,0.0,22.4799,76.719,0.0,0.0,1.41483,0.0,2098.41,210.21,0.0,0.0,29.6507,1591.44,1469.42,3940.79,1954.71,0.0,0.0,0.0,0.0,0.0,0.0,-0.824389,0.074681,-0.183543,0.11962,0.0,0.0,0.0,-4.549751,0.194239,0.039652,0.628046,-923.361853,-244.696834,497.367468,50.867749,-93.623426,-55.141622,-30.541887,36.600374,31.308323,21.503826,-58.951333,-60.126928,8.500488,11.907105,29.152176,-0.602104,34.50687,86.909999,-30.782009,-12.226853,-2.140205,-0.544817,-8.5843,2.804205,2.043825,0.0,0.0,0.0,0.0,0.0,0.0,0.0,0.0,0.0,
3.875,7.14752,5.31953,56.8122,0.469217,29.1745,23.3721,0.0,291.959,0.0,0.0,7.53798,0.0,26.0242,0.196424,160.627,217.779,0.0,1e-06,191.258,118.563,0.0,0.0,0.0,39.1513,79.6476,92.8731,235.278,0.0,110.176,39.8151,7.66609,644.779,135.355,0.0,678.824,184.094,181.108,300.038,308.668,129.479,0.0,0.0,0.0,0.0,25.7868,593.587,0.0,0.0,881.435,96.4097,41.2994,31.6443,47.7866,73.3693,0.0,0.0,365.532,592.595,426.717,401.975,157.799,68.8348,62.1493,111.102,120.197,50.3792,0.0,21.8589,74.8895,0.0,0.0,2.15028,0.0,2150.6,212.694,0.0,1.33818,28.3509,1570.93,1395.16,3751.03,1859.46,0.0,0.0,0.0,0.0,0.0,0.0,-0.718812,0.097405,-0.153327,0.120008,0.0,0.0,0.0,-5.028722,0.210543,0.075201,0.696455,-980.805763,-175.531674,478.586856,48.635105,-98.376253,-50.276027,-28.996351,33.999067,27.764684,34.635451,-51.305012,-62.298882,9.084232,11.695618,30.163407,-0.574837,38.083684,85.710559,-34.561862,-12.728238,-1.745879,-0.359754,-9.446427,3.162073,2.425077,0.0,0.0,0.0,0.0,0.0,0.0,0.0,0.0,0.0,
3.88,11.3055,2.41339,67.8311,6.94471,40.3526,25.0304,0.0,254.125,0.0,3.40419,6.43611,0.0,0.0,0.116773,206.228,308.65,0.001299,1e-06,48.5752,82.0232,0.0,0.0,0.0,48.3669,77.3477,90.4822,218.445,0.005058,108.23,62.7049,7.05356,586.571,118.881,0.0,691.207,174.441,159.934,385.024,401.521,122.717,0.0,0.0,0.0,0.0,23.1485,569.832,0.0,0.0,878.118,100.158,43.4964,33.0511,47.0562,71.2475,0.0,0.0,358.385,578.871,409.304,410.911,155.45,63.7475,63.4138,113.589,120.948,49.9126,0.0,21.333,73.3112,0.0,0.0,5.26203,0.0,2179.34,213.248,0.0,7.21051,26.8846,1552.37,1333.57,3593.17,1780.73,0.0,0.0,0.0,0.0,0.0,0.0,-0.593248,0.118796,-0.118609,0.119445,0.0,0.0,0.0,-5.423421,0.223139,0.104766,0.751607,-1026.626271,-118.466323,460.832004,47.079063,-101.368587,-42.046036,-23.244796,32.990051,26.314067,47.160046,-39.434156,-63.561932,9.271038,11.442847,30.687177,-0.531673,42.098798,83.016304,-37.79168,-13.093771,-1.313324,-0.158705,-10.181832,3.401157,2.728085,0.0,0.0,0.0,0.0,0.0,0.0,0.0,0.0,0.0,
3.885,17.0386,3.1853,78.5488,12.1704,50.03,26.5439,0.0,211.988,0.0,12.4263,6.36547,0.014308,0.0,0.034814,254.223,437.371,0.0,1e-06,16.0349,59.6295,0.0,0.003385,0.0,53.1998,73.9577,90.2978,209.247,0.004105,105.056,97.7333,6.31644,510.716,100.79,0.0,710.72,155.807,149.066,504.131,512.165,125.979,0.0,0.0,0.0,0.0,20.5275,545.44,0.0,0.0,865.69,103.288,45.4604,34.2996,46.4155,69.4154,0.0,0.0,348.3,562.027,390.845,415.37,150.94,57.2735,64.0135,114.619,119.464,49.2163,0.0,20.8864,71.9549,0.0,0.0,12.0884,0.0,2182.66,211.747,0.0,10.6633,27.1007,1535.76,1283.91,3465.54,1717.45,0.0,0.0,0.0,0.0,0.0,0.0,-0.455656,0.137653,-0.082026,0.117512,0.0,0.0,0.0,-5.709068,0.231387,0.127708,0.790509,-1057.71968,-73.132253,443.676724,45.994683,-102.500038,-31.48635,-11.291794,37.242681,30.167326,61.323921,-27.887483,-63.785798,9.107566,11.12324,30.684445,-0.476537,46.12339,79.090761,-40.264977,-13.281762,-0.870159,0.042042,-10.747498,3.524391,2.942641,0.0,0.0,0.0,0.0,0.0,0.0,0.0,0.0,0.0,
