time,addbrev_r,addlong_r,addmagDist_r,addmagIsch_r,addmagMid_r,addmagProx_r,bflh_r,bfsh_r,edl_r,ehl_r,fdl_r,fhl_r,gaslat_r,gasmed_r,glmax1_r,glmax2_r,glmax3_r,glmed1_r,glmed2_r,glmed3_r,glmin1_r,glmin2_r,glmin3_r,grac_r,iliacus_r,perbrev_r,perlong_r,piri_r,psoas_r,recfem_r,sart_r,semimem_r,semiten_r,soleus_r,tfl_r,tibant_r,tibpost_r,vasint_r,vaslat_r,vasmed_r,addbrev_l,addlong_l,addmagDist_l,addmagIsch_l,addmagMid_l,addmagProx_l,bflh_l,bfsh_l,edl_l,ehl_l,fdl_l,fhl_l,gaslat_l,gasmed_l,glmax1_l,glmax2_l,glmax3_l,glmed1_l,glmed2_l,glmed3_l,glmin1_l,glmin2_l,glmin3_l,grac_l,iliacus_l,perbrev_l,perlong_l,piri_l,psoas_l,recfem_l,sart_l,semimem_l,semiten_l,soleus_l,tfl_l,tibant_l,tibpost_l,vasint_l,vaslat_l,vasmed_l,lumbar_ext,lumbar_bend,lumbar_rot,shoulder_flex_r,shoulder_add_r,shoulder_rot_r,elbow_flex_r,pro_sup_r,wrist_flex_r,wrist_dev_r,shoulder_flex_l,shoulder_add_l,shoulder_rot_l,elbow_flex_l,pro_sup_l,wrist_flex_l,wrist_dev_l,FX,FY,FZ,MX,MY,MZ,hip_flexion_r_reserve,hip_adduction_r_reserve,hip_rotation_r_reserve,knee_angle_r_reserve,ankle_angle_r_reserve,hip_flexion_l_reserve,hip_adduction_l_reserve,hip_rotation_l_reserve,knee_angle_l_reserve,ankle_angle_l_reserve,lumbar_extension_reserve,lumbar_bending_reserve,lumbar_rotation_reserve,arm_flex_r,arm_add_r,arm_rot_r,arm_flex_l,arm_add_l,arm_rot_l,calcn_r_Right_transformedP_Fx,calcn_r_Right_transformedP_Fy,calcn_r_Right_transformedP_Fz,calcn_r_Right_transformedP_px,calcn_r_Right_transformedP_py,calcn_r_Right_transformedP_pz,calcn_r_Right_transformedP_Tx,calcn_r_Right_transformedP_Ty,calcn_r_Right_transformedP_Tz
4.925,16.0464,20.2065,16.8956,16.2482,19.476,5.7925,0,12.2236,0,20.8421,0.277363,0.242341,45.4576,0,0.913995,13.336,119.656,0,509.038,0.30452,0,473.81,0.054546,15.7651,12.2868,58.6529,101.472,0.6527,44.8377,0.738101,4.9063,550.657,0.69712,0,579.288,25.7719,3.29754,0,0,39.4153,0,0,71.2006,870.35,0,0,533.768,0,4.44684,8.30171,59.0797,110.753,0,0,386.027,841.369,822.202,0.34472,48.0227,87.5963,0,0,1.40106,23.4867,0,32.7665,104.127,0,0,141.577,0,672.518,92.9326,12.6561,0,0,1811.03,3351.11,9064.36,4758.93,0,0,0,0,0,0,9.623276,0.356672,1.284224,0.594603,0,0,0,0.597398,-0.088909,-0.481514,-0.157822,100.688487,664.575616,-23.472507,-64.129098,-35.563298,11.772471,-22.599862,33.727946,24.696115,4.632119,3.298614,72.682665,2.512063,-7.827717,-2.771552,3.94698,41.61288,-19.715241,-36.245442,-1.174248,-7.674691,3.191944,-14.008142,-3.999276,-5.290124,0,0,0,0,0,0,0,0,0
4.93,48.1037,57.7034,25.0359,14.4947,37.4516,18.4703,0,9.83988,0.000003,41.1273,0,0,0,0,0.000003,0,35.1974,0,307.783,2.53491,0.000001,631.081,5.47184,25.3613,412.276,45.0488,77.9424,7.35926,68.0074,50.6917,98.6753,471.602,0,0,639.467,142.571,0,7.59434,0,60.4814,0,0,63.3877,843.24,0,0,593.574,12.5394,6.4174,9.57774,58.6263,108.997,0,0,389.159,831.964,787.798,20.8595,60.2434,95.0171,0,0,12.391,29.3784,0,32.1259,102.685,0,0,115.737,0,812.303,111.332,0.365515,0,0,1804.13,3234.64,8642.21,4521.14,0,0,0,0,0,0,8.789293,0.328836,1.123602,0.509792,0,0,0,1.602328,-0.079307,-0.224394,-0.261513,78.050771,589.700572,-10.198159,-60.382972,-8.563469,34.704232,-32.268849,33.630515,19.755932,5.129455,-3.719797,56.862904,-5.04921,-1.170395,4.66576,3.597679,45.856957,-15.546016,-29.334106,-1.438418,-7.587105,2.502136,-8.918255,-2.216093,-3.435429,0,0,0,0,0,0,0,0,0
4.935,150.552,130.287,87.7402,21.6078,108.918,118.2,0,23.6211,0,61.02,0,0,0,0,0,29.1921,28.8531,0,265.495,16.2417,0,853.05,17.4306,41.9853,943.258,43.3105,73.0746,22.1128,237.56,190.42,211.675,412.452,0,0,712.229,289.619,0.000001,35.8732,0.000001,94.0195,0,0,57.2794,809.213,0,0,635.51,32.6057,8.30661,10.6959,58.1772,107.335,0,0.000022,378.833,804.947,745.882,30.4604,62.8338,89.8063,0,0,15.847,32.0448,0,31.5882,101.325,0,0,100.007,0,926.524,120.999,0,0,0,1796.36,3106.14,8208.74,4277.4,0,0,0,0,0,0,7.808317,0.298797,0.951288,0.442224,0,0,0,2.66834,-0.071331,0.007977,-0.360756,53.661047,507.890583,-0.298605,-53.731409,16.156429,51.583768,-46.381523,30.532678,21.408364,8.481937,-9.188602,37.122892,-12.60721,5.416969,12.700032,3.114121,48.120053,-11.246239,-22.969165,-1.934948,-7.402432,1.889131,-4.241523,-0.783895,-1.863677,0,0,0,0,0,0,0,0,0
4.94,233.131,201.531,156.808,29.1277,168.513,205.727,0,29.6908,0,68.4685,0,0,0,0.000089,16.8787,104.88,25.1235,0.000001,177.994,23.7871,0,1047.71,24.3688,52.9808,1421.26,48.7657,81.2339,33.8384,620.741,401.731,293.644,349.911,0.146146,0,786.292,398.844,0,61.4633,0,128.832,0,0,51.8074,768.818,0,0,669.201,36.0886,10.0479,11.7242,57.7126,105.671,0,0,364.589,770.569,699.162,34.0194,62.7742,82.784,0,9.15648,15.7111,34.0211,0,31.0894,99.9755,0,0,88.9251,0,1031.13,128.5,0,0,0,1787.35,2944.67,7744.27,4010.14,0,0,0,0,0,0,6.754645,0.269516,0.778197,0.391994,0,0,0,3.751404,-0.06414,0.21076,-0.455092,27.881865,420.834015,7.052397,-45.222415,37.57753,62.948027,-61.501393,27.476379,23.27742,15.988847,-12.47949,14.044863,-19.540879,11.51917,21.147125,2.515779,48.994163,-6.82752,-17.482358,-2.632364,-7.15964,1.365874,-0.075334,0.270102,-0.616527,0,0,0,0,0,0,0,0,0
4.945,236.755,243.509,193.205,33.2291,176.101,206.681,0.000001,21.5621,0,59.6334,0.000006,0,0,0,32.7157,118.73,13.8754,0,68.4754,23.1919,0,1117.75,25.1177,52.6337,1713.02,58.05,97.9321,36.3629,1143.22,622.967,324.949,277.53,4.07527,0,852.298,436.736,0.000002,76.9631,0,165.391,0,0,46.0034,722.799,0,0,698.982,43.6808,11.8002,12.8177,57.1924,103.833,0,0,346.731,729.572,648.846,38.9485,62.7073,75.2885,0,12.7074,15.8762,36.1367,0,30.5411,98.5022,0,0,79.8733,0,1137.7,136.496,0,0,0,1776.75,2748.63,7213.6,3704.9,0,0,0,0,0,0,5.703277,0.243466,0.614726,0.357131,0,0,0,4.818123,-0.057026,0.380647,-0.545686,1.254216,330.815813,12.912179,-36.208353,55.055632,69.554612,-73.042855,29.312546,21.005196,25.243197,-12.553357,-11.555453,-25.361047,16.860394,29.791243,1.829501,49.086424,-2.325087,-13.183257,-3.498984,-6.901153,0.932771,3.522057,0.923929,0.276041,0,0,0,0,0,0,0,0,0
4.95,199.28,248.892,204.227,34.7751,160.01,170.931,0.000525,8.86188,0.0001,43.579,0.000767,0.002188,0,0.033208,27.2296,114.599,7.02707,0.002072,26.1791,19.3955,0.000708,1005.25,22.5537,44.4232,1835.47,69.2053,120.234,30.6379,1600.1,836.107,317.158,198.887,2.71445,0.021495,904.984,423.273,0.000642,89.0415,0.007809,208.138,0,0,40.0286,673.227,0,0,724.179,54.4605,13.7925,14.1036,56.58,101.683,0,0,326.537,684.507,597.257,44.985,62.3001,66.9646,0,10.1981,16.5522,38.2033,0,29.8901,96.7899,0,0,70.6539,0,1246.74,144.595,0.000931,0,0,1764.19,2525.5,6623.52,3372.92,0,0,0,0,0,0,4.724465,0.22257,0.470087,0.334156,0,0,0,5.845168,-0.049369,0.51632,-0.634846,-25.322812,240.401292,18.384814,-27.926203,67.885109,72.480322,-75.563197,31.269694,17.133912,35.744583,-10.598081,-38.554278,-29.400247,21.068871,38.380005,1.087347,48.970793,2.2058,-10.332074,-4.506695,-6.666926,0.580356,6.532523,1.162933,0.798003,0,0,0,0,0,0,0,0,0
4.955,159.036,228.96,208.952,35.329,145.861,138.908,0.000523,0.213781,0.000096,28.8071,0.000729,0.0021,0.039039,0.034894,28.3788,114.341,5.22184,0.001989,20.4665,14.1318,0.00068,759.946,18.5198,34.4679,1835.12,79.969,145.512,20.4329,1914.81,1116.76,291.82,125.745,0,0.021648,945.793,384.42,0.000618,100.349,0.007595,257.628,0,0,34.1815,622.73,0,0,744.128,64.7937,16.1507,15.6264,55.8564,99.1677,0,0,305.777,638.451,546.497,51.0527,61.456,58.4837,0,11.7437,17.201,40.1126,0,29.1273,94.7946,0,0,60.4436,0,1354.59,152.383,0.000713,0,0,1749.41,2282.68,5993.81,3026.04,0,0,0,0,0,0,3.879359,0.208192,0.351827,0.318657,0,0,0,6.817844,-0.040593,0.618736,-0.72534,-50.803355,152.506738,23.327206,-20.753392,75.861653,72.96539,-71.75307,29.995837,13.378119,49.6705,-7.868619,-65.764869,-31.581399,24.16082,46.657554,0.32639,49.148416,6.696013,-9.113617,-5.631188,-6.489211,0.292125,8.975367,0.983703,0.949695,0,0,0,0,0,0,0,0,0
4.96,130.135,197.173,216.881,35.3641,139.742,118.68,0.000192,0,0.000032,17.237,0.000261,0.000752,0.020269,0.013833,30.1312,113.886,5.48462,0.000712,19.9931,9.04136,0.000244,494.461,14.4898,26.5139,1751.86,86.4014,170.088,9.51874,2037.26,1460.91,262.201,60.1841,0.007144,0.008114,978.87,338.626,0.000267,109.08,0.002749,311.377,0,0,28.6418,573.394,0,0,758.994,75.2682,18.8866,17.3747,55.0194,96.2979,0,0,285.713,593.814,498.515,56.7809,60.2718,50.4721,0,13.2121,17.6911,41.8264,0,28.2645,92.5288,0,0,49.6995,0,1458.08,159.709,0.000198,0,0,1732.26,2032.91,5358.93,2685.48,0,0,0,0,0,0,3.216777,0.20117,0.265529,0.305834,0,0,0,7.728327,-0.030143,0.691167,-0.819638,-74.136165,70.06369,28.425208,-15.534781,78.902835,72.247418,-64.543381,27.326928,10.316767,65.212212,-5.116035,-91.88316,-31.601253,25.993006,54.355502,-0.417251,50.017627,11.069815,-9.616264,-6.849321,-6.388992,0.047253,10.901293,0.398729,0.749625,0,0,0,0,0,0,0,0,0
4.965,110.263,163.242,227.206,34.3089,136.95,103.949,0.00003,0,0.000005,9.79026,0.000038,0.000113,0.005789,0.002108,30.8764,109.197,6.60646,0.000107,19.0766,5.28859,0.000037,243.491,11.5489,21.8525,1619.07,86.6529,189.714,1.35478,2034.48,1848.28,234.596,6.49291,0,0.001059,1006.78,299.044,0.000033,113.005,0.000406,365.574,0,0,23.545,526.825,0,0,768.759,85.6745,21.896,19.2858,54.0879,93.1603,0,0,267.122,552.242,453.676,61.8944,58.7185,43.2685,0,14.1491,18.0492,43.2744,0,27.3351,90.0651,0,0,39.618,0,1554.33,166.277,0,0,0,1712.93,1793.98,4757.17,2369.51,0,0,0,0,0,0,2.771077,0.201863,0.21467,0.290991,0,0,0,8.574113,-0.017504,0.73895,-0.919224,-94.409931,-4.211165,33.425683,-12.383178,77.404788,71.383455,-57.222479,24.919485,8.023861,80.06446,-2.864872,-115.835903,-29.682785,26.717638,61.237795,-1.108509,51.853394,15.252643,-11.819192,-8.134924,-6.374649,-0.17688,12.383727,-0.559622,0.234995,0,0,0,0,0,0,0,0,0
4.97,94.5746,132.604,236.519,31.8473,133.459,90.5255,0,0.017414,0,6.04914,0,0,0,0,31.3344,101.858,8.12611,0,19.1945,3.04834,0,107.156,10.0913,18.9052,1463.46,82.6535,200.087,0,1958.2,2270.83,211.279,0,0.001748,0,1029.9,272.023,0,112.118,0.000312,418.072,0,0,18.9704,484.074,0,0,772.978,95.2643,25.0398,21.2844,53.0929,89.8748,0,0,250.4,514.623,412.432,66.1327,57.0229,37.0569,6.67659,14.966,18.2828,44.3721,0,26.3798,87.5014,0,0,32.1568,0,1639.28,171.656,0,0,0,1691.86,1583.18,4223.01,2094.6,0,0,0,0,0,0,2.561079,0.210191,0.200605,0.269961,0,0,0,9.356913,-0.002253,0.768961,-1.024114,-110.833866,-67.940838,37.687897,-10.908687,71.791694,71.229605,-50.162704,28.032265,7.508919,92.298329,-1.355362,-136.696965,-26.134255,26.49528,67.09418,-1.716611,54.79592,19.179318,-15.589719,-9.454638,-6.44294,-0.402312,13.508512,-1.837167,-0.539658,0,0,0,0,0,0,0,0,0
4.975,80.9614,105.226,242.913,28.4487,128.776,77.9859,0,0.008112,0,4.62803,0,0,0.000483,0,31.729,93.9041,9.81564,0,20.6986,2.06105,0,50.9556,9.96316,16.7675,1305.56,77.5726,198.544,0,1846.91,2611.98,193.06,0,0.001038,0,1048.29,258.714,0,109.858,0.000667,473.857,0,0,14.9623,445.675,0,0,771.042,103.913,28.1692,23.2841,52.0764,86.5884,0,0,235.637,481.242,375.331,69.336,55.2099,31.8775,9.19926,15.6723,18.3689,45.0579,0,25.4457,84.9558,0,0,28.9043,0,1707.4,175.417,0,0,0,1669.73,1409.43,3779.53,1870.6,0,0,0,0,0,0,2.589988,0.225695,0.222662,0.239458,0,0,0,10.082011,0.015896,0.788891,-1.132658,-122.767427,-119.045321,41.411283,-11.193477,62.818646,72.360464,-42.995473,33.907197,7.571446,102.124845,-0.598487,-153.716785,-21.215604,25.442699,71.758107,-2.216942,58.848354,22.802673,-20.690901,-10.765251,-6.581819,-0.648175,14.363181,-3.358924,-1.505895,0,0,0,0,0,0,0,0,0
4.98,69.8493,82.8419,246.568,24.809,124.461,67.3168,0,0.002592,0,4.3897,0,0,0,0,31.9728,86.176,11.5879,0,22.8349,2.00957,0,29.8065,10.7718,15.2365,1160.76,73.425,186.651,0.013861,1723.13,2852.16,179.504,0.151153,0.001119,0,1061.94,255.852,0,108.081,0.000766,537.827,0,0,11.4952,411.641,0,0,762.416,111.713,31.1399,25.1956,51.0852,83.4527,0,0,222.717,451.934,342.483,71.4255,53.2934,27.6536,5.01897,16.1594,18.291,45.2961,0,24.5796,82.5467,0,0,30.1594,0,1753.38,177.215,0,0,0,1647.41,1273.38,3430.05,1696.8,0,0,0,0,0,0,2.84625,0.247577,0.278309,0.197347,0,0,0,10.757888,0.037072,0.806428,-1.241677,-129.918665,-155.952422,43.935619,-12.517835,51.396765,74.948445,-36.527811,39.943949,7.326845,108.971262,-0.421428,-166.49081,-15.565877,23.837396,75.107831,-2.590162,63.883719,26.102287,-26.797847,-12.013616,-6.774198,-0.928388,15.027144,-5.033331,-2.586605,0,0,0,0,0,0,0,0,0
4.985,61.8925,67.0425,248.648,21.5062,122.309,59.2147,0,0,0,4.4347,0,0,0.003541,0,32.0785,79.0507,13.44,0,25.0658,2.67431,0,21.9958,12.0765,14.2712,1039.62,70.7646,170.338,0.01308,1601.76,3088.32,169.211,0.087573,0.000256,0,1070.72,257.859,0,104.188,0.000519,606.359,0,0,8.50355,381.568,0,0,746.791,118.5,33.8292,26.9397,50.1645,80.6025,0,0,211.348,426.23,313.605,72.2969,51.2458,24.2151,5.32772,16.3711,18.0125,45.0771,0,23.8208,80.3775,0,0,35.4232,7.33114,1773.15,176.821,0,0,13.2731,1625.82,1170.41,3163.7,1566.33,0,0,0,0,0,0,3.305234,0.274764,0.363405,0.142826,0,0,0,11.395839,0.061236,0.8285,-1.346869,-132.156971,-177.666547,44.819514,-14.141408,38.29242,78.831717,-34.425773,46.334584,6.538458,112.237936,-0.534352,-174.841791,-9.65616,21.861541,77.081703,-2.825822,69.661285,29.092486,-33.520069,-13.139616,-7.001513,-1.249485,15.56395,-6.759148,-3.702351,0,0,0,0,0,0,0,0,0
4.99,56.6308,56.5811,250.334,18.9227,123.683,53.4204,0,0,0,4.22719,0.481986,0,0,0,32.1225,72.8084,15.4262,0.000015,27.1736,3.93037,0.000001,19.4127,13.5144,13.8147,939.489,69.4373,155.478,0.005653,1490.64,3318.23,160.644,0.01526,0.000015,0,1074.35,258.8,0.000025,97.2745,0.000178,676.712,0,0,5.89765,354.89,0,0,724.147,123.967,36.0947,28.4262,49.3612,78.1773,0,0,201.17,403.48,288.208,71.8444,48.9927,21.3385,4.79651,16.2583,17.4711,44.4202,0,23.2096,78.552,0,0,44.4647,3.09261,1764.35,174.143,0,0,24.411,1605.96,1095.52,2969.57,1471.58,0,0,0,0,0,0,3.931613,0.305976,0.472495,0.076504,0,0,0,12.00929,0.088166,0.860679,-1.44341,-129.568318,-183.893937,44.228459,-15.661571,24.438473,83.552564,-36.574685,52.266103,5.279769,111.388537,-0.643439,-178.833613,-3.893356,19.668322,77.676629,-2.921684,75.852273,31.828076,-40.426823,-14.081837,-7.246009,-1.60883,16.01636,-8.433978,-4.777841,0,0,0,0,0,0,0,0,0
4.995,53.3821,49.558,252.288,17.1662,129.59,49.4813,0,0,0,3.52499,1.97778,0.490138,0.002275,0,32.1319,67.5076,17.5503,0.000005,29.0067,5.62486,0.000001,18.7434,14.8222,13.7823,854.479,69.1553,144.985,0,1391.82,3476.16,152.821,0,0,0,1072.26,253.998,1.24953,89.5557,0,750.366,0,0,3.60657,330.891,0,0,694.795,127.896,37.7769,29.5575,48.7239,76.3155,0,0,191.838,383.027,265.679,69.9043,46.4418,18.8557,3.81588,15.757,16.6047,43.3632,0,22.7859,77.1726,0,0,57.3723,3.30928,1726.53,169.241,0,0,23.925,1588.82,1044.34,2836.21,1406.22,0,0,0,0,0,0,4.68232,0.339804,0.599164,0.000354,0,0,0,12.612564,0.11746,0.906807,-1.526582,-122.479106,-174.875335,41.724929,-16.161141,10.376753,88.402004,-40.397957,56.867598,3.437989,106.770328,-0.512661,-178.743012,1.385593,17.388193,76.948849,-2.883541,82.073921,34.40575,-47.072921,-14.784839,-7.491081,-1.993661,16.404377,-9.963051,-5.747556,0,0,0,0,0,0,0,0,0
5,51.7782,44.5914,254.667,16.2336,140.866,47.1841,0,0,0.000004,2.37974,3.7664,6.32289,0,0.000046,32.1449,63.5672,19.8166,0.000001,30.4849,7.70262,0,18.5348,15.85,14.0952,780.443,69.6781,139.259,0.017173,1304.77,3530.9,145.274,0,0,0,1063.68,241.147,12.571,82.3269,0,825.648,0,0,1.55668,308.704,0,0,659.307,130.221,38.6681,30.2109,48.3085,75.1787,0,0,183.054,364.241,245.407,66.3837,43.5257,16.641,2.71035,14.8398,15.3858,41.9625,0,22.5991,76.3615,0,0,74.0819,3.62891,1661.14,162.317,0,0.107557,19.6839,1575.54,1012.61,2752.8,1365.33,0,0,0,0,0,0,5.509907,0.374786,0.73644,-0.082462,0,0,0,13.219077,0.148574,0.968861,-1.592305,-111.445018,-151.255165,37.617509,-15.277666,-3.181894,92.528356,-44.206776,59.536748,1.232786,98.411667,0.133568,-175.017569,5.933134,15.126756,75.007418,-2.724636,87.929643,36.959068,-53.023492,-15.206388,-7.719695,-2.381393,16.725991,-11.267013,-6.559766,0,0,0,0,0,0,0,0,0
5.005,51.7232,40.943,257.159,16.0496,157.868,46.4831,0,0,0,1.06179,5.40734,13.8612,0.001964,0.000073,32.1556,61.6429,22.1559,0,31.5796,10.1665,0,18.1768,16.5299,14.7012,713.863,70.8168,137.461,0,1229.31,3437.44,137.975,0,0.000013,0,1047.77,220.355,27.8067,75.6849,104.745,899.834,0,0,0,287.538,0,0,618.363,131.039,38.5075,30.2379,48.1818,74.9646,0,0,174.552,346.532,226.766,61.2989,40.2072,14.592,1.47589,13.5245,13.8294,40.2823,0,22.7094,76.2672,0,0,94.3663,3.64808,1571.19,153.672,0.000059,7.99742,14.867,1567.41,996.444,2710.33,1344.67,0,0,0,0,0,0,6.366137,0.409486,0.877242,-0.167908,0,0,0,13.839216,0.18086,1.046989,-1.637507,-97.233905,-114.089068,32.04423,-12.566769,-15.842542,95.077399,-45.66358,59.765408,-1.227534,88.827076,1.1222,-168.207659,9.669297,12.941543,72.003182,-2.46484,93.051561,39.645708,-57.877111,-15.322902,-7.911686,-2.741498,16.960155,-12.287696,-7.178525,0,0,0,0,0,0,0,0,0
5.01,53.1938,38.2623,259.172,16.8913,179.928,47.3501,0,0.000012,0,0.017139,6.72181,19.952,0,0.000019,32.1358,61.7876,24.4534,0,32.3181,13.0074,0,17.472,16.8703,15.554,652.592,72.4177,138.531,0.005854,1165.86,3242.01,130.922,0,0.000027,0,1023.99,193.526,41.3495,69.5699,165.402,971.357,0,0,0,266.863,0,0,572.714,130.575,37.0187,29.4832,48.4149,75.884,0,0,166.113,329.377,209.215,54.7934,36.4848,12.6096,0.181489,11.8817,11.9893,38.3963,0,23.1781,77.0501,0,0,118.072,3.75495,1460.82,143.688,0.000033,13.0039,9.17216,1565.85,992.516,2700.54,1340.16,0,0,0,0,0,0,7.205607,0.44255,1.014861,-0.251488,0,0,0,14.478282,0.213581,1.139713,-1.660279,-80.856569,-64.768589,25.198905,-7.730552,-27.353695,95.26952,-45.649202,58.383967,-3.789687,76.331933,2.229553,-158.9325,12.625519,10.866055,68.121957,-2.129005,97.140473,42.62702,-61.287231,-15.131757,-8.041301,-3.038968,17.071302,-12.991272,-7.583658,0,0,0,0,0,0,0,0,0
5.015,56.1845,36.3688,260.357,19.8202,205.344,49.7484,0,0,0,0,7.70588,23.9892,0.001142,0.000001,32.0321,63.8666,26.5844,0,32.7065,16.0864,0,16.3821,16.8739,16.6483,596.062,74.3624,141.617,0.005088,1115.03,2971.23,123.789,0,0.000028,0,991.889,163.184,51.2016,64.6163,144.54,1038.42,0,0,0,246.312,0,0,523.201,129.143,33.9463,27.8059,49.0731,78.1402,0,0,157.573,312.326,192.266,47.1797,32.3947,10.6167,0,10.0209,9.95282,36.3807,0,24.0593,78.8672,0,0,145.275,4.02947,1335.25,132.802,0,14.8097,2.37927,1572.29,997.812,2715.49,1347.84,0,0,0,0,0,0,7.989137,0.472745,1.143453,-0.328749,0,0,0,15.134796,0.245942,1.244194,-1.65985,-63.606935,-4.943999,17.846389,-0.990145,-37.373084,92.44752,-44.531618,55.581455,-6.205623,60.972435,3.296096,-147.839228,14.919517,8.916906,63.572496,-1.745056,99.997702,46.041659,-62.98176,-14.649906,-8.076519,-3.238985,17.014666,-13.368681,-7.769095,0,0,0,0,0,0,0,0,0
5.02,60.6388,35.1215,261.077,26.0007,231.819,53.5145,0,0,0,0,8.41663,26.5681,0,0,32.1495,67.7364,28.6986,0,32.7626,19.1709,0,14.9762,16.5604,18.0665,544.46,76.5719,146.155,0.003626,1076.8,2606.22,115.988,0,0.000025,0,951.827,131.496,57.864,61.0654,129.32,1100.98,0,0,0.005158,225.664,0,0,470.885,127.094,29.1378,25.127,50.1962,81.8721,0,0.000016,148.842,295.069,175.556,38.7899,28.0098,8.59432,0,8.05753,7.82565,34.3139,0,25.3768,81.8253,0,0,176.196,4.41471,1202.14,121.448,0,16.1984,0,1587.88,1009.54,2747.62,1363.95,0,0,0,0,0,0,8.686675,0.498973,1.258484,-0.395794,0,0,0,15.799443,0.277139,1.35654,-1.636406,-46.861526,63.526693,10.059806,7.748545,-45.938322,86.229154,-40.818889,51.258806,-8.598052,45.736427,4.296578,-135.5661,16.721183,7.100918,58.573171,-1.341823,101.543959,49.976917,-62.780043,-13.909253,-7.981245,-3.312109,16.741809,-13.43366,-7.7402,0,0,0,0,0,0,0,0,0
5.025,66.2696,34.346,261.927,35.6186,256.997,58.2332,0,0,0,0.002961,8.91388,28.2718,0.000348,0,32.8654,73.2199,65.8945,0.000001,32.5603,22.0704,0,13.4157,16.0192,19.9311,498.635,78.9914,151.769,0.005782,1050.26,2226.1,106.979,0,7.87347,0,904.411,100.125,62.3417,60.685,125.358,1164.07,0,0,0.001547,204.89,0,0,417.141,124.785,22.6532,21.4812,51.7708,87.0717,0,0,139.871,277.398,158.878,29.9384,23.3958,6.52008,0.00214,6.08417,5.68991,32.2803,0,27.1005,85.9217,0,0,211.047,4.90827,1067.37,109.993,0,18.5715,0,1613.13,1025.1,2789.82,1384.99,0,0,0,0,0,0,9.279357,0.520263,1.357082,-0.449785,0,0,0,16.454881,0.306415,1.472111,-1.590852,-31.901975,138.641454,2.919455,17.76789,-52.752069,76.575923,-33.675296,44.799636,-10.236415,33.264851,5.197272,-122.709009,18.215157,5.421274,53.338185,-0.946755,101.822153,54.442632,-60.605834,-12.950006,-7.720662,-3.239124,16.205907,-13.218913,-7.510751,0,0,0,0,0,0,0,0,0
5.03,72.3172,33.7328,262.745,46.4629,278.397,63.055,0,0,0,0.00187,9.24404,29.4439,0,0.000019,34.2263,80.1573,194.184,0.000001,32.2891,24.7635,0,11.9505,15.4667,22.3211,460.919,81.5766,158.195,0,1032.91,1934.09,99.0912,0.000247,26.7681,0,851.3,70.3914,65.3534,62.711,123.029,1224.67,0,0,0.000296,184.212,0,0,363.824,122.542,14.8757,17.0436,53.7115,93.5264,0,0,130.663,259.271,142.286,20.805,18.5775,4.3786,0.00188,4.12314,3.58156,30.3759,0,29.1308,91.0006,0,0,249.692,5.50425,932.384,98.7527,0,21.9654,0.001273,1647.49,1042.07,2835.51,1407.68,0,0,0,0,0,0,9.760479,0.535723,1.438191,-0.489372,0,0,0,17.076453,0.33309,1.585823,-1.524573,-19.88136,218.257419,-3.048095,28.590792,-57.785405,63.760117,-22.635418,36.15871,-10.436492,28.308139,5.970881,-109.790663,19.56578,3.882186,48.06429,-0.583734,100.983806,59.352675,-56.494345,-11.813691,-7.268936,-3.014725,15.366381,-12.771118,-7.100141,0,0,0,0,0,0,0,0,0
5.035,78.5424,32.8721,262.99,57.0467,294.546,66.75,0.000001,0,0,0.000905,9.44041,30.4402,0,0,36.2257,88.3928,354.515,0.000001,32.1552,27.2883,0,10.9321,15.1489,25.2207,431.539,84.2841,165.227,0.000104,1019.91,1694.89,94.6569,0.000104,37.2717,0,794.247,43.4846,67.2926,65.949,118.701,1284.43,0,0,0,164.104,0,0,313.284,120.607,6.64555,12.1188,55.8696,100.814,0,0,121.283,240.813,126.051,11.53,13.5612,2.17579,0.000854,2.16944,1.52458,28.6968,0,31.3171,96.7558,0,0,291.205,6.18083,800.023,88.086,0,26.0001,0.011765,1689.23,1058.38,2879.09,1429.27,0,0,0,0,0,0,10.135133,0.544474,1.502492,-0.515024,0,0,0,17.63369,0.356591,1.692423,-1.439226,-11.679121,300.171781,-7.164166,39.539494,-60.983636,48.338533,-11.820818,27.693443,-10.132566,26.057817,6.591876,-97.232846,20.889441,2.491887,42.91913,-0.271211,99.261564,64.517964,-50.591606,-10.537377,-6.617637,-2.649435,14.192525,-12.145487,-6.531141,0,0,0,0,0,0,0,0,0
5.04,81.2884,31.3963,262.372,67.5213,306.053,68.428,0,0,0,0.000236,9.52616,31.6448,0.000141,0,38.8728,97.8061,509.279,0.000001,32.3074,29.6698,0,10.5375,15.2302,28.5072,407.973,87.0718,172.694,0.012485,1005.79,1468.98,93.7688,0.000015,42.9904,0,735.163,20.5116,68.3667,70.0677,113.744,1343.47,0,0,0,145.242,0,0,267.804,119.098,0.353046,7.11801,58.0712,108.409,0,0,111.864,222.35,110.563,2.58298,8.36857,0.109042,0.000116,0.265143,0,27.3257,0,33.5007,102.808,0,0,334.226,6.90286,675.106,78.3324,0.000098,30.3477,0.005706,1735.75,1072.57,2916.75,1447.88,0,0,0,0,0,0,10.418457,0.545571,1.552015,-0.5292,0,0,0,18.092434,0.376463,1.786748,-1.336609,-7.768003,382.169447,-8.585318,49.771171,-62.272505,31.109702,-2.043572,20.107562,-9.706053,25.137435,7.036923,-85.333592,22.237896,1.263939,38.032307,-0.020885,96.932724,69.653015,-43.145119,-9.150212,-5.782739,-2.169482,12.665926,-11.400592,-5.828369,0,0,0,0,0,0,0,0,0
5.045,82.6446,29.1668,260.62,75.8395,313.138,68.0573,0.000001,0,0,0,9.51788,33.3007,0.000263,0,42.1794,108.34,572.076,0.000002,32.7939,31.9063,0,10.7613,15.7361,31.9889,388.437,89.9009,180.45,0,982.282,1099.83,94.3828,0,47.1325,0,675.537,4.07127,68.7059,75.0593,109.884,1401.72,0,0,0,128.322,0,0,227.69,117.994,0,2.58327,60.1671,115.839,0,0,102.599,204.378,96.2216,0.000974,3.21534,0,0,0.000563,0,26.3136,0,35.5593,108.805,0,0,377.519,7.62828,562.88,69.6464,0.000047,34.7706,0.001544,1784.16,1084.03,2946.98,1462.78,0,0,0,0,0,0,10.632643,0.537928,1.589475,-0.536315,0,0,0,18.417371,0.392374,1.863957,-1.218595,-8.033961,462.020056,-7.006076,58.734592,-61.767104,13.100847,7.574513,13.329951,-10.134715,21.81929,7.216033,-74.252279,23.594099,0.216976,33.490134,0.162926,94.280111,74.395625,-34.485886,-7.672587,-4.808166,-1.614644,10.781689,-10.593975,-5.017431,0,0,0,0,0,0,0,0,0
5.05,82.5689,26.3849,257.58,81.1757,316.419,66.3438,0,0.000011,0,0,9.41742,35.4344,0.000118,0.000029,46.1491,119.975,576.382,0.000002,33.5679,33.9705,0,11.5161,16.5643,35.3862,369.883,92.7019,188.306,0.003375,948.703,716.661,93.8091,0,50.6531,0,616.352,0,68.3121,80.7119,107.648,1458.57,0,0,0,113.706,0,0,192.204,117.19,0,0,62.0556,122.748,0,0,93.6807,187.379,83.3245,0,0.000014,0,0,0,0,25.6768,0,37.4126,114.464,0,0,421.169,8.31857,468.046,62.03,217.255,39.0419,0,1831.58,1092.91,2970.31,1474.26,0,0,0,0,0,0,10.803093,0.520293,1.617404,-0.542433,0,0,0,18.574748,0.404108,1.919721,-1.087148,-11.775667,537.612821,-1.972148,65.773874,-59.554898,-4.548819,15.024256,7.567469,-10.769809,17.946446,6.890952,-64.006005,24.879838,-0.626879,29.334669,0.283134,91.556593,78.336996,-25.003197,-6.117572,-3.764503,-1.034387,8.548626,-9.778938,-4.124627,0,0,0,0,0,0,0,0,0
5.055,81.9432,23.5564,253.305,85.9389,315.455,64.3618,0.000001,0.000012,0.000001,0,9.22313,37.9357,0.000027,0,50.8264,132.687,609.76,0.000003,34.4621,35.8487,0,12.5871,17.4782,38.437,346.258,95.4118,196.074,0.004003,903.086,497.215,91.5084,0,53.331,0,557.952,0,67.1659,86.6248,106.643,1512.84,0,0,0,101.38,0,0,162.342,116.586,0.01752,0,63.6831,128.909,0,0,85.2472,171.686,72.0173,0.007957,0,0.004709,0,0.003396,0.005277,25.4098,0,39.0155,119.583,0,0.000002,466.425,8.95031,390.342,55.4301,415.224,42.9377,0,1876.03,1099.72,2988.19,1483.04,0,0,0,0,0,0,10.954278,0.491284,1.637239,-0.55464,0,0,0,18.535029,0.411541,1.950388,-0.944386,-17.705823,607.056408,6.607037,70.447416,-55.843918,-20.661709,19.432055,2.524641,-10.543289,17.108744,6.427917,-54.479812,25.972409,-1.244623,25.567135,0.348985,88.958197,81.057978,-15.114668,-4.493723,-2.742448,-0.482777,5.988707,-9.002632,-3.177036,0,0,0,0,0,0,0,0,0
5.06,82.0128,21.2868,247.417,86.2115,309.516,63.0999,0,0.000013,0,0,8.93243,40.6278,0,0,56.694,146.438,596.21,0.000004,35.2317,37.5407,0,13.6638,18.1711,40.8959,313.667,97.9662,203.556,0,843.466,364.515,87.9557,83.8112,55.264,0.000002,500.26,0.017743,65.2308,92.413,106.571,1562.92,0,0,0,91.3036,0,0,138.258,116.143,0.008437,0,65.0324,134.218,0,0,77.4243,157.427,62.468,0.013775,0,0.002505,0,0.002521,0.001802,25.4956,0,40.3496,124.033,0,0,513.644,9.51692,324.83,49.7941,473.224,46.2738,0,1915.67,1104.88,3001.68,1489.67,0,0,0,0,0,0,11.106003,0.449531,1.64859,-0.580123,0,0,0,18.275235,0.414607,1.953088,-0.792686,-24.059907,668.789083,18.301959,72.608292,-50.969634,-34.115601,22.87263,-2.100505,-10.41138,15.544964,6.019393,-45.451468,26.726241,-1.615644,22.155233,0.374581,86.608426,82.166494,-5.234823,-2.808169,-1.841761,-0.012802,3.136076,-8.305388,-2.202817,0,0,0,0,0,0,0,0,0
5.065,83.506,19.9778,239.254,78.1391,297.531,63.0719,0,0.000012,0,0,8.54644,43.3302,0.000051,0,63.1592,161.204,519.006,0,35.6922,39.1666,0,14.4417,18.4007,42.345,262.331,100.308,210.56,0.000235,765.609,275.491,81.6465,214.086,56.7459,45.9997,443.909,0.025254,62.4998,97.7501,107.443,1606.93,0,0,0,83.3621,0,0,119.049,115.918,0.002031,0.009605,66.1086,138.642,0,0.000031,70.2607,144.379,54.7349,0.004687,0.01055,0.000875,0,0.000876,0.000447,25.9201,0,41.4104,127.742,0,0,561.543,10.0234,272.046,45.1516,501.106,48.937,0,1949.79,1108.27,3010.5,1493.98,0,0,0,0,0,0,11.270673,0.393922,1.648895,-0.625023,0,0,0,17.780704,0.413254,1.925799,-0.634781,-28.782665,721.676169,32.269685,72.325347,-45.333324,-43.939113,24.39914,-5.963084,-10.32271,13.455996,7.637879,-36.629072,26.995068,-1.725276,19.043309,0.377033,84.553573,81.33165,4.254173,-1.069101,-1.157453,0.329262,0.035787,-7.720947,-1.231446,0,0,0,0,0,0,0,0,0
5.07,85.9469,19.6272,228.28,62.4966,278.746,64.4258,0,0.000005,0.000009,0,8.07465,45.8959,0.00041,0,71.1692,177.227,405.395,0.000001,35.7883,40.9786,5.87924,14.6662,18.0818,42.0713,166.348,102.397,216.933,0,655.714,207.568,73.9537,303.329,57.949,251.824,388.427,0.009422,59.0298,102.272,108.968,1691.88,0,0.000002,0,77.2525,0,0,103.908,116.034,0,0.00303,66.9263,142.162,4.09638,0,63.6167,132.628,48.7426,0,0.004101,0,0,0,0,26.6713,0,42.1984,130.659,0,0,607.858,10.4785,232.376,41.5727,538.206,50.8739,0,1977.93,1109.25,3012.85,1495.05,0,0,0,0,0,0,11.451955,0.32395,1.63364,-0.69327,0,0,0,17.046058,0.407408,1.867359,-0.473798,-29.763743,765.071369,47.221357,69.884081,-39.376411,-49.394077,24.122998,-8.346221,-9.777897,13.398114,16.021632,-27.697333,26.650917,-1.568223,16.163991,0.374511,82.76639,78.311491,13.026228,0.712866,-0.76563,0.508835,-3.257801,-7.277156,-0.293646,0,0,0,0,0,0,0,0,0
5.075,87.6702,19.7486,213.529,48.6478,253.676,65.7637,0,0.000005,0,0,7.53224,48.2074,0.000296,0,80.8088,194.749,302.277,0,35.6421,157.845,4.21708,14.1705,17.3368,39.0358,117.599,104.204,222.556,0,535.236,129.69,76.2399,337.9,58.9604,283.264,331.515,0.001057,54.923,105.589,110.403,1811.39,0,0,0,72.7007,0,0,92.5425,116.632,0,0.000131,67.5052,144.763,34.0851,0,57.0835,122.133,44.3613,0,0.000729,0,0,0,0,27.7312,0,42.7165,132.754,0,3.47693,650.093,10.8856,203.955,39.1068,577.353,52.0563,0,1999.92,1106.78,3005.97,1491.55,0,0,0,0,0,0,11.64499,0.240094,1.597184,-0.785636,0,0,0,16.075238,0.396966,1.777436,-0.313211,-25.0948,798.829745,61.562192,65.698532,-33.527237,-50.043736,26.100475,-7.358068,-7.946433,14.076224,17.063909,-18.366666,25.597625,-1.151459,13.449806,0.384432,81.154166,72.973285,20.826872,2.52453,-0.711592,0.506816,-6.683135,-6.996536,0.579326,0,0,0,0,0,0,0,0,0
5.08,86.6496,19.5777,196.323,39.6016,225.93,67.1787,0.000001,0.000005,0,0,6.93794,50.1779,0.000163,0,91.0103,213.696,244.339,10.961,35.3464,297.764,1.01148,53.2976,36.7853,33.2959,140.98,105.712,227.347,0,456.489,52.1242,89.8066,348.605,59.8488,257.037,272.467,0,50.3163,107.338,110.882,1922.49,0,0.000002,0,69.4516,0,0,84.8515,117.836,0,0,67.8649,146.429,44.0497,0,51.3162,112.81,41.3489,0,0,0,0,0,0,29.0657,0,42.9699,134.012,0,27.7765,685.642,11.2533,184.878,37.7269,602.701,52.4941,0,2015.84,1099.78,2987.02,1482.03,0,0,0,0,0,0,11.838064,0.144091,1.534072,-0.89927,0,0,0,14.880675,0.381816,1.656477,-0.156645,-13.309162,823.265849,73.501025,60.258643,-28.167318,-45.799658,29.319768,-5.504309,-8.155638,13.851032,15.806483,-8.418623,23.778296,-0.496249,10.843472,0.421958,79.567538,65.307006,27.479395,4.350991,-1.002437,0.321745,-10.174313,-6.896153,1.357257,0,0,0,0,0,0,0,0,0
5.085,81.639,18.4496,178.277,33.6783,198.091,67.5889,0.000002,0.000005,0,0,6.31331,51.753,0.000051,0,101.479,234.575,224.746,22.3081,34.8788,336.254,0,168.486,78.1328,27.11,179.198,106.919,231.266,51.3909,435.01,0,106.04,354.512,60.5802,232.694,213.128,0,45.3703,107.199,109.559,1997.31,0,34.9601,0,67.2465,0,0,80.5147,119.72,0,0,68.0192,147.139,38.7573,0,46.0235,104.517,39.3843,0,0,0,0,0,0,30.6324,0,42.9585,134.416,0,19.3824,712.475,11.5937,173.79,37.3133,607.088,52.2463,0,2025.86,1087.45,2953.85,1465.47,0,0,0,0,0,0,12.015307,0.039019,1.440535,-1.027908,0,0,0,13.481794,0.361887,1.505659,-0.007573,6.428498,839.061551,81.247468,54.055255,-23.598586,-36.945943,31.931763,-4.117966,-11.256346,12.614079,14.747674,2.258248,21.177683,0.361053,8.305911,0.49888,77.808083,55.433749,32.881974,6.177114,-1.605589,-0.029904,-13.664668,-6.986392,2.013489,0,0,0,0,0,0,0,0,0
5.09,73.4052,16.1692,160.21,29.5022,172.104,66.6696,0.000002,0.000008,0,0,5.68009,52.9121,0.000085,0,112.194,257.653,229.24,5.76323,33.9752,305.4,0,302.365,131.918,21.9848,192.247,107.835,234.318,147.229,444.36,0,119.525,363.992,61.004,212.71,158.572,0.00002,40.2687,104.931,105.714,2026,0,36.7154,0,65.777,0,0,78.8256,122.308,0,0,67.9731,146.862,30.0164,0,41.0279,96.8828,38.0029,0,0,0,0,0,0,32.3831,0,42.6787,133.95,0,16.414,729.777,11.9287,169.34,37.6424,589.255,51.4524,0,2030.1,1069.41,2905.52,1441.39,0,0,0,0,0,0,12.159853,-0.070894,1.31582,-1.162747,0,0,0,11.903223,0.337216,1.326867,0.131098,34.206965,847.135728,83.243677,47.515904,-20.02343,-24.137982,33.790696,-3.707257,-14.1223,10.957373,13.974213,13.64658,17.821482,1.36961,5.821429,0.622898,75.635319,43.610463,36.997872,7.989053,-2.453533,-0.515352,-17.090755,-7.268563,2.528141,0,0,0,0,0,0,0,0,0
5.095,63.3878,12.9576,142.531,26.3215,149.172,64.3678,0,0.000022,0,0,5.06055,53.675,0.000396,0,122.943,283.034,248.916,0.134584,32.3434,232.971,0,368.667,185.59,17.9844,183.256,108.492,236.564,273.268,458.357,0,130.827,386.097,60.9293,187.258,108.939,0.000304,35.2132,100.435,98.9452,2014.32,0,34.4724,0,64.7092,0,0,78.7733,125.596,0,0,67.7173,145.541,21.8965,0,36.0346,89.2861,36.6537,0,0,0,0,0,0,34.2867,0,42.1139,132.583,0,17.7397,738.139,12.2866,169.696,38.4303,548.414,50.3207,0,2028.52,1045.75,2842.16,1409.85,0,0,0,0,0,0,12.25683,-0.180685,1.162968,-1.293845,0,0,0,10.173111,0.308017,1.122697,0.25744,69.336689,848.494604,78.396323,40.96568,-17.538578,-8.374492,37.619107,-5.599756,-15.461829,7.48538,13.068221,25.594814,13.774877,2.466184,3.399871,0.797231,72.776188,30.230678,39.842032,9.775378,-3.453877,-1.088872,-20.396058,-7.731694,2.891497,0,0,0,0,0,0,0,0,0
5.1,52.6833,9.24032,125.484,23.6123,129.425,60.7597,0,0.000031,0,0,4.47665,54.1064,0,0,133.361,310.489,278.237,0,29.7659,169.329,0.003295,361.212,234.462,14.8677,171.338,108.938,238.123,442.711,471.174,0.14686,144.444,425.75,60.1914,156.488,64.7706,0.000472,30.4071,93.83,89.3326,1972.38,0,40.1981,0,63.6587,0,0,79.1751,129.631,0,0,67.2249,143.08,13.7408,0,30.5708,80.834,34.6581,0,0,0,0,0,0,36.3423,0,41.2344,130.252,0,19.3926,739.35,12.7133,172.605,39.3753,482.469,49.1199,0,2020.79,1016.6,2763.94,1370.88,0,0,0,0,0,0,12.29568,-0.285218,0.988831,-1.411717,0,0,0,8.321958,0.27473,0.896497,0.370828,110.397144,844.083167,66.272363,34.61791,-16.139564,9.059099,43.785205,-7.134545,-14.866046,2.352907,12.015172,37.828415,9.145223,3.577752,1.075875,1.020483,68.941101,15.818532,41.46783,11.527529,-4.502908,-1.696526,-23.533479,-8.349347,3.106764,0,0,0,0,0,0,0,0,0
5.105,42.058,5.63712,109.337,20.9921,112.715,55.9648,0.000004,0.000026,0,0,3.94847,54.3022,0,0,143.107,339.539,313.34,0,26.4241,130.642,0.00233,309.714,267.482,12.4507,167.302,109.231,239.158,628.412,484.81,0.063085,164.775,480.111,58.7627,125.746,29.2264,0.000365,26.0399,85.5414,77.6515,1908.93,0,49.3627,0,62.2772,0,0,78.9637,134.473,0,0,66.4513,139.352,5.37521,0,24.3427,70.877,31.5146,0,0,0,0,0,0,38.5544,0,40.0011,126.882,0,21.2204,735.795,13.2458,175.88,40.2254,389.017,48.1202,0,2006.3,982.141,2670.9,1324.49,0,0,0,0,0,0,12.271569,-0.379783,0.803307,-1.508767,0,0,0,6.38215,0.238034,0.652412,0.472069,155.340088,834.663484,47.207472,28.606194,-15.729673,26.67034,50.593965,-7.435585,-13.335295,-4.101643,11.001796,49.97689,4.077416,4.627901,-1.09518,1.286771,63.849677,1.011474,41.957122,13.23964,-5.500189,-2.281705,-26.46581,-9.077625,3.19129,0,0,0,0,0,0,0,0,0
5.11,32.0772,2.45364,94.3128,18.2673,98.7439,50.114,0.111018,0.000033,0,0,3.48818,54.356,0.000072,0,151.97,369.406,350.778,0.009845,22.902,110.159,0.000913,249.568,274.886,10.5709,172.947,109.421,239.827,805.742,503.673,0.015259,195.403,542.521,56.7561,99.0397,2.69926,0.000071,22.2361,76.3119,65.3763,1831.83,0,59.7225,0,60.2643,0,0,77.3202,140.215,0,0,65.3342,134.21,0.000736,0,17.2285,59.0064,26.8527,0,0,0,0,0,0,40.9289,0,38.3685,122.392,0,24.2338,729.901,13.9167,177.75,40.7891,266.336,47.5699,0,1984.14,942.418,2562.78,1270.56,0,0,0,0,0,0,12.1859,-0.46064,0.618005,-1.580295,0,0,0,4.388181,0.198827,0.395405,0.563266,201.641299,820.72896,22.323392,23.026031,-16.128885,42.869287,56.141017,-6.451578,-11.92719,-11.363617,10.155602,61.613029,-1.239876,5.541242,-3.043548,1.586063,57.266214,-13.473012,41.415226,14.908027,-6.361679,-2.79083,-29.163832,-9.85552,3.175557,0,0,0,0,0,0,0,0,0
5.115,23.1607,0.227358,80.3572,15.4163,87.0265,43.3932,51.4038,0.000034,0,0,3.09941,54.3356,0.00007,0.000064,159.907,399.083,387.544,0.01043,19.4934,101.167,0.000101,201.52,257.148,9.09683,187.468,109.541,240.252,851.075,533.943,0,239.983,611.505,54.3844,77.267,0,0,19.0304,67.0062,54.2598,1748.55,0.000003,72.1195,0,57.4167,0,0,73.7523,146.957,0,0,63.7981,127.511,0,0,9.36189,45.1928,20.5385,0,0,0,0,0,0,43.4687,0,36.2929,116.714,0,28.4698,723.692,14.743,177.045,40.9475,114.847,47.6644,0,1953.2,897.456,2439.37,1209.02,0,0,0,0,0,0,12.046008,-0.525383,0.444637,-1.624878,0,0,0,2.377301,0.158157,0.131216,0.647391,246.476177,802.469351,-6.568286,17.98139,-17.080068,56.096724,58.775268,-7.807142,-11.224013,-20.217555,9.480206,72.300804,-6.573021,6.249417,-4.694288,1.90484,49.040868,-26.888931,39.970508,16.53058,-7.029382,-3.17853,-31.602405,-10.60847,3.09967,0,0,0,0,0,0,0,0,0
5.12,15.5617,0,67.1451,12.4921,76.5964,36.0556,64.8443,0.000036,0,0,2.77708,54.273,0,0.000003,166.859,427.23,421.039,0.004671,16.3908,98.6483,0,171.143,224.275,7.93245,210.428,109.609,240.501,829.366,582.476,0,304.061,695.244,51.8697,59.7322,0,0,16.3825,58.257,45.4051,1664.99,21.1777,87.0707,0,53.6616,0,0,68.118,154.795,0,6.99874,61.7623,119.154,0,0,1.30331,29.7547,12.7174,0,0,0,0,0,0,46.1836,0,33.7395,109.823,0,33.758,718.535,15.7241,173.229,40.6597,0.769832,48.5091,0,1912.36,847.396,2301.02,1140.09,0,0,0,0,0,0,11.864174,-0.573048,0.293495,-1.644165,0,0,0,0.390104,0.117119,-0.13376,0.727648,286.916019,779.786577,-37.126192,13.592774,-18.259972,64.965908,55.824808,-9.287851,-10.814556,-28.628144,8.920058,81.647086,-11.645178,6.696719,-5.978424,2.227139,39.148989,-38.529222,37.776452,18.106177,-7.47627,-3.411726,-33.755669,-11.255231,3.007686,0,0,0,0,0,0,0,0,0
5.125,9.27624,0,54.5393,9.556,66.4541,28.3967,59.1465,25.0715,0,0,2.50898,54.1564,0,0.000001,172.791,452.594,449.179,0.000869,13.9333,99.4277,0,145.487,185.924,7.01135,241.869,109.618,240.579,794.633,656.939,0,385.294,801.813,49.4047,45.1981,0.070085,0,14.1856,50.2298,38.7149,1583.86,25.9937,104.354,0,49.1041,0,0,60.6629,163.781,0,16.891,59.1555,109.145,0.019055,0,0,13.4382,4.0186,0,0,0,0,0,0,49.0934,9.83658,30.6979,101.752,0,39.932,714.921,16.834,166.434,39.9753,0,50.0767,0,1860.47,792.697,2149.04,1064.52,0,0,0,0,0,0,11.656196,-0.604007,0.172287,-1.642185,0,0,0,-1.529481,0.076739,-0.39271,0.80672,320.133247,752.357872,-66.779887,10.01192,-19.292968,68.400522,49.254488,-9.585181,-10.443274,-37.368821,8.40385,89.351772,-16.144515,6.844849,-6.845227,2.536041,27.719565,-47.801453,35.013082,19.63417,-7.706118,-3.472142,-35.592918,-11.717342,2.940726,0,0,0,0,0,0,0,0,0
5.13,4.14222,0.003563,42.4439,6.67137,56.0352,20.7855,53.2881,37.8955,0,0,2.27712,53.9285,0,0,177.717,474.248,470.506,0,12.4213,101.843,0,97.8781,147.154,6.28932,283.001,109.54,240.425,748.282,764.367,0,472.398,932.941,47.1453,32.1616,0.039101,0,12.2846,42.5691,32.9532,1504.27,23.5161,123.465,0,44.0092,0,0,51.9545,173.863,24.5889,23.3064,55.9398,97.6132,0.00866,0,0,0,0,0,0,0,0,0,0,52.2416,30.434,27.1965,92.6134,0,46.7401,712.584,18.0231,157.313,39.0043,0,52.2122,0,1796.75,734.449,1986.54,983.998,0,0,0,0,0,0,11.439749,-0.619703,0.085503,-1.624422,0,0,0,-3.335222,0.037879,-0.638733,0.886093,343.623049,719.732536,-93.002433,7.369163,-19.783732,65.757058,40.006256,-9.627675,-9.155267,-45.467045,7.856417,95.25046,-19.741081,6.676159,-7.274273,2.815575,15.044759,-54.299725,31.884727,21.113874,-7.748754,-3.357024,-37.076727,-11.929632,2.930265,0,0,0,0,0,0,0,0,0
5.135,0.423221,0.002354,31.0332,3.94399,45.711,13.9094,51.0849,40.0523,0,0,2.05761,53.4753,0,0,181.611,491.549,484.278,0,11.8381,104.929,0,47.7723,110.159,5.7514,336.094,109.315,239.888,685.359,901.746,0,552.644,1089.06,45.3923,19.1371,0.00592,0,10.4817,34.4853,26.0378,1422.31,29.1002,143.646,0,38.7205,0,0,42.7042,184.838,43.9981,29.3223,52.1394,84.8619,0.002847,0,0.012869,0,0,0,0,0,0,0,0,55.5837,28.3105,23.3209,82.6314,0,53.9007,710.991,19.2267,146.698,37.8511,0.351775,54.7109,0,1721.31,674.59,1819.21,901.481,0,0,0,0,0,0,11.232731,-0.622313,0.034332,-1.596849,0,0,0,-4.980835,0.001181,-0.865237,0.965599,355.404008,681.448477,-113.894183,5.886672,-19.299961,56.897481,28.833056,-9.626559,-8.033488,-52.439022,7.208672,99.343878,-22.112754,6.194787,-7.285453,3.052868,1.566017,-57.85912,28.612329,22.543935,-7.652028,-3.078096,-38.164366,-11.849724,2.993035,0,0,0,0,0,0,0,0,0
5.14,0,0.000856,21.0141,1.56666,36.73,8.7448,50.1843,46.689,0,0,1.82296,52.634,9.00646,0,184.12,503.718,490.397,0,11.6424,107.328,0.000003,19.6462,80.3451,5.41988,400.402,108.862,238.741,596.93,1056.55,0.000694,560.609,1265.86,45.0782,6.80361,0,0,8.56056,25.3826,16.4669,1334.06,33.7516,163.8,0,33.5305,0,0,33.5129,196.269,56.3648,36.6138,47.8646,71.3497,0,0,0.010937,0,0,0,0,0,0,0,0,58.9937,31.4308,19.2389,72.1716,0,61.0719,710.216,20.3801,135.07,36.5303,0.142639,57.4594,0,1635.62,616.109,1655.81,821.414,0,0,0,0,0,0,11.051726,-0.614407,0.017023,-1.565112,0,0,0,-6.423249,-0.032923,-1.066364,1.043303,354.27911,637.15,-127.898812,5.516623,-17.517341,42.252988,20.174777,-11.273617,-8.734654,-56.115394,6.866793,101.809013,-22.978408,5.425315,-6.944918,3.240236,-12.162918,-58.580963,25.420196,23.921432,-7.472214,-2.659104,-38.812624,-11.464531,3.128719,0,0,0,0,0,0,0,0,0
5.145,0,0,13.2494,0.000012,30.1341,5.77881,49.2962,55.44,0,0,1.54752,51.2185,100.539,0.000186,185.492,509.822,489.32,0,11.1341,107.551,0.000002,9.4653,58.3314,5.31844,442.221,108.088,236.722,451.847,1211.7,0.001668,407.427,1467.81,46.7469,0.226418,0,0,6.35013,15.0249,4.63297,1235.33,37.3876,183.423,0,28.6761,0,0,24.7477,207.466,67.7003,44.8367,43.3286,57.6919,0,0,0.003776,0.039209,0.016191,0,0,0,0,0,0,62.2833,37.1518,15.2107,61.7667,0,67.8381,711.443,21.4185,122.378,34.9795,0.028727,60.4816,66.8781,1542.78,562.806,1507.48,749.254,0,0,0,0,0,0,10.910685,-0.598632,0.02956,-1.533952,0,0,0,-7.626384,-0.064158,-1.237364,1.11578,340.036089,586.710765,-133.906169,5.859312,-14.336187,22.819476,21.528011,-17.403764,-11.061843,-55.094518,10.168693,102.988775,-22.13312,4.40877,-6.365163,3.376817,-25.530908,-56.822263,22.51877,25.24074,-7.264649,-2.132437,-38.985191,-10.79227,3.320962,0,0,0,0,0,0,0,0,0
5.15,0.005421,0,8.83752,0.029003,26.0442,4.54196,48.5609,64.3519,0,0,1.21392,49.0483,144.189,0.000419,185.329,513.355,500.036,0.000013,10.0968,105.06,0.000001,6.41584,42.3543,5.41307,394.733,106.906,233.567,289.55,1308.58,0.004897,229.438,1705.87,50.535,0.100476,0,0,3.81473,3.41706,0.005658,1122.98,40.5256,202.527,0,24.44,0,0,16.5895,217.464,80.4477,52.9105,38.8322,44.7176,0,0,0,0.015604,0.006527,0,0,0,0,0,0,65.2341,41.9146,11.5599,52.0738,0,73.8448,716.933,22.2642,108.199,33.1187,0,63.815,124.379,1447.71,518.87,1386.44,690.798,0,0,0,0,0,0,10.819899,-0.577472,0.066449,-1.506887,0,0,0,-8.564727,-0.092291,-1.374873,1.178728,313.523505,530.316405,-132.140014,6.657084,-9.70904,0.0531,30.061423,-21.42696,-13.145104,-52.409587,11.61174,103.359768,-19.485692,3.197734,-5.697867,3.469353,-37.933406,-53.149753,20.086154,26.492291,-7.07615,-1.535443,-38.660972,-9.879499,3.541466,0,0,0,0,0,0,0,0,0
5.155,0.003648,0,7.38563,2.18969,23.6153,4.35572,84.7317,73.3613,0,0.000002,0.821288,45.9703,154.489,0.000459,182.902,511.683,518.877,0.000011,8.61394,99.8558,0,5.69542,31.2807,12.6098,257.411,105.238,229.051,177.617,1341.54,0.010157,118.607,1982.93,56.4535,0,0,0,1.20091,0.006781,0,986.653,43.0123,220.734,0,21.0363,0,0,9.17939,225.157,93.1846,60.4406,34.7041,33.3906,0,0,0,0.00364,0.000938,0,0,0,0.000003,0,0.000004,67.6187,45.577,8.59593,43.7738,0,78.8703,729.867,22.8616,91.8535,30.8476,0,67.4734,136.25,1356.56,488.062,1303.15,650.9,0,0,0,0,0,0,10.785332,-0.553083,0.121503,-1.486127,0,0,0,-9.225944,-0.117029,-1.477048,1.227795,276.504957,468.499382,-122.644916,6.975475,-4.09556,-24.285646,42.600347,-20.467866,-13.957741,-55.301671,11.570054,103.481415,-15.080805,1.84918,-5.120242,3.531777,-48.835093,-48.266018,18.251589,27.66154,-6.940191,-0.90697,-37.841387,-8.793738,3.756195,0,0,0,0,0,0,0,0,0
5.16,0.001096,0,7.70968,7.35677,22.0781,4.88466,162.244,82.3404,0,0.000001,0.397324,41.8909,154.619,0.000423,177.94,502.706,522.076,0.000005,6.64665,91.806,0,6.05101,23.7959,29.2846,144.305,103.033,223.027,116.06,1262.47,0.014513,62.1846,2296.63,64.4002,0,0,0,0,0,0,844.7,44.7198,237.324,0,18.4658,0,0,2.78966,229.521,103.962,67.4394,31.2468,24.5679,0,0,0,0,0,0,0,0,0.000002,0.000002,0.000001,69.2215,48.6562,6.52962,37.4043,0,82.8494,754.027,23.333,72.5458,28.0459,0,71.5229,143.818,1275.42,472.85,1263.79,632.487,0,0,0,0,0,0,10.808333,-0.527199,0.188498,-1.47266,0,0,0,-9.611975,-0.137908,-1.543539,1.259438,231.55411,402.04154,-107.260861,6.553885,2.240035,-48.375962,56.770619,-16.729841,-14.66835,-65.019136,11.052651,103.932223,-9.106107,0.417673,-4.815238,3.583527,-57.821117,-42.920558,17.083881,28.728464,-6.875217,-0.28454,-36.554923,-7.613211,3.932245,0,0,0,0,0,0,0,0,0
5.165,4.34509,0,8.74109,12.2869,20.8961,5.95334,257.633,90.0279,0,0,0.019574,36.7748,153.044,0.000248,170.508,485.833,502.945,0.000002,4.1156,80.8227,0.000001,6.79566,18.4848,52.1613,93.3372,100.258,215.421,82.9168,1018.89,0.005744,35.8638,2635.9,74.083,0,0,0,0,0.003748,0.016577,703.243,45.7058,251.59,0,16.5755,0,0,0,229.791,112.098,73.66,28.6766,18.7065,0,0,0,0,0,0,0,0,0.000002,0,0,69.8814,51.1234,5.42012,33.2204,0,85.8584,793.121,23.6219,49.7598,24.6187,0,76.0815,156.091,1208.97,474.202,1270.48,636.525,0,0,0,0,0,0,10.885757,-0.501095,0.261662,-1.466446,0,0,0,-9.738326,-0.154259,-1.575318,1.271623,182.060447,332.298905,-87.022392,4.422116,8.438888,-70.260262,72.453841,-12.163686,-15.254435,-78.95882,10.425502,105.242475,-1.8901,-1.048129,-4.948672,3.646865,-64.629183,-37.821004,16.58707,29.66784,-6.885754,0.297706,-34.857839,-6.415796,4.043866,0,0,0,0,0,0,0,0,0
5.17,20.6094,0,9.68112,14.9932,19.5805,7.36938,371.611,96.327,0,0,0,30.6514,148.295,0,161.014,461.879,469.058,0.000001,1.21074,67.1554,0,7.54959,14.3728,76.4715,74.1307,96.8939,206.227,61.2176,662.39,0,24.7632,2981.76,85.0614,0.021471,0,0,0,0.010052,0.009057,567.094,46.0966,263.083,0,15.1992,0,0,0,225.544,117.741,78.6598,27.0753,15.7314,0,0,0,0,0,0,0,0,0.000001,0,0,69.509,52.9498,5.1639,31.1494,0,88.0331,850.269,23.6212,23.9539,20.4793,0,81.2642,166.224,1159.59,492.229,1323.17,662.999,0,0,0,0,0,0,11.010452,-0.475602,0.335995,-1.466674,0,0,0,-9.631647,-0.165223,-1.5744,1.264209,131.55549,260.819972,-64.619955,0.669956,14.161876,-88.309642,90.272897,-8.578303,-15.284569,-95.379317,9.618946,107.832677,6.119641,-2.506692,-5.647127,3.743594,-69.158327,-33.558552,16.704642,30.450395,-6.965566,0.8103,-32.830794,-5.26929,4.076393,0,0,0,0,0,0,0,0,0
5.175,28.9973,0,10.1426,15.5588,17.8102,8.92573,471.552,102.471,0,0,0,23.6054,137.89,0,150.089,432.926,429.802,0.000001,0,51.3337,0,8.21406,10.956,96.4847,67.4322,92.9302,195.478,42.6633,366.286,0,20.258,3310.43,96.9517,0.017533,6.85028,0.000008,0.008995,0.00413,0.003624,444.622,46.0488,271.678,0,14.2219,0,0,0,216.707,121.044,82.0361,26.3821,15.2053,0,0,0,0,0,0,0,0,0.000001,0,0,68.0845,54.2456,5.58625,30.8628,0,89.5251,927.866,23.3885,1.40035,15.6839,0,87.1075,169.797,1127.28,526.923,1421.81,711.878,0,0,0,0,0,0,11.172052,-0.451144,0.407438,-1.472019,0,0,0,-9.326017,-0.169857,-1.543508,1.238934,83.499051,189.040847,-41.662399,-5.012721,18.700165,-101.356816,103.407765,-7.515176,-14.552015,-110.673109,8.514372,111.965855,14.393068,-3.921637,-6.980137,3.891755,-71.454406,-30.557604,17.33223,31.044722,-7.10177,1.229177,-30.572053,-4.224713,4.027493,0,0,0,0,0,0,0,0,0
5.18,39.9633,0,10.1675,14.9288,15.5811,10.4807,558.102,108.107,0,0,0,15.8157,120.975,0,138.384,401.438,390.406,0.000001,0,34.1236,0,8.79337,7.96378,112.382,66.6883,88.3684,183.247,24.5909,198.92,0,18.5281,3586.07,109.383,0.009781,33.5275,25.3762,0.00171,0.000977,0.000783,341.852,45.6989,277.523,0,13.5727,0,0,0.011931,203.544,122.114,83.6373,26.423,16.5114,0,0,0,0,0,0,0,0,0.000001,0,0,65.6511,55.1311,6.46296,31.8789,0,90.4639,1028.35,22.9044,0,10.3697,0,93.5404,167.858,1110.14,578.615,1567.44,783.655,0,0,0,0,0,0,11.357988,-0.427792,0.472931,-1.480888,0,0,0,-8.85859,-0.167286,-1.485753,1.199024,40.837573,118.574822,-20.69748,-11.968779,21.990855,-108.713719,108.640069,-9.619653,-13.743525,-121.989412,5.937818,117.718985,22.367617,-5.257652,-8.949719,4.102887,-71.676446,-29.053814,18.337256,31.419689,-7.278898,1.536047,-28.188548,-3.313522,3.905793,0,0,0,0,0,0,0,0,0
5.185,53.3951,0,10.1332,14.1435,13.2852,12.0399,635.638,113.265,0,0,0.001407,7.8734,97.8094,0,126.531,369.623,352.689,0.000001,0,45.3408,0,9.21006,5.18544,126.677,68.6588,83.2446,169.901,7.55194,126.945,0,17.7378,3713.67,121.811,0.004656,47.0136,92.3175,0.000675,0,0.000327,256.918,45.0756,280.784,0,13.1888,0,0,0.003654,186.638,121.275,83.665,26.9608,18.9339,0,0,0,0,0,0,0,0,0,0,0,62.302,55.6465,7.53081,33.6596,0,90.9164,1154.72,22.1569,0,4.73895,0,100.412,162.776,1105.08,648.07,1761.99,879.524,0,0,0,0,0,0,11.554609,-0.405336,0.530403,-1.491631,0,0,0,-8.265287,-0.156884,-1.404363,1.14851,5.583413,51.226961,-3.150057,-19.778694,23.807656,-110.12475,106.842691,-13.39426,-12.05493,-123.980021,1.23556,124.975317,29.515681,-6.478125,-11.489174,4.380255,-70.051269,-29.098918,19.582383,31.547006,-7.482081,1.718613,-25.786332,-2.548684,3.727558,0,0,0,0,0,0,0,0,0
5.19,66.5872,0,10.6438,13.9965,11.6498,13.7562,699.052,118.112,0,0,0.000152,1.48198,69.4627,0,115.275,339.886,317.746,0.000001,0.004949,99.8008,0,9.34979,2.55882,140.646,70.5795,79.1083,159.502,0.002592,97.2668,0.000059,17.0016,3708.99,133.608,0.00212,52.62,121.621,0,0,0.000603,174.776,44.0187,281.3,0,12.9948,0,0,0,166.855,119.129,82.5782,27.7488,21.7442,0,0,0,0,0,0,0,0,0,0,0,58.1471,55.7266,8.54939,35.6966,0,90.8249,1308.55,21.1614,0.055356,0,0,107.56,156.305,1108.51,736.293,2007.69,1000.92,0,0,0,0,0,0,11.748299,-0.383343,0.578723,-1.502696,0,0,0,-7.577199,-0.138438,-1.302482,1.091428,-21.096353,-11.222341,9.345203,-27.457999,24.447561,-105.813185,100.988409,-16.036294,-10.266496,-118.147459,-1.956746,133.436969,35.375064,-7.5362,-14.469961,4.718441,-66.825613,-30.586252,20.948444,31.403598,-7.698916,1.770718,-23.461892,-1.928715,3.512426,0,0,0,0,0,0,0,0,0
5.195,77.8341,19.223,12.4863,15.1094,11.6862,15.8922,742.1,122.877,0,0,0.000013,0,38.6324,0,105.577,315.1,288.32,0.000001,0.00239,162.991,0,9.31669,3.02676,152.157,70.3786,76.2732,152.944,0,83.5385,0.005164,15.8255,3659.02,143.514,0.00163,57.1411,145.834,0,0,0.00084,107.743,42.1528,278.323,0,12.9153,0,0,0,145.222,116.318,80.863,28.5942,24.3941,0,0,0,0,0,0,0,0,0,0,0,53.2622,55.1545,9.38716,37.6312,0,89.9676,1487.11,19.931,0.028692,0,0,114.89,149.49,1117.16,844.399,2306.29,1148.97,0,0,0,0,0,0,11.926516,-0.36122,0.617621,-1.512741,0,0,0,-6.818139,-0.112256,-1.183057,1.031087,-38.78895,-66.953286,16.282122,-34.368414,24.0685,-96.310989,94.636624,-19.559827,-8.637432,-108.644634,-4.8795,142.653812,39.606265,-8.375879,-17.717603,5.104006,-62.224836,-33.288619,22.352086,30.973533,-7.919972,1.692451,-21.295326,-1.443208,3.279243,0,0,0,0,0,0,0,0,0
5.2,86.4289,27.2456,16.5451,18.223,14.391,18.3298,763.728,128.632,0,0,0,0,46.4472,0,98.7906,298.776,268.823,0.000001,0.000704,214.043,0,9.59514,12.4846,159.067,66.7342,74.2837,148.908,0.001757,73.5885,0.000754,14.0034,3611.61,149.811,0.00162,62.9754,180.325,0,0.000079,0.000971,69.7484,39.0947,270.795,0,12.9141,0,0,0,122.941,113.321,78.8922,29.3877,26.6257,0,0,0,0,0,0,0,0,0,0,0,47.706,53.6709,10.0275,39.2957,0,88.0632,1685.43,18.4813,0.008072,0,0,122.338,142.938,1128.49,973.502,2658.28,1323.59,0,0,0,0,0,0,12.078707,-0.338269,0.647599,-1.520686,0,0,0,-6.003552,-0.079199,-1.048782,0.969553,-48.222208,-114.100891,17.233547,-39.63188,23.16648,-82.466395,90.793805,-21.821235,-7.399431,-98.685687,-6.347689,152.06392,42.022787,-8.934815,-21.032329,5.517152,-56.425289,-36.900236,23.754242,30.249338,-8.138212,1.490123,-19.345913,-1.078284,3.0428,0,0,0,0,0,0,0,0,0
5.205,91.0086,27.5406,23.5117,23.8785,20.2343,20.2825,765.86,135.682,0,0,0,0.010161,83.1437,0,96.4819,294.62,262.522,0.000001,0,262.082,0,10.902,33.4058,160.751,59.6047,73.3915,147.478,0.035999,62.8515,0.00687,11.6784,3574.98,151.616,0.001005,69.483,222.098,0,0.0001,0.000945,62.109,34.8295,258.197,0,13.1011,0,0,0,101.081,110.335,76.8503,30.1077,28.4714,0,0,0,0,0,0,0,0,0,0,0,41.5554,51.0483,10.5331,40.7116,0,84.9149,1900.98,16.8197,0,0.013823,0,129.639,136.746,1141.04,1122.41,3062.43,1523.96,0,0,0,0,0,0,12.197032,-0.313739,0.669815,-1.52572,0,0,0,-5.140773,-0.040614,-0.902064,0.907452,-50.995524,-150.773723,13.207049,-43.132319,21.847714,-65.288379,90.888589,-22.407757,-6.659204,-89.107805,-6.652831,161.034613,42.67417,-9.173833,-24.208458,5.933846,-49.543963,-41.07623,25.157546,29.23267,-8.347809,1.176058,-17.650039,-0.820701,2.811993,0,0,0,0,0,0,0,0,0
5.21,90.5435,28.1454,33.2574,31.8062,28.3031,20.8439,752.059,142.977,0,7.88779,0,0.011302,121.935,0,99.6929,305.229,269.008,0,0,324.908,0,13.4411,61.9303,156.254,50.6423,74.3201,149.36,0.021917,51.1788,0,9.30329,3545.79,150.485,0.001096,76.1772,261.61,0.000005,0.000119,0.000865,82.3116,29.8891,241.413,0,13.7144,0,0,0,79.9488,107.337,74.7676,30.7906,30.1259,0,0,0,0,0,0,0,0,0,0,0,35.1015,47.2476,10.9915,42.0086,0,80.5958,2128.36,14.9765,0,0.005592,0,136.274,130.629,1154.29,1293.35,3518.14,1752.44,0,0,0,0,0,0,12.276908,-0.286875,0.685963,-1.527276,0,0,0,-4.230407,0.001799,-0.745009,0.844104,-49.110476,-175.16166,5.073769,-44.630427,20.569518,-45.882536,95.517815,-20.703667,-6.420594,-80.342311,-6.892377,168.919551,41.810011,-9.087971,-27.056981,6.328435,-41.644956,-45.465745,26.593566,27.934334,-8.542873,0.768089,-16.221164,-0.659933,2.589498,0,0,0,0,0,0,0,0,0
5.215,85.936,28.4219,44.5489,40.9852,36.4756,20.0012,724.894,146.889,0,10.7349,0,0.004122,160.148,0.000066,107.946,329.73,284.89,0,0,416.345,0,16.5315,90.7305,146.25,42.0236,77.4719,155.375,0,40.4195,0,7.29591,3521.78,146.894,0.000954,83.4541,293.46,0.000006,0.00008,0.000685,128.196,24.939,222.335,0,14.9585,0,0,0,60.3783,104.162,72.5701,31.5,31.833,0,0,0,0,0,0,0,0,0,0,0,28.8727,42.3977,11.4882,43.3554,0,75.3616,2363.84,13.0127,0,0.001444,0,141.622,124.079,1168.44,1497.08,4042.08,2016.9,0,0,0,0,0,0,12.317302,-0.256967,0.698119,-1.524967,0,0,0,-3.268498,0.046193,-0.579395,0.777933,-44.742917,-185.68132,-5.600196,-44.336435,19.309103,-25.422545,104.430144,-16.607917,-6.368433,-74.225336,-6.485608,175.127192,39.654155,-8.651564,-29.435208,6.676488,-32.75883,-49.737185,28.103322,26.373731,-8.71649,0.288725,-15.051347,-0.588265,2.372847,0,0,0,0,0,0,0,0,0
5.22,79.2869,27.3649,55.7307,50.0426,43.054,18.5405,685.188,145.325,0,8.55772,0.000002,0,193.274,0.000322,119.492,363.388,304.503,0,0,505.918,0,19.3873,106.565,132.357,34.7602,82.7245,165.742,0,31.7229,0.004212,5.75405,3500.84,140.93,0.000977,91.7215,313.877,0.000002,0.000056,0.000453,194.541,20.2956,202.704,0,16.8961,0,0,0,42.7253,100.532,70.1022,32.3167,33.8543,0,0,0,0,0,0,0,0,0,0,0,23.0071,36.6305,12.1082,44.9436,0,69.4039,2602.2,10.9847,0,0,0,145.19,116.408,1184.34,1736.97,4649.63,2326.75,0,0,0,0,0,0,12.320773,-0.22339,0.70858,-1.518519,0,0,0,-2.249098,0.090785,-0.406659,0.707039,-39.934994,-181.052396,-16.980522,-42.766719,18.222123,-5.005299,115.284016,-11.950378,-6.132388,-68.676247,-5.503193,179.128179,36.729115,-7.953665,-31.255679,6.956382,-22.908816,-53.595924,29.716188,24.577796,-8.860301,-0.236002,-14.113899,-0.599466,2.156493,0,0,0,0,0,0,0,0,0
5.225,72.0678,25.1808,65.3824,57.4299,47.4486,17.0883,633.256,138.484,0,5.29503,0.000001,0,226.552,0.000487,132.159,399.595,320.764,6.50591,0,535.292,8.20559,21.7369,99.072,116.666,28.7979,89.5448,180.241,0.001548,25.0489,0.008353,4.59182,3481.88,132.866,0.000997,100.944,318.008,0,0.000023,0.000178,288.036,16.0409,183.571,0,19.4935,0,0,0,26.2705,96.2046,67.2286,33.3076,36.3844,0,0,0,0,0,0,0,0,0,0,0,17.5086,30.0962,12.9046,46.9202,0,62.8574,2828.87,8.94289,0,0,0,146.668,107.108,1202.97,2002.98,5315.34,2673.06,0,0,0,0,0,0,12.293202,-0.185653,0.719684,-1.507692,0,0,0,-1.166862,0.134058,-0.227902,0.62979,-36.339885,-160.495736,-27.307132,-40.521532,17.371013,14.402069,124.77493,-9.214435,-6.231718,-63.314358,-3.678298,180.525693,33.528224,-7.112666,-32.483564,7.151007,-12.137481,-56.795929,31.432395,22.579536,-8.964632,-0.777951,-13.366847,-0.686894,1.934388,0,0,0,0,0,0,0,0,0
5.23,64.4976,22.2626,72.8573,62.0403,49.8097,15.7683,571.668,127.751,0,2.49729,0,0,263.09,0.000483,144.563,433.413,328.985,41.0197,0,477.27,16.6379,23.7064,78.4038,100.426,23.77,96.7367,198.239,0.00208,195.895,0,3.68991,3464.92,123.18,0.000919,110.873,301.763,0,0,0,415.827,12.1672,165.347,0,22.7235,0,0,0,10.9092,91.0601,63.8925,34.505,39.5047,0,0,0,0,0,0,0,0,0,0,0,12.4593,22.9672,13.8869,49.348,0,55.8395,3027.09,6.9274,0,0,0,145.874,96.0203,1225.09,2279.77,6002.99,3038.91,0,0,0,0,0,0,12.243205,-0.143443,0.733621,-1.492212,0,0,0,-0.019365,0.174916,-0.043969,0.545315,-35.044402,-123.912852,-35.255272,-38.074174,16.574766,32.001915,125.78263,-10.919936,-7.268034,-57.833336,-0.787572,179.090207,30.294218,-6.176907,-33.119808,7.247675,-0.528594,-59.147085,33.213094,20.416275,-9.019062,-1.30847,-12.756982,-0.841872,1.702465,0,0,0,0,0,0,0,0,0
5.235,56.1525,18.6384,78.3555,64.5291,50.4064,14.4196,505.373,114.754,0,0.39757,0.000002,0,310.861,0.000338,157.32,464.995,340.931,26.9534,0,427.738,8.47763,25.5687,60.3803,84.0368,19.4499,104.718,220.006,0.000072,322.291,0,2.95851,3449.49,112.527,0.000806,121.35,262.951,0,0,0,534.088,8.67659,148.161,0,26.594,0,0,0,0.001037,85.1749,60.1522,35.8933,43.157,0,0,0,0,0,0,0,0,0,0,0,7.99616,15.4671,15.0149,52.1847,0,48.4766,3189.18,4.98646,0,0,0,142.744,83.4165,1250.92,2547.2,6680.07,3409.08,0,0,0,0,0,0,12.18125,-0.096676,0.752255,-1.471729,0,0,0,1.191052,0.212751,0.144406,0.453776,-36.544702,-72.04018,-39.001281,-36.431011,16.00068,47.251144,128.479687,-13.921534,-5.687432,-54.54429,3.616799,174.719593,27.707645,-5.456572,-33.209954,7.237894,11.779187,-60.519819,34.979815,18.127743,-9.013224,-1.800025,-12.224349,-1.052932,1.460439,0,0,0,0,0,0,0,0,0
5.24,47.3092,14.4357,82.198,65.9857,49.529,12.8804,436.167,100.534,0,0,0,0,375.376,0.000434,171.283,496.211,362.311,21.8146,0,481.654,9.24399,27.7207,49.6127,68.144,15.7965,114.47,246.596,0,218.062,0,2.32427,3434.67,101.639,0.000714,132.478,202.759,0,0,0,506.849,5.57844,132.177,0,31.1235,0,0,0,0,78.8003,56.1529,37.4158,47.1715,0,0,0,0,0,0,0,0,0,0,0,4.23536,7.94713,16.2186,55.3021,0,40.9323,3311.85,3.15313,0,0,0,137.34,69.9003,1280.04,2788.4,7305.44,3760.65,0,0,0,0,0,0,12.118516,-0.045554,0.776945,-1.445808,0,0,0,2.456067,0.247442,0.336369,0.356394,-7.864143,-111.471805,-32.395651,-33.83859,16.854062,45.082836,119.868375,-14.533608,-3.798505,-53.084431,3.433635,167.535839,25.590314,-4.883026,-32.846003,7.120496,24.588196,-60.847957,36.622802,15.754144,-8.937701,-2.227806,-11.707017,-1.306176,1.212452,0,0,0,0,0,0,0,0,0
5.245,38.8044,10.045,84.5698,67.0369,47.4735,11.1117,364.021,85.3662,0,0,0,0,455.412,0.000519,186.674,527.909,389.256,22.4689,0,635.934,9.12572,30.4371,44.6312,53.7773,12.8777,125.721,278.398,0,87.7943,0,1.74941,3419.84,90.9173,0.001001,144.616,127.003,0,0,0,387.414,2.90503,117.48,0,36.3193,0,0,0,0,72.2759,52.0639,38.9968,51.3374,0.000004,0,0,6.14118,0,0,0,0,0,0.000005,0,1.29881,1.21772,17.4256,58.5371,0,33.3787,3394.98,1.31718,0,0,0,129.855,56.2176,1311.56,2995.53,7855.6,4077.04,0,0,0,0,0,0,12.065597,0.009379,0.808406,-1.413966,0,0,0,3.760833,0.279249,0.530678,0.25523,7.627671,-140.313944,-26.430544,-28.987946,19.871003,33.741739,111.269696,-7.509662,-2.174248,-54.080891,4.356341,157.821208,24.277597,-4.679383,-32.137435,6.898744,37.646956,-60.129909,38.015773,13.334374,-8.784902,-2.57116,-11.14601,-1.586654,0.966362,0,0,0,0,0,0,0,0,0
5.25,31.5012,6.05807,85.5355,67.9853,44.6212,9.27262,290.927,69.9021,0,0.003633,0,0,553.931,0.000497,203.108,559.415,416.656,23.0784,0,867.853,8.85307,33.7113,43.3801,41.9947,10.8234,136.259,314.075,0,30.4568,0,1.23246,3404.71,80.3385,0.000845,158.254,44.8272,0.000001,0,0,508.576,0.67824,103.979,0,42.1492,0,0,0,0.032747,65.8954,48.0336,40.5651,55.4702,0,0,0,58.2341,0,0,0,0,0,0.000001,0.000006,0.000022,0,18.5829,61.7447,0,25.9998,3439.73,0.000631,0,0,0,120.652,43.0702,1344.38,3163.75,8334.39,4350.99,0,0,0,0,0,0,12.031183,0.067184,0.846598,-1.375753,0,0,0,5.084134,0.308661,0.725438,0.152786,26.91925,-195.892937,-17.093455,-22.94065,23.832669,16.677552,97.793733,0.267985,0.362404,-45.288749,5.829676,145.922717,23.50826,-4.749815,-31.178055,6.5795,50.66328,-58.427548,39.033431,10.904513,-8.549882,-2.814786,-10.490205,-1.880389,0.731822,0,0,0,0,0,0,0,0,0
5.255,26.094,3.05754,84.9707,68.5455,41.3425,7.6418,222.494,56.1044,0,0.003564,0,6.1841,666.18,25.9324,218.847,587.144,437.376,23.4005,0,1156.88,8.90332,37.35,44.4587,32.1455,9.94148,142.254,349.13,0,16.1875,0,0.815913,3388.78,69.9458,0.000802,174.064,0.041408,0,0,0,735.915,0.000289,91.5155,0,48.5447,0,0,0,0.010523,59.8837,44.2163,42.0633,59.4284,0,0,18.9508,41.9079,9.70438,0,0,0.000009,0,0,0.000001,0,0,19.6557,64.8106,0,18.9784,3447.34,0,0,0,0,110.264,31.0837,1377.33,3294.97,8769.67,4595.33,0,0,0,0,0,0,12.020842,0.126505,0.890683,-1.330867,0,0,0,6.399209,0.336197,0.917934,0.051542,49.180032,-279.169119,-5.779423,-15.368317,28.64093,-3.606828,81.486423,8.333392,3.656574,-36.721186,7.050699,132.272011,23.192162,-5.087691,-30.06129,6.173681,63.323034,-55.861784,39.567764,8.496659,-8.231117,-2.949626,-9.701,-2.176458,0.517716,0,0,0,0,0,0,0,0,0
5.26,22.8667,1.25993,82.4657,67.8264,37.7991,6.4782,161.706,45.3487,0,0.001503,0,29.3395,704.976,191.268,230.775,604.465,442.11,24.2837,0,1411.14,8.925,40.8961,47.6757,24.3381,10.6024,141.878,371.849,0,12.3404,0,0.579452,3371.48,60.1494,0.000798,192.684,0,0,105.293,0,1051.05,0,79.9421,0.000003,55.395,0,0,0,0.000503,54.3225,40.7126,43.465,63.1589,0,0,28.3735,51.4124,51.9522,0,0,0.000007,0,0,0,0.000186,0.011185,20.6422,67.6908,0,12.5308,3430.29,0,0,0,0,99.3533,20.5709,1409.54,3389.08,9146.63,4806.63,0,0,0,0,0,0,12.03605,0.185597,0.939045,-1.279285,0,0,0,7.675221,0.362219,1.104603,-0.046454,71.92977,-383.693203,5.295285,-5.840198,34.003804,-23.85122,62.819707,14.509159,6.852524,-25.973714,8.611675,117.402044,23.123891,-5.592074,-28.870241,5.696591,75.311848,-52.604029,39.539791,6.13818,-7.83124,-2.973391,-8.75637,-2.468462,0.329777,0,0,0,0,0,0,0,0,0
5.265,21.7327,0.515359,77.5949,64.7507,34.0597,5.93257,104.075,37.8954,0,0.000264,0,47.6158,773.494,324.576,235.539,604.176,424.375,24.0499,181.999,1536.09,8.49258,43.7959,50.3859,18.991,12.9811,138.468,371.344,0,12.0203,0,0.59862,3260.28,50.9813,0.000596,214.523,0,0,327.434,0,1317.56,0.001821,69.1334,0.000002,62.5706,0,0,0,0,49.2229,37.5582,44.7615,66.6534,0,0,24.2873,62.5606,37.2666,0,0,0.000006,0,0,0,0.004791,0.009541,21.551,70.3772,0,6.82906,3395.42,0.003936,0,0,0,88.6098,11.7088,1440.41,3434.25,9470.96,4985.91,0,0,0,0,0,0,12.073672,0.242386,0.989385,-1.221381,0,0,0,8.879227,0.386781,1.281179,-0.139842,92.377199,-496.927198,13.379398,6.212539,39.460058,-40.450649,41.335176,24.027284,6.570936,-14.423096,8.58547,101.878343,22.998625,-6.052709,-27.66803,5.166847,86.337003,-48.86343,38.904657,3.851414,-7.35762,-2.890638,-7.653789,-2.754807,0.16918,0,0,0,0,0,0,0,0,0
5.27,22.3935,0.558902,70.2536,58.4221,30.1394,6.03189,56.8215,33.5377,0,0,0.250784,63.5826,910.817,426.903,230.984,582.113,384.111,21.024,461.004,1490.7,7.36469,45.5326,51.343,15.5338,16.8964,139.587,379.822,0,15.1496,0,0.934612,3024.45,42.3579,0.000415,239.809,0.085058,0.000026,476.164,0,1714.36,0.003305,59.0577,0,69.9298,0,0,0,0,44.5619,34.7346,45.9583,69.9315,0,0,29.5858,71.8504,46.5833,0,0,0.000005,0,0,0,0.00125,0.003027,22.3956,72.8873,0,2.08141,3348.08,0.001515,0,0,0,78.4706,4.81847,1469.62,3436.86,9747.48,5135.03,0,0,0,0,0,0,12.125968,0.294563,1.038904,-1.157996,0,0,0,9.978501,0.409567,1.443005,-0.228,110.491197,-604.744234,18.50202,19.195577,43.976702,-48.683422,16.752215,32.485586,3.852934,-3.260609,8.628799,86.256122,22.806356,-6.467096,-26.511911,4.6055,96.146877,-44.870493,37.649885,1.653741,-6.822658,-2.712328,-6.411335,-3.037501,0.032636,0,0,0,0,0,0,0,0,0
5.275,24.4781,1.5418,60.9725,48.4266,26.0457,6.69666,20.5252,31.9521,0,0,6.0627,85.686,1031.89,535.47,217.326,539.37,326.165,15.3271,672.962,1362.36,5.61827,45.9079,50.6888,13.3183,21.8392,150.622,412.291,0,20.9733,0,1.57804,2725.83,34.3751,0.000358,268.822,0.045027,0,537.04,124.15,2174.28,0.001005,49.6484,0,77.3847,0,0,0,0,40.2952,32.1885,47.0672,73.0274,0,0,34.0372,81.5923,56.4764,0.000011,0,0.000004,0,0,0,0,0,23.1911,75.25,0,0.000056,3292.37,0.000295,0,0,0.00007,68.9631,0.375306,1497.1,3431.67,9974.02,5252.04,0,0,0,0,0,0,12.181114,0.339746,1.084535,-1.090425,0,0,0,10.942995,0.42992,1.585459,-0.310886,128.492305,-695.399462,23.150927,29.511301,45.733524,-44.314181,-4.308047,33.776871,1.834539,7.45835,6.297205,70.965548,22.260919,-6.597186,-25.432983,4.034054,104.546031,-40.858385,35.788349,-0.442057,-6.243711,-2.454877,-5.06637,-3.319599,-0.086081,0,0,0,0,0,0,0,0,0
5.28,27.6499,3.76865,50.9124,35.3959,21.8925,7.79443,0.009894,32.8933,0,0,13.2526,109.755,971.265,650.976,197.303,482.284,259.02,8.04038,801.058,1207.96,3.623,161.989,66.801,11.9029,27.2128,157.955,447.22,0,27.8724,0.000094,2.42947,2406.13,27.158,486.965,301.712,0.021314,13.579,578.827,524.228,2332.63,0,40.8042,0,84.9078,0,0,0,0,36.3897,29.8758,48.0974,75.9582,0,0,38.094,92.249,64.9669,0.000009,0.000007,0.000003,0,0,0,0,0,23.9434,77.4825,0,0,3231.09,0,0,0,0,60.0929,0,1522.86,3429.6,10144.6,5331.39,0,0,0,0,0,0,12.224227,0.37568,1.123211,-1.020318,0,0,0,11.747705,0.446935,1.704419,-0.388752,146.542619,-762.755079,30.541984,33.49994,44.024856,-27.266806,-15.50108,30.928449,-1.519465,15.63878,13.913066,56.409758,21.420036,-6.487631,-24.463594,3.474076,111.404884,-37.043576,33.348849,-2.42718,-5.642493,-2.138728,-3.671451,-3.601926,-0.193721,0,0,0,0,0,0,0,0,0
5.285,31.7135,6.84072,41.3319,21.0501,18.0005,9.1332,0,36.3175,0,0,19.0292,132.154,917.202,759.658,175.102,421.283,195.164,0.768296,817.068,1045.74,1.96944,366.705,94.6803,11.0213,32.5013,162.316,482.353,0,34.7054,0.00087,3.37407,2081.69,20.9782,789.222,359.601,0.002451,70.2974,621.969,703.421,2500.46,0,32.4216,0,92.5292,0,0,0,0,32.8202,27.7623,49.0546,78.7319,0,0,42.66,103.443,74.0923,0.000007,0.000006,0.000002,0,0,0,0,0,24.6546,79.5924,0,0.000103,3164.48,0,0,0,0,52.0285,0,1546.95,3427.59,10243.7,5361.99,0,0,0,0,0,0,12.238849,0.400431,1.152152,-0.949495,0,0,0,12.374683,0.459608,1.796687,-0.461834,161.207518,-807.73047,41.043776,30.35922,39.563823,-2.501234,-20.216093,24.03786,-4.967179,11.732817,11.163083,42.882395,20.238314,-6.104068,-23.62132,2.946103,116.663791,-33.607543,30.367464,-4.295992,-5.043824,-1.786493,-2.287714,-3.880118,-0.295174,0,0,0,0,0,0,0,0,0
5.29,36.5109,10.2189,33.209,8.36753,14.8356,11.0275,0,42.3402,0,0.000003,24.2525,153.65,968.919,859.06,154.482,366.792,144.404,0,783.249,909.989,0.847434,515.839,121.657,10.7098,102.566,170.197,518.712,18.1189,40.9043,0,4.30591,1767.81,16.1619,997.987,442.167,0,146.341,660.074,768.147,2723.14,0,24.3891,0,100.424,0,0,0,0,29.5917,25.8389,49.9374,81.3308,0,0,47.7697,115.221,84.1425,0.000006,0.000005,0.000002,0,0,0,0,0,25.3175,81.5683,0,0.008232,3090.47,0,0,0,0.000048,44.7673,0.011315,1569.37,3424.34,10260.5,5360.75,0,0,0,0,0,0,12.208692,0.412538,1.169132,-0.879708,0,0,0,12.814446,0.466989,1.860295,-0.530117,167.885785,-836.867472,52.452694,21.962418,33.926039,23.324027,-24.45376,14.208669,-5.623666,3.461519,6.75938,30.57278,18.687906,-5.433546,-22.912379,2.467933,120.331866,-30.681023,26.882288,-6.045122,-4.473758,-1.420844,-0.976675,-4.143039,-0.391963,0,0,0,0,0,0,0,0,0
5.295,41.8135,13.8539,26.9852,0.814609,12.7786,13.2471,0.048665,51.0538,0,0.000003,28.9599,173.041,1002.4,917.576,137.522,323.486,106.797,0,723.034,812.862,0,559.693,140.175,11.0272,184.185,180.389,553.769,59.2109,46.1518,0.001254,5.13345,1479.64,12.9576,1367.08,537.848,0,218.084,687.379,819.801,2871.58,0,16.6584,0,108.843,0,0,0,0,26.7162,24.1073,50.742,83.7321,0,0,53.3852,127.679,94.8145,0.000005,0.000004,0.000002,0,0,0,0,0,25.9241,83.3928,0,0.002779,3006.3,0,0,0,0,38.1183,0.004918,1590.07,3420.15,10247.3,5354.79,0,0,0,0,0,0,12.119388,0.411139,1.172704,-0.812402,0,0,0,13.066628,0.46831,1.894662,-0.593245,163.445053,-858.32305,61.758991,11.28946,28.626786,45.309199,-28.385769,2.751947,-1.868264,-4.495401,4.686782,19.595283,16.841614,-4.573054,-22.335142,2.053291,122.481092,-28.33201,22.932798,-7.67262,-3.957303,-1.0624,0.208129,-4.373368,-0.482123,0,0,0,0,0,0,0,0,0
5.3,46.9625,17.874,22.7028,0,12.0269,15.9631,0.025302,62.4264,0,0.000001,33.2257,189.928,922.354,974.613,124.529,290.225,81.0808,0.012553,649.977,737.744,0,519.643,146.699,12.0342,162.847,190.994,586.671,98.9088,50.2462,47.3796,5.78457,1227.15,11.4679,1830.89,628.369,0,290.284,702.117,870.1,2958.59,0,9.31531,0,118.079,0,0,0,0,24.2011,22.5709,51.4661,85.9184,0,0,59.5739,140.903,106.167,0.000004,0.000003,0.000001,0,0,0,0,0,26.4701,85.0523,0,0.000028,2908.44,0,0,0,0,31.8401,0.000468,1609,3415.36,10234.2,5349.69,0,0,0,0,0,0,11.959975,0.396055,1.162353,-0.748518,0,0,0,13.139766,0.463064,1.900572,-0.650609,147.158403,-878.632838,66.320516,1.232991,24.531084,61.483202,-31.126026,-8.711132,5.504801,-7.137499,0.904955,9.993196,14.770753,-3.630481,-21.877081,1.711579,123.236347,-26.558584,18.563446,-9.177231,-3.516064,-0.727925,1.228057,-4.550443,-0.561435,0,0,0,0,0,0,0,0,0
5.305,50.8264,22.1347,20.1108,0,12.6506,18.9892,0.009457,76.0466,0,0,36.9667,204.08,847.926,1070.11,114.755,263.934,69.3485,0.010231,572.943,680.662,0,447.629,142.816,13.8685,105.974,200.173,616.458,136.936,53.1397,301.183,6.23539,1015.6,11.6782,2264.03,694.943,0.000163,354.086,705.646,911.614,2944.8,0,2.9003,0,128.447,0,0,0,0,22.0257,21.2194,52.1125,87.8915,0,0,66.3151,154.887,118.284,0.000003,0.000002,0.000001,0,0,0,0,0,26.9591,86.5485,0,0,2794.19,0,0,0,0,25.7237,0,1626.18,3410.13,10221.5,5343.6,0,0,0,0,0,0,11.723944,0.367839,1.138553,-0.68839,0,0,0,13.050236,0.451026,1.880002,-0.701556,119.724805,-901.316861,64.813094,-6.302127,21.791592,71.750831,-41.928355,-16.183243,14.309185,-3.763138,-1.896701,1.760851,12.548422,-2.718737,-21.515081,1.44768,122.762105,-25.287518,13.829736,-10.557811,-3.166181,-0.429097,2.063534,-4.654765,-0.625516,0,0,0,0,0,0,0,0,0
5.31,52.5152,26.2938,18.837,0.006972,14.6675,22.012,0,91.0806,0,0,39.8135,214.677,932.261,1166.2,107.41,241.268,66.9738,0.004859,498.185,637.679,0.003106,376.372,131.079,16.5942,74.6972,205.662,639.545,163.819,54.9031,472.8,6.50215,850.211,13.5066,2605.36,726.632,0.000099,406.727,700.025,935.195,2866.79,0,0,0,140.244,0,0,0,0,20.1413,20.0267,52.6909,89.6764,0,0,73.5435,169.58,131.222,0.000002,0.000002,0.000001,0,0,0,0,0,27.4008,87.9018,0,0,2661.66,0,0,0,0.000021,19.6479,0,1641.7,3404.67,10207.2,5336.47,0,0,0,0,0,0,11.409726,0.327763,1.102718,-0.631767,0,0,0,12.820479,0.432231,1.835809,-0.74565,82.173066,-926.813673,57.376425,-10.593461,20.062066,76.550838,-48.88093,-22.996411,22.455979,-9.861337,-0.5149,-5.140527,10.228763,-1.922406,-21.216066,1.26234,121.246865,-24.379354,8.804328,-11.812888,-2.91692,-0.172066,2.714803,-4.672972,-0.67204,0,0,0,0,0,0,0,0,0
5.315,51.6975,30.0638,18.5368,0.006572,17.7976,24.7521,0,107.05,0,0,41.7891,221.605,895.915,1255.15,101.943,221.548,67.7312,0.000876,431.796,598.458,0.001715,318.055,114.701,20.1315,62.2292,208.058,655.459,179.831,55.6513,524.302,6.61977,716.236,16.5501,2835.77,737.013,0,449.383,687.277,941.78,2755.76,0,0,10.8498,153.754,0,0,0,0,18.49,18.9631,53.2129,91.3062,0,0,81.1851,184.918,145.048,0.000002,0.000002,0.000001,0,0,0,0,0,27.8063,89.138,0,0,2510.84,0,0,0,0,13.5648,0,1655.73,3399.29,10192.4,5329.06,0,0,0,0,0,0,11.020565,0.277769,1.057043,-0.577943,0,0,0,12.476704,0.406921,1.771355,-0.782886,35.715069,-953.145438,45.164398,-11.730776,18.822,76.397454,-52.11244,-28.467416,28.871626,-17.22988,-6.004922,-10.762449,7.86122,-1.30275,-20.939096,1.15268,118.886632,-23.640123,3.580876,-12.94031,-2.770172,0.042148,3.199367,-4.601912,-0.702377,0,0,0,0,0,0,0,0,0
5.32,50.2218,33.2252,18.9855,0.003074,21.561,27.0785,0,124.336,0.000008,0,43.1035,225.161,924.635,1327.14,98.0334,204.645,70.0869,0,379.308,557.199,0.000801,274.797,97.098,24.2047,56.0125,208.652,665.174,184.112,55.5104,531.837,6.62235,605.08,20.3075,2966.67,740.658,0,484.553,669.106,935.42,2631,0,0,13.1346,169.249,0,0,0,0,17.0149,17.9987,53.6905,92.8146,0,0,89.1734,200.823,160.036,0.000001,0.000001,0,0,0,0,0,0,28.1854,90.2843,0,0,2343.36,0,0,0,0,7.54498,0,1668.5,3394.18,10178.1,5321.81,0,0,0,0,0,0,10.563878,0.220382,1.004232,-0.525974,0,0,0,12.046368,0.375499,1.690094,-0.813785,-17.765332,-976.896313,29.795506,-10.164942,17.576186,72.117901,-55.675036,-31.246531,33.19507,-25.965796,-10.104658,-15.155097,5.494564,-0.895399,-20.637571,1.113011,115.869159,-22.839179,-1.725968,-13.936937,-2.720919,0.216477,3.546884,-4.450674,-0.722217,0,0,0,0,0,0,0,0,0
5.325,47.6684,35.6749,20.0741,0.000553,26.108,29.0156,0,142.278,0,0,43.9568,225.725,892.234,1366.09,94.1144,190.263,74.4068,0,342.473,514.825,0.000188,246.121,80.8421,28.3895,52.0582,208.508,669.531,167.999,54.8366,494.606,6.5334,515.833,24.5857,3002.72,750.172,0,512.369,646.986,919.876,2500.85,0,0.011162,12.397,187.021,0,0,0,0,15.6878,17.1203,54.1301,94.2162,0.000012,0,97.442,217.458,176.607,0.000001,0.000001,0,0.000004,0,0,0,0,28.5402,91.3518,0,0,2162.18,0,0,0,0,2.03856,0,1680.16,3389.47,10164.9,5314.86,0,0,0,0,0,0,10.0503,0.158553,0.947165,-0.474939,0,0,0,11.555711,0.338494,1.595213,-0.839323,-75.406786,-994.138507,13.2295,-6.648092,15.91736,65.079692,-58.988188,-31.556291,35.227694,-32.017044,-17.45013,-18.358201,3.180222,-0.711293,-20.261672,1.135777,112.360642,-21.731849,-6.984821,-14.798298,-2.758499,0.356121,3.792655,-4.240005,-0.741029,0,0,0,0,0,0,0,0,0
5.33,44.8212,37.3981,21.6936,0,30.6377,30.626,0,159.419,0,0,44.4978,223.672,941.762,1375.53,88.842,177.868,80.7948,0,319.804,478.126,0.000041,229.409,67.161,32.2424,49.5135,207.756,669.307,117.601,53.9663,455.134,6.3883,447.764,29.4539,2946.8,768.249,0,534.66,622.037,897.249,2367.84,0,0.003687,15.0784,207.209,0,0,0,0,14.5055,16.3272,54.5324,95.5087,0,0,105.914,235.24,195.187,0.000001,0.000001,0,0.000003,0,0,0,0,28.8671,92.3382,0,0,1970.93,0,0,0,0,0,0,1690.81,3385.17,10152.6,5308.22,0,0,0,0,0,0,9.492619,0.095443,0.888547,-0.424169,0,0,0,11.027657,0.296561,1.48937,-0.8607,-133.628081,-1000.994097,-2.330807,-2.207892,13.582327,57.00933,-62.756901,-30.086026,35.163139,-37.86678,-21.789438,-20.396577,0.973607,-0.739644,-19.760958,1.212536,108.49624,-20.084881,-12.055481,-15.518263,-2.868335,0.466726,3.97101,-3.999222,-0.770551,0,0,0,0,0,0,0,0,0
5.335,41.8157,38.4255,23.7368,0,34.8409,31.9901,0,174.955,0,0,44.7786,219.161,886.323,1352.75,84.947,166.901,87.3903,0.000026,307.715,449.735,0.000027,221.39,56.2594,35.6384,47.7008,206.364,664.571,63.1436,52.5409,392.382,6.21723,398.405,35.0391,2793.32,790.942,0,550.881,595.069,868.58,2232.98,0,0,17.9123,229.792,0,0,0,0,13.4787,15.6257,54.8953,96.6799,0,0,114.633,254.029,216.076,0.000001,0.000001,0,0.000002,0,0,0,0,29.1607,93.2327,0,0,1774.22,0,0,0,0,0,0,1700.49,3381.23,10141.1,5301.86,0,0,0,0,0,0,8.904803,0.034164,0.830605,-0.373431,0,0,0,10.480282,0.250505,1.374591,-0.879008,-188.836295,-993.862601,-14.749568,2.066733,10.513409,49.429846,-64.169183,-27.524189,34.389072,-39.733627,-30.338288,-21.27937,-1.067117,-0.951879,-19.087187,1.334888,104.375057,-17.702212,-16.799041,-16.088824,-3.033736,0.552856,4.109672,-3.761334,-0.822671,0,0,0,0,0,0,0,0,0
5.34,38.7932,38.8372,26.0838,0,38.5081,33.1993,0,188.863,0,0,44.825,212.235,900.016,1296.7,81.674,156.516,91.9699,0.000052,302.574,424.729,0.000042,219.628,47.9157,38.8212,46.2573,204.159,655.415,26.3646,50.9839,352.905,6.0942,363.749,41.4139,2537.99,815.162,0,561.824,566.458,834.127,2096.09,0,0,20.5837,254.564,0,0,24.4657,0,12.629,15.0285,55.2135,97.708,0,0,123.926,274.015,239.385,0,0,0,0.000001,0,0,2.39283,0,29.4133,94.0176,0,0,1577.54,0,0,0,0,0.002256,0,1709.16,3377.56,10130.3,5295.66,0,0,0,0,0,0,8.301132,-0.022467,0.774907,-0.322994,0,0,0,9.925995,0.201333,1.252327,-0.894866,-237.930478,-969.656789,-22.321173,5.294807,6.8625,43.281865,-64.541094,-24.076964,33.861474,-40.51972,-36.630396,-21.00172,-2.884676,-1.305859,-18.197486,1.49528,100.059205,-14.448498,-21.088332,-16.500132,-3.237452,0.61705,4.225873,-3.557488,-0.907136,0,0,0,0,0,0,0,0,0
5.345,35.9128,38.7766,28.6354,0,41.35,34.372,0,201.488,0,0,44.589,202.729,861.889,1202.98,78.0976,145.801,92.0733,0.00004,301.334,395.124,0.000044,222.309,41.802,42.2378,45.1134,201.015,641.488,7.53453,49.5726,311.676,6.05716,339.878,48.5795,2174.28,839.337,0,566.32,536.271,793.598,1956.7,0,0,23.4051,281.11,0,0,74.9165,0,11.9959,14.5596,55.4776,98.5566,0,0,133.07,295.178,264.962,0,0,0,0,0,0,6.87578,0,29.6116,94.6625,0,0,1386.8,0,0,6.4043,0,0.008901,0,1716.66,3374.12,10120.1,5289.57,0,0,0,0,0,0,7.695402,-0.072086,0.722299,-0.273599,0,0,0,9.371401,0.150344,1.12367,-0.908117,-278.197992,-926.211246,-23.947489,6.915795,2.923951,39.137652,-62.963967,-21.021984,33.620153,-38.130684,-46.123632,-19.54762,-4.427963,-1.750038,-17.058,1.687608,95.575859,-10.268133,-24.816964,-16.740887,-3.462794,0.659616,4.32455,-3.411916,-1.029502,0,0,0,0,0,0,0,0,0
5.35,33.2927,38.4191,31.3295,0,42.824,35.6264,0,213.211,0,0,44.0905,190.557,806.662,1069.6,73.8759,134.095,84.9242,0.000014,301.44,355.202,0.000037,227.262,37.6688,46.2401,44.2663,197.118,623.081,1.01214,48.6447,267.995,6.10378,324.168,56.4597,1701.57,865.466,0,565.335,504.446,746.583,1813.19,0,0,26.2562,308.817,0,0,90.8111,0,11.6262,14.2478,55.6752,99.179,0,0,142.203,317.333,292.335,0,0,0,0,0,0,6.47054,0,29.7412,95.1293,0,0,1210.62,0,0,25.8657,0,0.002745,0,1722.81,3370.89,10110.4,5283.6,0,0,0,0,0,0,7.100241,-0.112856,0.673002,-0.226323,0,0,0,8.817826,0.099195,0.989674,-0.917663,-307.113182,-862.612543,-19.241245,6.74556,-0.951222,37.540666,-59.689848,-18.877776,33.414141,-33.854113,-58.337601,-16.893087,-5.657778,-2.227542,-15.647985,1.907593,90.921157,-5.197963,-27.9057,-16.79911,-3.694206,0.679161,4.398674,-3.338333,-1.189668,0,0,0,0,0,0,0,0,0
5.355,30.9922,37.913,34.1079,0,42.2077,37.0527,0,224.329,0,0,43.3131,175.666,725.896,895.516,69.0017,121.04,68.4046,0.000026,300.958,304.566,0.00003,231.879,35.4074,50.866,43.7075,192.645,600.441,0,48.9484,221.044,6.22958,315.016,64.8829,1127.18,893.524,0,558.426,470.934,692.896,1663.3,0,0,28.9319,336.89,0,0,101.048,0,11.5455,14.1088,55.7975,99.5446,0,0,151.255,340.123,320.54,0,0,0,0,0,0,7.38697,0,29.7944,95.3929,0,0,1055.32,0,0,24.3369,0.00011,0,0,1727.39,3367.94,10101.4,5277.85,0,0,0,0,0,0,6.526621,-0.143533,0.626835,-0.182403,0,0,0,8.262493,0.049859,0.851709,-0.921512,-322.578604,-779.197169,-8.590271,5.012154,-4.429077,38.914783,-54.759937,-17.695128,32.981547,-28.014273,-74.461428,-13.009269,-6.5517,-2.680327,-13.964161,2.152875,86.065068,0.627507,-30.305756,-16.663286,-3.9173,0.673743,4.43163,-3.338359,-1.381262,0,0,0,0,0,0,0,0,0
5.36,29.001,37.3308,36.9322,0,39.9662,38.7015,0,234.982,0,0,42.252,158.266,625.006,683.906,63.6454,106.716,40.8308,0.000021,298.745,245.108,0.000024,234.349,34.8162,55.764,43.3919,187.751,574.127,0,50.5916,167.27,6.42063,311.528,73.6526,491.56,920.193,0.000061,545.992,435.901,633.027,1503.94,0,0,31.3223,364.385,0,0,117.82,0,11.7337,14.1326,55.8447,99.6559,0,0,160.18,363.142,348.476,0,0,10.6986,0,0,0,8.86885,0,29.7758,95.4561,0,0,916.437,0,0,25.8394,0.00003,0,0,1730.31,3365.32,10089.5,5272.42,0,0,0,0,0,0,5.983566,-0.163521,0.583513,-0.143025,0,0,0,7.700188,0.004448,0.711765,-0.917037,-323.342373,-677.401911,6.910893,2.289065,-7.252702,43.271598,-48.18001,-17.243323,32.093729,-21.593338,-93.88881,-7.865701,-7.106836,-3.053644,-12.024851,2.422816,80.956318,6.978985,-31.999196,-16.323816,-4.118567,0.642321,4.401171,-3.402083,-1.591967,0,0,0,0,0,0,0,0,0
5.365,27.2537,36.6547,39.7981,0,36.8839,40.6004,0.000038,245.116,0,0,40.8571,138.948,507.879,443.53,58.2929,91.7595,14.6738,0.000019,294.928,182.45,0.000019,234.62,35.4609,60.4796,62.6209,182.319,544.751,0.01395,53.3358,120.071,6.65847,313.227,82.6142,5.80672,943.172,0.000089,527.361,400,568.618,1332.22,0,0,33.3662,390.638,0,0,140.134,0,12.1304,14.287,55.8259,99.5471,0,0,168.914,385.88,375.066,0,0,24.4362,0,0,0,10.2812,0,29.7004,95.347,0,0,792.718,0,99.3642,30.8963,0.000004,0,0,1731.64,3363.02,10032.2,5258.08,0,0,0,0,0,0,5.477899,-0.172863,0.542921,-0.10912,0,0,0,7.125052,-0.035014,0.572618,-0.901396,-309.174031,-559.676159,25.664283,-0.682118,-9.283078,50.128919,-40.431579,-17.105005,30.821637,-14.674937,-109.000167,-1.435664,-7.34427,-3.296116,-9.873087,2.718068,75.526437,13.543178,-32.996987,-15.774555,-4.285139,0.586,4.284113,-3.510511,-1.804693,0,0,0,0,0,0,0,0,0
5.37,25.6775,35.8344,42.8734,0,33.4592,42.7698,0.000214,254.475,0,0.000006,39.0089,118.567,382.473,193.459,53.2908,77.3392,0.002233,0.000016,290.722,136.274,0.000016,233.289,36.6716,64.4136,226.745,175.832,512.884,0.012265,56.9286,83.3639,92.4386,319.801,91.7267,0.195536,960.846,0.000105,501.576,364.461,502.5,1128.94,0,0,35.0106,415.117,0,0,164.114,0,12.6788,14.5439,55.7507,99.2535,0,0,177.423,407.841,399.372,0,0,18.603,0,0,0,11.7326,0.000002,29.579,95.0946,0,0,685.171,0,162.951,36.4722,0,0,0,1731.5,3360.93,9915.11,5210.55,0,0,0,0,0,0,5.013937,-0.172124,0.505282,-0.081165,0,0,0,6.532142,-0.066793,0.437789,-0.872001,-280.833882,-429.407792,45.850886,-3.212398,-10.509673,58.606025,-38.259064,-14.836577,29.155761,-11.323692,-105.643892,6.299281,-7.300627,-3.370192,-7.578099,3.039796,69.692561,19.940617,-33.33541,-15.014209,-4.404837,0.508721,4.060861,-3.639317,-1.999387,0,0,0,0,0,0,0,0,0
5.375,24.1575,34.7695,46.3829,0,29.9266,45.2407,0.000256,262.684,0,0.000129,36.644,98.133,259.786,7.46606,49.0446,64.8797,0,0.000041,287.185,97.7323,0.000013,232.128,37.8904,66.606,332.901,168.051,479.457,0.003015,61.1238,56.6564,235.818,330.941,101.023,0,973.253,0.00009,468.852,330.971,438.021,871.036,0,0,36.2472,437.263,0,0,188.652,0,13.3444,14.8869,55.6261,98.7992,0,0,185.623,428.48,420.702,0,9.91224,20.4505,0,0,0,13.3893,0,29.4177,94.7192,0,0,593.905,0,192.811,42.0351,0.000002,0,0,1730.04,3358.83,9750.67,5129.31,0,0,0,0,0,0,4.593158,-0.162217,0.471173,-0.059027,0,0,0,5.918543,-0.089579,0.311326,-0.826949,-240.00933,-290.733026,65.673499,-4.83159,-11.037158,67.504272,-34.198183,-11.365202,28.445572,-13.591808,-99.01579,15.342895,-7.012198,-3.265371,-5.234197,3.388711,63.359255,25.749117,-33.0715,-14.047397,-4.466513,0.417274,3.719085,-3.763199,-2.155247,0,0,0,0,0,0,0,0,0
5.38,22.6313,33.4006,50.6052,0,26.5176,48.1173,0.000206,269.215,0,0,33.8122,78.5309,150.877,0,45.855,55.3084,0,0.000011,285.002,58.8985,0.000012,232.398,38.5118,66.6535,403.176,159.161,446,0,65.6269,37.1756,301.836,346.148,110.205,0.616944,981.246,0.000087,430.572,301.142,378.98,636.476,0,0,37.0502,456.456,0,0,214.185,0,14.1217,15.3138,55.4546,98.1908,0,0,193.501,447.471,438.59,0,18.1718,23.5576,0,0,0,15.2507,0,29.2157,94.226,0,0,517.919,0,224.142,48.2764,0.000033,0,0,1727.36,3356.37,9545.95,5021.54,0,0,0,0,0,0,4.213953,-0.144208,0.441388,-0.041867,0,0,0,5.283946,-0.102549,0.197429,-0.765335,-189.210289,-148.200481,83.451993,-5.318012,-11.069118,75.350516,-27.654988,-7.874329,27.471828,-17.035643,-84.32077,25.670059,-6.512677,-2.993854,-2.955523,3.764129,56.419959,30.531034,-32.278048,-12.88529,-4.460584,0.320709,3.256049,-3.860101,-2.253082,0,0,0,0,0,0,0,0,0
5.385,21.0947,31.6738,55.6904,0,23.2997,51.5137,0.000141,273.594,0,0,30.7025,60.664,65.501,0,44.101,48.4899,0.020615,0.000011,284.279,27.7324,0.000007,235.064,38.2634,66.4786,374.797,149.852,414.131,0,70.1826,22.8065,326.29,364.546,118.517,0.387885,985.537,99.836,389.852,276.109,328.702,452.682,0,0,37.4257,472.225,0,0,241.356,0,15.0277,15.8329,55.2344,97.4216,0,0,200.904,464.414,452.753,0,15.4922,25.7688,0,0,0,17.3292,0,28.9695,93.6093,0,0,455.152,0,271.116,55.4132,0.000112,0,0,1723.47,3352.93,9302.14,4888.89,0,0,0,0,0,0,3.871564,-0.11918,0.416705,-0.028142,0,0,0,4.630762,-0.105411,0.100009,-0.687415,-131.452883,-6.435184,97.988535,-4.872598,-10.93322,80.570395,-19.181002,-4.081352,27.241374,-17.23193,-73.521867,37.240863,-5.694297,-2.702436,-0.870109,4.162193,48.758743,33.862393,-31.038461,-11.545812,-4.379612,0.22936,2.679403,-3.914614,-2.277533,0,0,0,0,0,0,0,0,0
5.39,22.3164,29.5883,61.7423,0,23.4073,55.5513,0.000059,275.352,0,0.000032,27.6272,45.5445,15.7751,0.28095,43.8366,43.8391,0.003273,0.000009,281.138,9.5272,0.000007,238.608,36.296,68.4733,233.148,141.128,385.269,0,74.5569,12.6137,349.658,384.595,124.992,0.194258,986.564,168.279,351.027,257.276,290.382,305.19,0.000003,0,37.3525,484.185,0,0,271.481,0,16.1051,16.4664,54.9577,96.4645,0,0,207.697,479.002,463.007,0,16.6117,27.7997,0,0,0,19.6492,0,28.6688,92.8473,0,0,401.966,0,330.788,63.4065,0,0,0,1718.33,3321.48,9015.29,4730.07,0,0,0,0,0,0,3.558307,-0.088157,0.397595,-0.01571,0,0,0,3.96395,-0.098472,0.02227,-0.594611,-69.773981,130.159092,107.907924,-3.599938,-11.020212,81.866983,-10.903076,-0.234199,28.113696,-15.784316,-61.100611,49.914719,-4.585361,-2.40921,0.902135,4.577118,40.252978,35.362051,-29.441653,-10.053459,-4.218777,0.153695,2.006461,-3.92009,-2.218888,0,0,0,0,0,0,0,0,0
5.395,27.2411,27.8273,68.8168,0,29.324,60.2173,0,274.032,0.000028,0.000053,24.8851,34.0603,0.758658,0.207599,44.9237,41.4192,0,0,266.114,1.17341,0.000005,235.457,31.796,73.3319,134.573,133.771,360.254,0,78.6123,6.28795,348.972,403.778,128.777,0.00825,983.812,188.471,316.731,246.626,266.604,207.476,0.000001,0,36.7885,491.975,0,0,306.265,0,17.4335,17.2578,54.608,95.2632,0,0,213.652,490.836,469.158,0,18.938,29.8599,0,0,0,22.2325,0,28.2922,91.8952,0,0,354.138,0,397.616,72.2449,0,0,0,1711.69,3245.25,8677.9,4541.4,0,0,0,0,0,0,3.264072,-0.052108,0.383963,-0.00205,0,0,0,3.29056,-0.08268,-0.03364,-0.489379,-6.709779,257.372542,112.178355,-1.739711,-11.829963,78.67943,-8.478394,3.032713,28.274455,-11.175805,-47.000369,63.483189,-3.132179,-2.195071,2.259112,4.999085,30.777294,34.719236,-27.577101,-8.438791,-3.976153,0.103216,1.262001,-3.879316,-2.07432,0,0,0,0,0,0,0,0,0
5.4,34.3208,25.8544,76.7845,0,40.7609,65.2797,0,269.224,0,0.000033,22.7328,26.7361,0,0.106244,47.147,42.096,0,0.000007,231.737,0,0.000008,186.876,25.6507,80.0782,92.6634,128.254,339.728,0,82.3117,3.35699,305.822,418.63,129.303,0,979.352,206.308,288.848,245.959,258.925,159.103,0,0,35.6805,495.209,0,0,346.682,30.1413,19.116,18.264,54.162,93.7397,0,0,218.466,499.445,470.969,0,20.6062,31.5967,0,0,0,25.0875,0,27.814,90.6905,0,0,305.837,0,473.207,81.9331,0,0,0,1703.18,3130.61,8283.93,4319.81,0,0,0,0,0,0,2.977063,-0.012003,0.374977,0.015449,0,0,0,2.619011,-0.059581,-0.066862,-0.374961,55.870459,371.401084,110.364529,0.237406,-14.011728,71.231512,-11.848414,3.942512,26.831356,-2.374253,-34.474141,77.692367,-1.080793,-2.271635,3.129027,5.414278,20.209243,31.718129,-25.53015,-6.737653,-3.652737,0.085535,0.474769,-3.803836,-1.848463,0,0,0,0,0,0,0,0,0
5.405,41.593,23.4075,85.3219,0,56.1049,70.3562,0,260.597,0.000013,0.00001,21.351,23.5815,0.039472,0.006875,50.4103,47.5369,0,0.000006,171.405,0,0,107.57,19.712,87.1462,75.5647,124.781,324.286,0,85.6638,3.34604,240.663,425.249,126.331,0,976.417,232.131,268.539,256.403,267.925,141.015,0,0,34.0088,493.565,0,0,393.045,37.8249,21.2281,19.526,53.599,91.8326,0,0,221.715,504.183,468.2,0,21.6849,32.6425,0,0,0,28.2108,0,27.2176,89.1865,0,0,257.909,0,565.972,92.3913,0,0,0,1692.4,2977.27,7834.42,4062.63,0,0,0,0,0,0,2.684746,0.031108,0.369015,0.039151,0,0,0,1.958182,-0.031185,-0.077928,-0.255047,116.421325,469.39566,101.96562,2.114556,-18.15496,60.083753,-19.46048,3.717678,23.799406,9.400515,-24.695074,92.117573,1.654479,-2.6807,3.501429,5.805853,8.437474,26.258531,-23.377669,-4.990114,-3.252243,0.105715,-0.326901,-3.712061,-1.553327,0,0,0,0,0,0,0,0,0
